chapter_title,unit_title,unit_link,specialty,mean_score,median_score,word_count,figure_count
1: Essential Ideas,1.0: Introduction,https://chem.libretexts.org/Bookshelves/General_Chemistry/Chemistry_2e_(OpenStax)/01%3A_Essential_Ideas/1.00%3A_Introduction,General,0.5399999999999999,0.5285714285714286,339,1
1: Essential Ideas,1.1: Chemistry in Context,https://chem.libretexts.org/Bookshelves/General_Chemistry/Chemistry_2e_(OpenStax)/01%3A_Essential_Ideas/1.01%3A_Chemistry_in_Context,General,0.5399999999999999,0.5285714285714286,1741,5
1: Essential Ideas,1.2: Phases and Classification of Matter,https://chem.libretexts.org/Bookshelves/General_Chemistry/Chemistry_2e_(OpenStax)/01%3A_Essential_Ideas/1.02%3A_Phases_and_Classification_of_Matter,General,0.5399999999999999,0.5285714285714286,2871,13
1: Essential Ideas,1.3: Physical and Chemical Properties,https://chem.libretexts.org/Bookshelves/General_Chemistry/Chemistry_2e_(OpenStax)/01%3A_Essential_Ideas/1.03%3A_Physical_and_Chemical_Properties,General,0.5399999999999999,0.5285714285714286,1012,6
1: Essential Ideas,1.4: Measurements,https://chem.libretexts.org/Bookshelves/General_Chemistry/Chemistry_2e_(OpenStax)/01%3A_Essential_Ideas/1.04%3A_Measurements,General,0.5399999999999999,0.5285714285714286,2099,4
1: Essential Ideas,"1.5: Measurement Uncertainty, Accuracy, and Precision",https://chem.libretexts.org/Bookshelves/General_Chemistry/Chemistry_2e_(OpenStax)/01%3A_Essential_Ideas/1.05%3A_Measurement_Uncertainty_Accuracy_and_Precision,General,0.5399999999999999,0.5285714285714286,2021,10
1: Essential Ideas,1.6: Mathematical Treatment of Measurement Results,https://chem.libretexts.org/Bookshelves/General_Chemistry/Chemistry_2e_(OpenStax)/01%3A_Essential_Ideas/1.06%3A_Mathematical_Treatment_of_Measurement_Results,General,0.5399999999999999,0.5285714285714286,2465,2
1: Essential Ideas,1.7: Key Terms,https://chem.libretexts.org/Bookshelves/General_Chemistry/Chemistry_2e_(OpenStax)/01%3A_Essential_Ideas/1.07%3A_Key_Terms,General,0.5399999999999999,0.5285714285714286,134,1
1: Essential Ideas,1.8: Key Equations,https://chem.libretexts.org/Bookshelves/General_Chemistry/Chemistry_2e_(OpenStax)/01%3A_Essential_Ideas/1.08%3A_Key_Equations,General,0.5399999999999999,0.5285714285714286,134,0
1: Essential Ideas,1.9: Summary,https://chem.libretexts.org/Bookshelves/General_Chemistry/Chemistry_2e_(OpenStax)/01%3A_Essential_Ideas/1.09%3A_Summary,General,0.5399999999999999,0.5285714285714286,749,0
1: Essential Ideas,1.10: Exercises,https://chem.libretexts.org/Bookshelves/General_Chemistry/Chemistry_2e_(OpenStax)/01%3A_Essential_Ideas/1.10%3A_Exercises,General,0.5399999999999999,0.5285714285714286,2409,2
"2: Atoms, Molecules, and Ions",2.0: Introduction,https://chem.libretexts.org/Bookshelves/General_Chemistry/Chemistry_2e_(OpenStax)/02%3A_Atoms_Molecules_and_Ions/2.00%3A_Introduction,General,0.5399999999999999,0.5285714285714286,435,2
"2: Atoms, Molecules, and Ions",2.1: Early Ideas in Atomic Theory,https://chem.libretexts.org/Bookshelves/General_Chemistry/Chemistry_2e_(OpenStax)/02%3A_Atoms_Molecules_and_Ions/2.01%3A_Early_Ideas_in_Atomic_Theory,General,0.5399999999999999,0.5285714285714286,1328,7
"2: Atoms, Molecules, and Ions",2.2: Evolution of Atomic Theory,https://chem.libretexts.org/Bookshelves/General_Chemistry/Chemistry_2e_(OpenStax)/02%3A_Atoms_Molecules_and_Ions/2.02%3A_Evolution_of_Atomic_Theory,General,0.5399999999999999,0.5285714285714286,1587,6
"2: Atoms, Molecules, and Ions",2.3: Atomic Structure and Symbolism,https://chem.libretexts.org/Bookshelves/General_Chemistry/Chemistry_2e_(OpenStax)/02%3A_Atoms_Molecules_and_Ions/2.03%3A_Atomic_Structure_and_Symbolism,General,0.5399999999999999,0.5285714285714286,2893,6
"2: Atoms, Molecules, and Ions",2.4: Chemical Formulas,https://chem.libretexts.org/Bookshelves/General_Chemistry/Chemistry_2e_(OpenStax)/02%3A_Atoms_Molecules_and_Ions/2.04%3A_Chemical_Formulas,General,0.5399999999999999,0.5285714285714286,1613,10
"2: Atoms, Molecules, and Ions",2.5: The Periodic Table,https://chem.libretexts.org/Bookshelves/General_Chemistry/Chemistry_2e_(OpenStax)/02%3A_Atoms_Molecules_and_Ions/2.05%3A_The_Periodic_Table,General,0.5399999999999999,0.5285714285714286,1597,4
"2: Atoms, Molecules, and Ions",2.6: Molecular and Ionic Compounds,https://chem.libretexts.org/Bookshelves/General_Chemistry/Chemistry_2e_(OpenStax)/02%3A_Atoms_Molecules_and_Ions/2.06%3A_Molecular_and_Ionic_Compounds,General,0.5399999999999999,0.5285714285714286,2639,5
"2: Atoms, Molecules, and Ions",2.7: Chemical Nomenclature,https://chem.libretexts.org/Bookshelves/General_Chemistry/Chemistry_2e_(OpenStax)/02%3A_Atoms_Molecules_and_Ions/2.07%3A_Chemical_Nomenclature,General,0.5399999999999999,0.5285714285714286,2120,2
"2: Atoms, Molecules, and Ions",2.8: Key Terms,https://chem.libretexts.org/Bookshelves/General_Chemistry/Chemistry_2e_(OpenStax)/02%3A_Atoms_Molecules_and_Ions/2.08%3A_Key_Terms,General,0.5399999999999999,0.5285714285714286,134,1
"2: Atoms, Molecules, and Ions",2.9: Key Equations,https://chem.libretexts.org/Bookshelves/General_Chemistry/Chemistry_2e_(OpenStax)/02%3A_Atoms_Molecules_and_Ions/2.09%3A_Key_Equations,General,0.5399999999999999,0.5285714285714286,134,0
"2: Atoms, Molecules, and Ions",2.10: Summary,https://chem.libretexts.org/Bookshelves/General_Chemistry/Chemistry_2e_(OpenStax)/02%3A_Atoms_Molecules_and_Ions/2.10%3A_Summary,General,0.5399999999999999,0.5285714285714286,1195,0
"2: Atoms, Molecules, and Ions",2.11: Exercises,https://chem.libretexts.org/Bookshelves/General_Chemistry/Chemistry_2e_(OpenStax)/02%3A_Atoms_Molecules_and_Ions/2.11%3A_Exercises,General,0.5399999999999999,0.5285714285714286,1639,12
3: Composition of Substances and Solutions,3.0: Introduction,https://chem.libretexts.org/Bookshelves/General_Chemistry/Chemistry_2e_(OpenStax)/03%3A_Composition_of_Substances_and_Solutions/3.00%3A_Introduction,General,0.5399999999999999,0.5285714285714286,307,1
3: Composition of Substances and Solutions,3.1: Formula Mass and the Mole Concept,https://chem.libretexts.org/Bookshelves/General_Chemistry/Chemistry_2e_(OpenStax)/03%3A_Composition_of_Substances_and_Solutions/3.01%3A_Formula_Mass_and_the_Mole_Concept,General,0.5399999999999999,0.5285714285714286,3149,20
3: Composition of Substances and Solutions,3.2: Determining Empirical and Molecular Formulas,https://chem.libretexts.org/Bookshelves/General_Chemistry/Chemistry_2e_(OpenStax)/03%3A_Composition_of_Substances_and_Solutions/3.02%3A_Determining_Empirical_and_Molecular_Formulas,General,0.5399999999999999,0.5285714285714286,2828,4
3: Composition of Substances and Solutions,3.3: Molarity,https://chem.libretexts.org/Bookshelves/General_Chemistry/Chemistry_2e_(OpenStax)/03%3A_Composition_of_Substances_and_Solutions/3.03%3A_Molarity,General,0.5399999999999999,0.5285714285714286,2386,4
3: Composition of Substances and Solutions,3.4: Other Units for Solution Concentrations,https://chem.libretexts.org/Bookshelves/General_Chemistry/Chemistry_2e_(OpenStax)/03%3A_Composition_of_Substances_and_Solutions/3.04%3A_Other_Units_for_Solution_Concentrations,General,0.5399999999999999,0.5285714285714286,1685,5
3: Composition of Substances and Solutions,3.5: Key Terms,https://chem.libretexts.org/Bookshelves/General_Chemistry/Chemistry_2e_(OpenStax)/03%3A_Composition_of_Substances_and_Solutions/3.05%3A_Key_Terms,General,0.5399999999999999,0.5285714285714286,134,1
3: Composition of Substances and Solutions,3.6: Key Equations,https://chem.libretexts.org/Bookshelves/General_Chemistry/Chemistry_2e_(OpenStax)/03%3A_Composition_of_Substances_and_Solutions/3.06%3A_Key_Equations,General,0.5399999999999999,0.5285714285714286,134,0
3: Composition of Substances and Solutions,3.7: Summary,https://chem.libretexts.org/Bookshelves/General_Chemistry/Chemistry_2e_(OpenStax)/03%3A_Composition_of_Substances_and_Solutions/3.07%3A_Summary,General,0.5399999999999999,0.5285714285714286,546,0
3: Composition of Substances and Solutions,3.8: Exercises,https://chem.libretexts.org/Bookshelves/General_Chemistry/Chemistry_2e_(OpenStax)/03%3A_Composition_of_Substances_and_Solutions/3.08%3A_Exercises,General,0.5399999999999999,0.5285714285714286,2056,12
4: Stoichiometry of Chemical Reactions,4.0: Introduction,https://chem.libretexts.org/Bookshelves/General_Chemistry/Chemistry_2e_(OpenStax)/04%3A_Stoichiometry_of_Chemical_Reactions/4.00%3A_Introduction,General,0.5399999999999999,0.5285714285714286,322,2
4: Stoichiometry of Chemical Reactions,4.1: Writing and Balancing Chemical Equations,https://chem.libretexts.org/Bookshelves/General_Chemistry/Chemistry_2e_(OpenStax)/04%3A_Stoichiometry_of_Chemical_Reactions/4.01%3A_Writing_and_Balancing_Chemical_Equations,General,0.5399999999999999,0.5285714285714286,2352,3
4: Stoichiometry of Chemical Reactions,4.2: Classifying Chemical Reactions,https://chem.libretexts.org/Bookshelves/General_Chemistry/Chemistry_2e_(OpenStax)/04%3A_Stoichiometry_of_Chemical_Reactions/4.02%3A_Classifying_Chemical_Reactions,General,0.5399999999999999,0.5285714285714286,4624,6
4: Stoichiometry of Chemical Reactions,4.3: Reaction Stoichiometry,https://chem.libretexts.org/Bookshelves/General_Chemistry/Chemistry_2e_(OpenStax)/04%3A_Stoichiometry_of_Chemical_Reactions/4.03%3A_Reaction_Stoichiometry,General,0.5399999999999999,0.5285714285714286,1504,8
4: Stoichiometry of Chemical Reactions,4.4: Reaction Yields,https://chem.libretexts.org/Bookshelves/General_Chemistry/Chemistry_2e_(OpenStax)/04%3A_Stoichiometry_of_Chemical_Reactions/4.04%3A_Reaction_Yields,General,0.5399999999999999,0.5285714285714286,1673,4
4: Stoichiometry of Chemical Reactions,4.5: Quantitative Chemical Analysis,https://chem.libretexts.org/Bookshelves/General_Chemistry/Chemistry_2e_(OpenStax)/04%3A_Stoichiometry_of_Chemical_Reactions/4.05%3A_Quantitative_Chemical_Analysis,General,0.5399999999999999,0.5285714285714286,1581,7
4: Stoichiometry of Chemical Reactions,4.6: Key Terms,https://chem.libretexts.org/Bookshelves/General_Chemistry/Chemistry_2e_(OpenStax)/04%3A_Stoichiometry_of_Chemical_Reactions/4.06%3A_Key_Terms,General,0.5399999999999999,0.5285714285714286,134,1
4: Stoichiometry of Chemical Reactions,4.7: Key Equations,https://chem.libretexts.org/Bookshelves/General_Chemistry/Chemistry_2e_(OpenStax)/04%3A_Stoichiometry_of_Chemical_Reactions/4.07%3A_Key_Equations,General,0.5399999999999999,0.5285714285714286,134,0
4: Stoichiometry of Chemical Reactions,4.8: Summary,https://chem.libretexts.org/Bookshelves/General_Chemistry/Chemistry_2e_(OpenStax)/04%3A_Stoichiometry_of_Chemical_Reactions/4.08%3A_Summary,General,0.5399999999999999,0.5285714285714286,541,0
4: Stoichiometry of Chemical Reactions,4.9: Exercises,https://chem.libretexts.org/Bookshelves/General_Chemistry/Chemistry_2e_(OpenStax)/04%3A_Stoichiometry_of_Chemical_Reactions/4.09%3A_Exercises,General,0.5399999999999999,0.5285714285714286,3110,6
5: Thermochemistry,5.0: Introduction,https://chem.libretexts.org/Bookshelves/General_Chemistry/Chemistry_2e_(OpenStax)/05%3A_Thermochemistry/5.00%3A_Introduction,General,0.5399999999999999,0.5285714285714286,328,2
5: Thermochemistry,5.1: Energy Basics,https://chem.libretexts.org/Bookshelves/General_Chemistry/Chemistry_2e_(OpenStax)/05%3A_Thermochemistry/5.01%3A_Energy_Basics,General,0.5399999999999999,0.5285714285714286,3175,10
5: Thermochemistry,5.2: Calorimetry,https://chem.libretexts.org/Bookshelves/General_Chemistry/Chemistry_2e_(OpenStax)/05%3A_Thermochemistry/5.02%3A_Calorimetry,General,0.5399999999999999,0.5285714285714286,3973,9
5: Thermochemistry,5.3: Enthalpy,https://chem.libretexts.org/Bookshelves/General_Chemistry/Chemistry_2e_(OpenStax)/05%3A_Thermochemistry/5.03%3A_Enthalpy,General,0.5399999999999999,0.5285714285714286,5166,7
5: Thermochemistry,5.4: Key Terms,https://chem.libretexts.org/Bookshelves/General_Chemistry/Chemistry_2e_(OpenStax)/05%3A_Thermochemistry/5.04%3A_Key_Terms,General,0.5399999999999999,0.5285714285714286,134,1
5: Thermochemistry,5.5: Key Equations,https://chem.libretexts.org/Bookshelves/General_Chemistry/Chemistry_2e_(OpenStax)/05%3A_Thermochemistry/5.05%3A_Key_Equations,General,0.5399999999999999,0.5285714285714286,134,0
5: Thermochemistry,5.6: Summary,https://chem.libretexts.org/Bookshelves/General_Chemistry/Chemistry_2e_(OpenStax)/05%3A_Thermochemistry/5.06%3A_Summary,General,0.5399999999999999,0.5285714285714286,584,0
5: Thermochemistry,5.7: Exercises,https://chem.libretexts.org/Bookshelves/General_Chemistry/Chemistry_2e_(OpenStax)/05%3A_Thermochemistry/5.07%3A_Exercises,General,0.5399999999999999,0.5285714285714286,3546,1
6: Electronic Structure and Periodic Properties,6.0: Introduction,https://chem.libretexts.org/Bookshelves/General_Chemistry/Chemistry_2e_(OpenStax)/06%3A_Electronic_Structure_and_Periodic_Properties/6.00%3A_Introduction,General,0.5399999999999999,0.5285714285714286,276,1
6: Electronic Structure and Periodic Properties,6.1: Electromagnetic Energy,https://chem.libretexts.org/Bookshelves/General_Chemistry/Chemistry_2e_(OpenStax)/06%3A_Electronic_Structure_and_Periodic_Properties/6.01%3A_Electromagnetic_Energy,General,0.5399999999999999,0.5285714285714286,4335,13
6: Electronic Structure and Periodic Properties,6.2: The Bohr Model,https://chem.libretexts.org/Bookshelves/General_Chemistry/Chemistry_2e_(OpenStax)/06%3A_Electronic_Structure_and_Periodic_Properties/6.02%3A_The_Bohr_Model,General,0.5399999999999999,0.5285714285714286,1801,3
6: Electronic Structure and Periodic Properties,6.3: Development of Quantum Theory,https://chem.libretexts.org/Bookshelves/General_Chemistry/Chemistry_2e_(OpenStax)/06%3A_Electronic_Structure_and_Periodic_Properties/6.03%3A_Development_of_Quantum_Theory,General,0.5399999999999999,0.5285714285714286,4309,9
6: Electronic Structure and Periodic Properties,6.4: Electronic Structure of Atoms (Electron Configurations),https://chem.libretexts.org/Bookshelves/General_Chemistry/Chemistry_2e_(OpenStax)/06%3A_Electronic_Structure_and_Periodic_Properties/6.04%3A_Electronic_Structure_of_Atoms_(Electron_Configurations),General,0.5399999999999999,0.5285714285714286,3462,15
6: Electronic Structure and Periodic Properties,6.5: Periodic Variations in Element Properties,https://chem.libretexts.org/Bookshelves/General_Chemistry/Chemistry_2e_(OpenStax)/06%3A_Electronic_Structure_and_Periodic_Properties/6.05%3A_Periodic_Variations_in_Element_Properties,General,0.5399999999999999,0.5285714285714286,2862,8
6: Electronic Structure and Periodic Properties,6.6: Key Terms,https://chem.libretexts.org/Bookshelves/General_Chemistry/Chemistry_2e_(OpenStax)/06%3A_Electronic_Structure_and_Periodic_Properties/6.06%3A_Key_Terms,General,0.5399999999999999,0.5285714285714286,134,1
6: Electronic Structure and Periodic Properties,6.7: Key Equations,https://chem.libretexts.org/Bookshelves/General_Chemistry/Chemistry_2e_(OpenStax)/06%3A_Electronic_Structure_and_Periodic_Properties/6.07%3A_Key_Equations,General,0.5399999999999999,0.5285714285714286,134,0
6: Electronic Structure and Periodic Properties,6.8: Summary,https://chem.libretexts.org/Bookshelves/General_Chemistry/Chemistry_2e_(OpenStax)/06%3A_Electronic_Structure_and_Periodic_Properties/6.08%3A_Summary,General,0.5399999999999999,0.5285714285714286,1273,0
6: Electronic Structure and Periodic Properties,6.9: Exercises,https://chem.libretexts.org/Bookshelves/General_Chemistry/Chemistry_2e_(OpenStax)/06%3A_Electronic_Structure_and_Periodic_Properties/6.09%3A_Exercises,General,0.5399999999999999,0.5285714285714286,2466,3
7: Chemical Bonding and Molecular Geometry,7.0: Introduction,https://chem.libretexts.org/Bookshelves/General_Chemistry/Chemistry_2e_(OpenStax)/07%3A_Chemical_Bonding_and_Molecular_Geometry/7.00%3A_Introduction,General,0.5399999999999999,0.5285714285714286,256,2
7: Chemical Bonding and Molecular Geometry,7.1: Ionic Bonding,https://chem.libretexts.org/Bookshelves/General_Chemistry/Chemistry_2e_(OpenStax)/07%3A_Chemical_Bonding_and_Molecular_Geometry/7.01%3A_Ionic_Bonding,General,0.5399999999999999,0.5285714285714286,1894,3
7: Chemical Bonding and Molecular Geometry,7.2: Covalent Bonding,https://chem.libretexts.org/Bookshelves/General_Chemistry/Chemistry_2e_(OpenStax)/07%3A_Chemical_Bonding_and_Molecular_Geometry/7.02%3A_Covalent_Bonding,General,0.5399999999999999,0.5285714285714286,2017,6
7: Chemical Bonding and Molecular Geometry,7.3: Lewis Symbols and Structures,https://chem.libretexts.org/Bookshelves/General_Chemistry/Chemistry_2e_(OpenStax)/07%3A_Chemical_Bonding_and_Molecular_Geometry/7.03%3A_Lewis_Symbols_and_Structures,General,0.5399999999999999,0.5285714285714286,2469,35
7: Chemical Bonding and Molecular Geometry,7.4: Formal Charges and Resonance,https://chem.libretexts.org/Bookshelves/General_Chemistry/Chemistry_2e_(OpenStax)/07%3A_Chemical_Bonding_and_Molecular_Geometry/7.04%3A_Formal_Charges_and_Resonance,General,0.5399999999999999,0.5285714285714286,1579,14
7: Chemical Bonding and Molecular Geometry,7.5: Strengths of Ionic and Covalent Bonds,https://chem.libretexts.org/Bookshelves/General_Chemistry/Chemistry_2e_(OpenStax)/07%3A_Chemical_Bonding_and_Molecular_Geometry/7.05%3A_Strengths_of_Ionic_and_Covalent_Bonds,General,0.5399999999999999,0.5285714285714286,2514,5
7: Chemical Bonding and Molecular Geometry,7.6: Molecular Structure and Polarity,https://chem.libretexts.org/Bookshelves/General_Chemistry/Chemistry_2e_(OpenStax)/07%3A_Chemical_Bonding_and_Molecular_Geometry/7.06%3A_Molecular_Structure_and_Polarity,General,0.5399999999999999,0.5285714285714286,3738,28
7: Chemical Bonding and Molecular Geometry,7.7: Key Terms,https://chem.libretexts.org/Bookshelves/General_Chemistry/Chemistry_2e_(OpenStax)/07%3A_Chemical_Bonding_and_Molecular_Geometry/7.07%3A_Key_Terms,General,0.5399999999999999,0.5285714285714286,134,1
7: Chemical Bonding and Molecular Geometry,7.8: Key Equations,https://chem.libretexts.org/Bookshelves/General_Chemistry/Chemistry_2e_(OpenStax)/07%3A_Chemical_Bonding_and_Molecular_Geometry/7.08%3A_Key_Equations,General,0.5399999999999999,0.5285714285714286,134,0
7: Chemical Bonding and Molecular Geometry,7.9: Summary,https://chem.libretexts.org/Bookshelves/General_Chemistry/Chemistry_2e_(OpenStax)/07%3A_Chemical_Bonding_and_Molecular_Geometry/7.09%3A_Summary,General,0.5399999999999999,0.5285714285714286,790,0
7: Chemical Bonding and Molecular Geometry,7.10: Exercises,https://chem.libretexts.org/Bookshelves/General_Chemistry/Chemistry_2e_(OpenStax)/07%3A_Chemical_Bonding_and_Molecular_Geometry/7.10%3A_Exercises,General,0.5399999999999999,0.5285714285714286,2972,19
8: Advanced Theories of Covalent Bonding,8.0: Introduction,https://chem.libretexts.org/Bookshelves/General_Chemistry/Chemistry_2e_(OpenStax)/08%3A_Advanced_Theories_of_Covalent_Bonding/8.00%3A_Introduction,General,0.5399999999999999,0.5285714285714286,330,3
8: Advanced Theories of Covalent Bonding,8.1: Valence Bond Theory,https://chem.libretexts.org/Bookshelves/General_Chemistry/Chemistry_2e_(OpenStax)/08%3A_Advanced_Theories_of_Covalent_Bonding/8.01%3A_Valence_Bond_Theory,General,0.5399999999999999,0.5285714285714286,1560,8
8: Advanced Theories of Covalent Bonding,8.2: Hybrid Atomic Orbitals,https://chem.libretexts.org/Bookshelves/General_Chemistry/Chemistry_2e_(OpenStax)/08%3A_Advanced_Theories_of_Covalent_Bonding/8.02%3A_Hybrid_Atomic_Orbitals,General,0.5399999999999999,0.5285714285714286,2562,22
8: Advanced Theories of Covalent Bonding,8.3: Multiple Bonds,https://chem.libretexts.org/Bookshelves/General_Chemistry/Chemistry_2e_(OpenStax)/08%3A_Advanced_Theories_of_Covalent_Bonding/8.03%3A_Multiple_Bonds,General,0.5399999999999999,0.5285714285714286,955,8
8: Advanced Theories of Covalent Bonding,8.4: Molecular Orbital Theory,https://chem.libretexts.org/Bookshelves/General_Chemistry/Chemistry_2e_(OpenStax)/08%3A_Advanced_Theories_of_Covalent_Bonding/8.04%3A_Molecular_Orbital_Theory,General,0.5399999999999999,0.5285714285714286,4351,19
8: Advanced Theories of Covalent Bonding,8.5: Key Terms,https://chem.libretexts.org/Bookshelves/General_Chemistry/Chemistry_2e_(OpenStax)/08%3A_Advanced_Theories_of_Covalent_Bonding/8.05%3A_Key_Terms,General,0.5399999999999999,0.5285714285714286,134,1
8: Advanced Theories of Covalent Bonding,8.6: Key Equations,https://chem.libretexts.org/Bookshelves/General_Chemistry/Chemistry_2e_(OpenStax)/08%3A_Advanced_Theories_of_Covalent_Bonding/8.06%3A_Key_Equations,General,0.5399999999999999,0.5285714285714286,134,0
8: Advanced Theories of Covalent Bonding,8.7: Summary,https://chem.libretexts.org/Bookshelves/General_Chemistry/Chemistry_2e_(OpenStax)/08%3A_Advanced_Theories_of_Covalent_Bonding/8.07%3A_Summary,General,0.5399999999999999,0.5285714285714286,621,0
8: Advanced Theories of Covalent Bonding,8.8: Exercises,https://chem.libretexts.org/Bookshelves/General_Chemistry/Chemistry_2e_(OpenStax)/08%3A_Advanced_Theories_of_Covalent_Bonding/8.08%3A_Exercises,General,0.5399999999999999,0.5285714285714286,1314,7
9: Gases,9.0: Introduction,https://chem.libretexts.org/Bookshelves/General_Chemistry/Chemistry_2e_(OpenStax)/09%3A_Gases/9.00%3A_Introduction,General,0.5399999999999999,0.5285714285714286,268,1
9: Gases,9.1: Gas Pressure,https://chem.libretexts.org/Bookshelves/General_Chemistry/Chemistry_2e_(OpenStax)/09%3A_Gases/9.01%3A_Gas_Pressure,General,0.5399999999999999,0.5285714285714286,2403,12
9: Gases,"9.2: Relating Pressure, Volume, Amount, and Temperature - The Ideal Gas Law",https://chem.libretexts.org/Bookshelves/General_Chemistry/Chemistry_2e_(OpenStax)/09%3A_Gases/9.02%3A_Relating_Pressure_Volume_Amount_and_Temperature_-_The_Ideal_Gas_Law,General,0.5399999999999999,0.5285714285714286,3916,11
9: Gases,"9.3: Stoichiometry of Gaseous Substances, Mixtures, and Reactions",https://chem.libretexts.org/Bookshelves/General_Chemistry/Chemistry_2e_(OpenStax)/09%3A_Gases/9.03%3A_Stoichiometry_of_Gaseous_Substances_Mixtures_and_Reactions,General,0.5399999999999999,0.5285714285714286,3731,9
9: Gases,9.4: Effusion and Diffusion of Gases,https://chem.libretexts.org/Bookshelves/General_Chemistry/Chemistry_2e_(OpenStax)/09%3A_Gases/9.04%3A_Effusion_and_Diffusion_of_Gases,General,0.5399999999999999,0.5285714285714286,1718,5
9: Gases,9.5: The Kinetic-Molecular Theory,https://chem.libretexts.org/Bookshelves/General_Chemistry/Chemistry_2e_(OpenStax)/09%3A_Gases/9.05%3A_The_Kinetic-Molecular_Theory,General,0.5399999999999999,0.5285714285714286,1294,5
9: Gases,9.6: Non-Ideal Gas Behavior,https://chem.libretexts.org/Bookshelves/General_Chemistry/Chemistry_2e_(OpenStax)/09%3A_Gases/9.06%3A_Non-Ideal_Gas_Behavior,General,0.5399999999999999,0.5285714285714286,1185,4
9: Gases,9.7: Key Terms,https://chem.libretexts.org/Bookshelves/General_Chemistry/Chemistry_2e_(OpenStax)/09%3A_Gases/9.07%3A_Key_Terms,General,0.5399999999999999,0.5285714285714286,134,1
9: Gases,9.8: Key Equations,https://chem.libretexts.org/Bookshelves/General_Chemistry/Chemistry_2e_(OpenStax)/09%3A_Gases/9.08%3A_Key_Equations,General,0.5399999999999999,0.5285714285714286,134,0
9: Gases,9.9: Summary,https://chem.libretexts.org/Bookshelves/General_Chemistry/Chemistry_2e_(OpenStax)/09%3A_Gases/9.09%3A_Summary,General,0.5399999999999999,0.5285714285714286,702,0
9: Gases,9.10: Exercises,https://chem.libretexts.org/Bookshelves/General_Chemistry/Chemistry_2e_(OpenStax)/09%3A_Gases/9.10%3A_Exercises,General,0.5399999999999999,0.5285714285714286,3690,8
10: Liquids and Solids,10.0: Introduction,https://chem.libretexts.org/Bookshelves/General_Chemistry/Chemistry_2e_(OpenStax)/10%3A_Liquids_and_Solids/10.00%3A_Introduction,General,0.5399999999999999,0.5285714285714286,367,2
10: Liquids and Solids,10.1: Intermolecular Forces,https://chem.libretexts.org/Bookshelves/General_Chemistry/Chemistry_2e_(OpenStax)/10%3A_Liquids_and_Solids/10.01%3A_Intermolecular_Forces,General,0.5399999999999999,0.5285714285714286,3633,15
10: Liquids and Solids,10.2: Properties of Liquids,https://chem.libretexts.org/Bookshelves/General_Chemistry/Chemistry_2e_(OpenStax)/10%3A_Liquids_and_Solids/10.02%3A_Properties_of_Liquids,General,0.5399999999999999,0.5285714285714286,1946,8
10: Liquids and Solids,10.3: Phase Transitions,https://chem.libretexts.org/Bookshelves/General_Chemistry/Chemistry_2e_(OpenStax)/10%3A_Liquids_and_Solids/10.03%3A_Phase_Transitions,General,0.5399999999999999,0.5285714285714286,3609,10
10: Liquids and Solids,10.4: Phase Diagrams,https://chem.libretexts.org/Bookshelves/General_Chemistry/Chemistry_2e_(OpenStax)/10%3A_Liquids_and_Solids/10.04%3A_Phase_Diagrams,General,0.5399999999999999,0.5285714285714286,2116,8
10: Liquids and Solids,10.5: The Solid State of Matter,https://chem.libretexts.org/Bookshelves/General_Chemistry/Chemistry_2e_(OpenStax)/10%3A_Liquids_and_Solids/10.05%3A_The_Solid_State_of_Matter,General,0.5399999999999999,0.5285714285714286,1409,10
10: Liquids and Solids,10.6: Lattice Structures in Crystalline Solids,https://chem.libretexts.org/Bookshelves/General_Chemistry/Chemistry_2e_(OpenStax)/10%3A_Liquids_and_Solids/10.06%3A_Lattice_Structures_in_Crystalline_Solids,General,0.5399999999999999,0.5285714285714286,4691,25
10: Liquids and Solids,10.7: Key Terms,https://chem.libretexts.org/Bookshelves/General_Chemistry/Chemistry_2e_(OpenStax)/10%3A_Liquids_and_Solids/10.07%3A_Key_Terms,General,0.5399999999999999,0.5285714285714286,134,1
10: Liquids and Solids,10.8: Key Equations,https://chem.libretexts.org/Bookshelves/General_Chemistry/Chemistry_2e_(OpenStax)/10%3A_Liquids_and_Solids/10.08%3A_Key_Equations,General,0.5399999999999999,0.5285714285714286,134,0
10: Liquids and Solids,10.9: Summary,https://chem.libretexts.org/Bookshelves/General_Chemistry/Chemistry_2e_(OpenStax)/10%3A_Liquids_and_Solids/10.09%3A_Summary,General,0.5399999999999999,0.5285714285714286,850,0
10: Liquids and Solids,10.10: Exercises,https://chem.libretexts.org/Bookshelves/General_Chemistry/Chemistry_2e_(OpenStax)/10%3A_Liquids_and_Solids/10.10%3A_Exercises,General,0.5399999999999999,0.5285714285714286,3217,7
11: Solutions and Colloids,11.0: Introduction,https://chem.libretexts.org/Bookshelves/General_Chemistry/Chemistry_2e_(OpenStax)/11%3A_Solutions_and_Colloids/11.00%3A_Introduction,General,0.5399999999999999,0.5285714285714286,329,2
11: Solutions and Colloids,11.1: The Dissolution Process,https://chem.libretexts.org/Bookshelves/General_Chemistry/Chemistry_2e_(OpenStax)/11%3A_Solutions_and_Colloids/11.01%3A_The_Dissolution_Process,General,0.5399999999999999,0.5285714285714286,1437,5
11: Solutions and Colloids,11.2: Electrolytes,https://chem.libretexts.org/Bookshelves/General_Chemistry/Chemistry_2e_(OpenStax)/11%3A_Solutions_and_Colloids/11.02%3A_Electrolytes,General,0.5399999999999999,0.5285714285714286,835,4
11: Solutions and Colloids,11.3: Solubility,https://chem.libretexts.org/Bookshelves/General_Chemistry/Chemistry_2e_(OpenStax)/11%3A_Solutions_and_Colloids/11.03%3A_Solubility,General,0.5399999999999999,0.5285714285714286,2492,12
11: Solutions and Colloids,11.4: Colligative Properties,https://chem.libretexts.org/Bookshelves/General_Chemistry/Chemistry_2e_(OpenStax)/11%3A_Solutions_and_Colloids/11.04%3A_Colligative_Properties,General,0.5399999999999999,0.5285714285714286,5638,18
11: Solutions and Colloids,11.5: Colloids,https://chem.libretexts.org/Bookshelves/General_Chemistry/Chemistry_2e_(OpenStax)/11%3A_Solutions_and_Colloids/11.05%3A_Colloids,General,0.5399999999999999,0.5285714285714286,2038,10
11: Solutions and Colloids,11.6: Key Terms,https://chem.libretexts.org/Bookshelves/General_Chemistry/Chemistry_2e_(OpenStax)/11%3A_Solutions_and_Colloids/11.06%3A_Key_Terms,General,0.5399999999999999,0.5285714285714286,134,1
11: Solutions and Colloids,11.7: Key Equations,https://chem.libretexts.org/Bookshelves/General_Chemistry/Chemistry_2e_(OpenStax)/11%3A_Solutions_and_Colloids/11.07%3A_Key_Equations,General,0.5399999999999999,0.5285714285714286,134,0
11: Solutions and Colloids,11.8: Summary,https://chem.libretexts.org/Bookshelves/General_Chemistry/Chemistry_2e_(OpenStax)/11%3A_Solutions_and_Colloids/11.08%3A_Summary,General,0.5399999999999999,0.5285714285714286,657,0
11: Solutions and Colloids,11.9: Exercises,https://chem.libretexts.org/Bookshelves/General_Chemistry/Chemistry_2e_(OpenStax)/11%3A_Solutions_and_Colloids/11.09%3A_Exercises,General,0.5399999999999999,0.5285714285714286,2343,2
12: Kinetics,12.0: Introduction,https://chem.libretexts.org/Bookshelves/General_Chemistry/Chemistry_2e_(OpenStax)/12%3A_Kinetics/12.00%3A_Introduction,General,0.5399999999999999,0.5285714285714286,386,2
12: Kinetics,12.1: Chemical Reaction Rates,https://chem.libretexts.org/Bookshelves/General_Chemistry/Chemistry_2e_(OpenStax)/12%3A_Kinetics/12.01%3A_Chemical_Reaction_Rates,General,0.5399999999999999,0.5285714285714286,2071,5
12: Kinetics,12.2: Factors Affecting Reaction Rates,https://chem.libretexts.org/Bookshelves/General_Chemistry/Chemistry_2e_(OpenStax)/12%3A_Kinetics/12.02%3A_Factors_Affecting_Reaction_Rates,General,0.5399999999999999,0.5285714285714286,908,3
12: Kinetics,12.3: Rate Laws,https://chem.libretexts.org/Bookshelves/General_Chemistry/Chemistry_2e_(OpenStax)/12%3A_Kinetics/12.03%3A_Rate_Laws,General,0.5399999999999999,0.5285714285714286,2235,2
12: Kinetics,12.4: Integrated Rate Laws,https://chem.libretexts.org/Bookshelves/General_Chemistry/Chemistry_2e_(OpenStax)/12%3A_Kinetics/12.04%3A_Integrated_Rate_Laws,General,0.5399999999999999,0.5285714285714286,2728,7
12: Kinetics,12.5: Collision Theory,https://chem.libretexts.org/Bookshelves/General_Chemistry/Chemistry_2e_(OpenStax)/12%3A_Kinetics/12.05%3A_Collision_Theory,General,0.5399999999999999,0.5285714285714286,1690,5
12: Kinetics,12.6: Reaction Mechanisms,https://chem.libretexts.org/Bookshelves/General_Chemistry/Chemistry_2e_(OpenStax)/12%3A_Kinetics/12.06%3A_Reaction_Mechanisms,General,0.5399999999999999,0.5285714285714286,1858,4
12: Kinetics,12.7: Catalysis,https://chem.libretexts.org/Bookshelves/General_Chemistry/Chemistry_2e_(OpenStax)/12%3A_Kinetics/12.07%3A_Catalysis,General,0.5399999999999999,0.5285714285714286,1907,10
12: Kinetics,12.8: Key Terms,https://chem.libretexts.org/Bookshelves/General_Chemistry/Chemistry_2e_(OpenStax)/12%3A_Kinetics/12.08%3A_Key_Terms,General,0.5399999999999999,0.5285714285714286,134,1
12: Kinetics,12.9: Key Equations,https://chem.libretexts.org/Bookshelves/General_Chemistry/Chemistry_2e_(OpenStax)/12%3A_Kinetics/12.09%3A_Key_Equations,General,0.5399999999999999,0.5285714285714286,134,0
12: Kinetics,12.10: Summary,https://chem.libretexts.org/Bookshelves/General_Chemistry/Chemistry_2e_(OpenStax)/12%3A_Kinetics/12.10%3A_Summary,General,0.5399999999999999,0.5285714285714286,647,0
12: Kinetics,12.11: Exercises,https://chem.libretexts.org/Bookshelves/General_Chemistry/Chemistry_2e_(OpenStax)/12%3A_Kinetics/12.11%3A_Exercises,General,0.5399999999999999,0.5285714285714286,3289,11
13: Fundamental Equilibrium Concepts,13.0: Introduction,https://chem.libretexts.org/Bookshelves/General_Chemistry/Chemistry_2e_(OpenStax)/13%3A_Fundamental_Equilibrium_Concepts/13.00%3A_Introduction,General,0.5399999999999999,0.5285714285714286,297,2
13: Fundamental Equilibrium Concepts,13.1: Chemical Equilibria,https://chem.libretexts.org/Bookshelves/General_Chemistry/Chemistry_2e_(OpenStax)/13%3A_Fundamental_Equilibrium_Concepts/13.01%3A_Chemical_Equilibria,General,0.5399999999999999,0.5285714285714286,684,4
13: Fundamental Equilibrium Concepts,13.2: Equilibrium Constants,https://chem.libretexts.org/Bookshelves/General_Chemistry/Chemistry_2e_(OpenStax)/13%3A_Fundamental_Equilibrium_Concepts/13.02%3A_Equilibrium_Constants,General,0.5399999999999999,0.5285714285714286,2794,3
13: Fundamental Equilibrium Concepts,13.3: Shifting Equilibria - Le Chatelier’s Principle,https://chem.libretexts.org/Bookshelves/General_Chemistry/Chemistry_2e_(OpenStax)/13%3A_Fundamental_Equilibrium_Concepts/13.03%3A_Shifting_Equilibria_-_Le_Chateliers_Principle,General,0.5399999999999999,0.5285714285714286,2315,4
13: Fundamental Equilibrium Concepts,13.4: Equilibrium Calculations,https://chem.libretexts.org/Bookshelves/General_Chemistry/Chemistry_2e_(OpenStax)/13%3A_Fundamental_Equilibrium_Concepts/13.04%3A_Equilibrium_Calculations,General,0.5399999999999999,0.5285714285714286,2127,5
13: Fundamental Equilibrium Concepts,13.5: Key Terms,https://chem.libretexts.org/Bookshelves/General_Chemistry/Chemistry_2e_(OpenStax)/13%3A_Fundamental_Equilibrium_Concepts/13.05%3A_Key_Terms,General,0.5399999999999999,0.5285714285714286,134,1
13: Fundamental Equilibrium Concepts,13.6: Key Equations,https://chem.libretexts.org/Bookshelves/General_Chemistry/Chemistry_2e_(OpenStax)/13%3A_Fundamental_Equilibrium_Concepts/13.06%3A_Key_Equations,General,0.5399999999999999,0.5285714285714286,134,0
13: Fundamental Equilibrium Concepts,13.7: Summary,https://chem.libretexts.org/Bookshelves/General_Chemistry/Chemistry_2e_(OpenStax)/13%3A_Fundamental_Equilibrium_Concepts/13.07%3A_Summary,General,0.5399999999999999,0.5285714285714286,359,0
13: Fundamental Equilibrium Concepts,13.8: Exercises,https://chem.libretexts.org/Bookshelves/General_Chemistry/Chemistry_2e_(OpenStax)/13%3A_Fundamental_Equilibrium_Concepts/13.08%3A_Exercises,General,0.5399999999999999,0.5285714285714286,3526,2
14: Acid-Base Equilibria,14.0: Introduction,https://chem.libretexts.org/Bookshelves/General_Chemistry/Chemistry_2e_(OpenStax)/14%3A_Acid-Base_Equilibria/14.00%3A_Introduction,General,0.5399999999999999,0.5285714285714286,232,1
14: Acid-Base Equilibria,14.1: Brønsted-Lowry Acids and Bases,https://chem.libretexts.org/Bookshelves/General_Chemistry/Chemistry_2e_(OpenStax)/14%3A_Acid-Base_Equilibria/14.01%3A_Brnsted-Lowry_Acids_and_Bases,General,0.5399999999999999,0.5285714285714286,1336,5
14: Acid-Base Equilibria,14.2: pH and pOH,https://chem.libretexts.org/Bookshelves/General_Chemistry/Chemistry_2e_(OpenStax)/14%3A_Acid-Base_Equilibria/14.02%3A_pH_and_pOH,General,0.5399999999999999,0.5285714285714286,1555,5
14: Acid-Base Equilibria,14.3: Relative Strengths of Acids and Bases,https://chem.libretexts.org/Bookshelves/General_Chemistry/Chemistry_2e_(OpenStax)/14%3A_Acid-Base_Equilibria/14.03%3A_Relative_Strengths_of_Acids_and_Bases,General,0.5399999999999999,0.5285714285714286,4108,15
14: Acid-Base Equilibria,14.4: Hydrolysis of Salt Solutions,https://chem.libretexts.org/Bookshelves/General_Chemistry/Chemistry_2e_(OpenStax)/14%3A_Acid-Base_Equilibria/14.04%3A_Hydrolysis_of_Salt_Solutions,General,0.5399999999999999,0.5285714285714286,1779,4
14: Acid-Base Equilibria,14.5: Polyprotic Acids,https://chem.libretexts.org/Bookshelves/General_Chemistry/Chemistry_2e_(OpenStax)/14%3A_Acid-Base_Equilibria/14.05%3A_Polyprotic_Acids,General,0.5399999999999999,0.5285714285714286,1208,3
14: Acid-Base Equilibria,14.6: Buffers,https://chem.libretexts.org/Bookshelves/General_Chemistry/Chemistry_2e_(OpenStax)/14%3A_Acid-Base_Equilibria/14.06%3A_Buffers,General,0.5399999999999999,0.5285714285714286,2251,6
14: Acid-Base Equilibria,14.7: Acid-Base Titrations,https://chem.libretexts.org/Bookshelves/General_Chemistry/Chemistry_2e_(OpenStax)/14%3A_Acid-Base_Equilibria/14.07%3A_Acid-Base_Titrations,General,0.5399999999999999,0.5285714285714286,2049,4
14: Acid-Base Equilibria,14.8: Key Terms,https://chem.libretexts.org/Bookshelves/General_Chemistry/Chemistry_2e_(OpenStax)/14%3A_Acid-Base_Equilibria/14.08%3A_Key_Terms,General,0.5399999999999999,0.5285714285714286,134,1
14: Acid-Base Equilibria,14.9: Key Equations,https://chem.libretexts.org/Bookshelves/General_Chemistry/Chemistry_2e_(OpenStax)/14%3A_Acid-Base_Equilibria/14.09%3A_Key_Equations,General,0.5399999999999999,0.5285714285714286,134,0
14: Acid-Base Equilibria,14.10: Summary,https://chem.libretexts.org/Bookshelves/General_Chemistry/Chemistry_2e_(OpenStax)/14%3A_Acid-Base_Equilibria/14.10%3A_Summary,General,0.5399999999999999,0.5285714285714286,778,0
14: Acid-Base Equilibria,14.11: Exercises,https://chem.libretexts.org/Bookshelves/General_Chemistry/Chemistry_2e_(OpenStax)/14%3A_Acid-Base_Equilibria/14.11%3A_Exercises,General,0.5399999999999999,0.5285714285714286,2928,1
15: Equilibria of Other Reaction Classes,15.0: Introduction,https://chem.libretexts.org/Bookshelves/General_Chemistry/Chemistry_2e_(OpenStax)/15%3A_Equilibria_of_Other_Reaction_Classes/15.00%3A_Introduction,General,0.5399999999999999,0.5285714285714286,266,1
15: Equilibria of Other Reaction Classes,15.1: Precipitation and Dissolution,https://chem.libretexts.org/Bookshelves/General_Chemistry/Chemistry_2e_(OpenStax)/15%3A_Equilibria_of_Other_Reaction_Classes/15.01%3A_Precipitation_and_Dissolution,General,0.5399999999999999,0.5285714285714286,3807,10
15: Equilibria of Other Reaction Classes,15.2: Lewis Acids and Bases,https://chem.libretexts.org/Bookshelves/General_Chemistry/Chemistry_2e_(OpenStax)/15%3A_Equilibria_of_Other_Reaction_Classes/15.02%3A_Lewis_Acids_and_Bases,General,0.5399999999999999,0.5285714285714286,1125,8
15: Equilibria of Other Reaction Classes,15.3: Coupled Equilibria,https://chem.libretexts.org/Bookshelves/General_Chemistry/Chemistry_2e_(OpenStax)/15%3A_Equilibria_of_Other_Reaction_Classes/15.03%3A_Coupled_Equilibria,General,0.5399999999999999,0.5285714285714286,1802,6
15: Equilibria of Other Reaction Classes,15.4: Key Terms,https://chem.libretexts.org/Bookshelves/General_Chemistry/Chemistry_2e_(OpenStax)/15%3A_Equilibria_of_Other_Reaction_Classes/15.04%3A_Key_Terms,General,0.5399999999999999,0.5285714285714286,134,1
15: Equilibria of Other Reaction Classes,15.5: Key Equations,https://chem.libretexts.org/Bookshelves/General_Chemistry/Chemistry_2e_(OpenStax)/15%3A_Equilibria_of_Other_Reaction_Classes/15.05%3A_Key_Equations,General,0.5399999999999999,0.5285714285714286,134,0
15: Equilibria of Other Reaction Classes,15.6: Summary,https://chem.libretexts.org/Bookshelves/General_Chemistry/Chemistry_2e_(OpenStax)/15%3A_Equilibria_of_Other_Reaction_Classes/15.06%3A_Summary,General,0.5399999999999999,0.5285714285714286,419,0
15: Equilibria of Other Reaction Classes,15.7: Exercises,https://chem.libretexts.org/Bookshelves/General_Chemistry/Chemistry_2e_(OpenStax)/15%3A_Equilibria_of_Other_Reaction_Classes/15.07%3A_Exercises,General,0.5399999999999999,0.5285714285714286,3788,1
16: Thermodynamics,16.0: Introduction,https://chem.libretexts.org/Bookshelves/General_Chemistry/Chemistry_2e_(OpenStax)/16%3A_Thermodynamics/16.00%3A_Introduction,General,0.5399999999999999,0.5285714285714286,224,1
16: Thermodynamics,16.1: Spontaneity,https://chem.libretexts.org/Bookshelves/General_Chemistry/Chemistry_2e_(OpenStax)/16%3A_Thermodynamics/16.01%3A_Spontaneity,General,0.5399999999999999,0.5285714285714286,1068,6
16: Thermodynamics,16.2: Entropy,https://chem.libretexts.org/Bookshelves/General_Chemistry/Chemistry_2e_(OpenStax)/16%3A_Thermodynamics/16.02%3A_Entropy,General,0.5399999999999999,0.5285714285714286,2117,7
16: Thermodynamics,16.3: The Second and Third Laws of Thermodynamics,https://chem.libretexts.org/Bookshelves/General_Chemistry/Chemistry_2e_(OpenStax)/16%3A_Thermodynamics/16.03%3A_The_Second_and_Third_Laws_of_Thermodynamics,General,0.5399999999999999,0.5285714285714286,1332,1
16: Thermodynamics,16.4: Free Energy,https://chem.libretexts.org/Bookshelves/General_Chemistry/Chemistry_2e_(OpenStax)/16%3A_Thermodynamics/16.04%3A_Free_Energy,General,0.5399999999999999,0.5285714285714286,4286,3
16: Thermodynamics,16.5: Key Terms,https://chem.libretexts.org/Bookshelves/General_Chemistry/Chemistry_2e_(OpenStax)/16%3A_Thermodynamics/16.05%3A_Key_Terms,General,0.5399999999999999,0.5285714285714286,134,1
16: Thermodynamics,16.6: Key Equations,https://chem.libretexts.org/Bookshelves/General_Chemistry/Chemistry_2e_(OpenStax)/16%3A_Thermodynamics/16.06%3A_Key_Equations,General,0.5399999999999999,0.5285714285714286,134,0
16: Thermodynamics,16.7: Summary,https://chem.libretexts.org/Bookshelves/General_Chemistry/Chemistry_2e_(OpenStax)/16%3A_Thermodynamics/16.07%3A_Summary,General,0.5399999999999999,0.5285714285714286,514,0
16: Thermodynamics,16.8: Exercises,https://chem.libretexts.org/Bookshelves/General_Chemistry/Chemistry_2e_(OpenStax)/16%3A_Thermodynamics/16.08%3A_Exercises,General,0.5399999999999999,0.5285714285714286,2168,2
17: Electrochemistry,17.0: Introduction,https://chem.libretexts.org/Bookshelves/General_Chemistry/Chemistry_2e_(OpenStax)/17%3A_Electrochemistry/17.00%3A_Introduction,General,0.5399999999999999,0.5285714285714286,261,1
17: Electrochemistry,17.1: Review of Redox Chemistry,https://chem.libretexts.org/Bookshelves/General_Chemistry/Chemistry_2e_(OpenStax)/17%3A_Electrochemistry/17.01%3A_Review_of_Redox_Chemistry,General,0.5399999999999999,0.5285714285714286,1759,1
17: Electrochemistry,17.2: Galvanic Cells,https://chem.libretexts.org/Bookshelves/General_Chemistry/Chemistry_2e_(OpenStax)/17%3A_Electrochemistry/17.02%3A_Galvanic_Cells,General,0.5399999999999999,0.5285714285714286,1106,4
17: Electrochemistry,17.3: Electrode and Cell Potentials,https://chem.libretexts.org/Bookshelves/General_Chemistry/Chemistry_2e_(OpenStax)/17%3A_Electrochemistry/17.03%3A_Electrode_and_Cell_Potentials,General,0.5399999999999999,0.5285714285714286,1843,3
17: Electrochemistry,"17.4: Potential, Free Energy, and Equilibrium",https://chem.libretexts.org/Bookshelves/General_Chemistry/Chemistry_2e_(OpenStax)/17%3A_Electrochemistry/17.04%3A_Potential_Free_Energy_and_Equilibrium,General,0.5399999999999999,0.5285714285714286,1678,2
17: Electrochemistry,17.5: Batteries and Fuel Cells,https://chem.libretexts.org/Bookshelves/General_Chemistry/Chemistry_2e_(OpenStax)/17%3A_Electrochemistry/17.05%3A_Batteries_and_Fuel_Cells,General,0.5399999999999999,0.5285714285714286,1521,8
17: Electrochemistry,17.6: Corrosion,https://chem.libretexts.org/Bookshelves/General_Chemistry/Chemistry_2e_(OpenStax)/17%3A_Electrochemistry/17.06%3A_Corrosion,General,0.5399999999999999,0.5285714285714286,1025,4
17: Electrochemistry,17.7: Electrolysis,https://chem.libretexts.org/Bookshelves/General_Chemistry/Chemistry_2e_(OpenStax)/17%3A_Electrochemistry/17.07%3A_Electrolysis,General,0.5399999999999999,0.5285714285714286,1839,4
17: Electrochemistry,17.8: Key Terms,https://chem.libretexts.org/Bookshelves/General_Chemistry/Chemistry_2e_(OpenStax)/17%3A_Electrochemistry/17.08%3A_Key_Terms,General,0.5399999999999999,0.5285714285714286,134,1
17: Electrochemistry,17.9: Key Equations,https://chem.libretexts.org/Bookshelves/General_Chemistry/Chemistry_2e_(OpenStax)/17%3A_Electrochemistry/17.09%3A_Key_Equations,General,0.5399999999999999,0.5285714285714286,134,0
17: Electrochemistry,17.10: Summary,https://chem.libretexts.org/Bookshelves/General_Chemistry/Chemistry_2e_(OpenStax)/17%3A_Electrochemistry/17.10%3A_Summary,General,0.5399999999999999,0.5285714285714286,915,0
17: Electrochemistry,17.11: Exercises,https://chem.libretexts.org/Bookshelves/General_Chemistry/Chemistry_2e_(OpenStax)/17%3A_Electrochemistry/17.11%3A_Exercises,General,0.5399999999999999,0.5285714285714286,1306,1
"18: Representative Metals, Metalloids, and Nonmetals",18.0: Introduction,https://chem.libretexts.org/Bookshelves/General_Chemistry/Chemistry_2e_(OpenStax)/18%3A_Representative_Metals_Metalloids_and_Nonmetals/18.00%3A_Introduction,General,0.5399999999999999,0.5285714285714286,222,1
"18: Representative Metals, Metalloids, and Nonmetals",18.1: Periodicity,https://chem.libretexts.org/Bookshelves/General_Chemistry/Chemistry_2e_(OpenStax)/18%3A_Representative_Metals_Metalloids_and_Nonmetals/18.01%3A_Periodicity,General,0.5399999999999999,0.5285714285714286,3873,9
"18: Representative Metals, Metalloids, and Nonmetals",18.2: Occurrence and Preparation of the Representative Metals,https://chem.libretexts.org/Bookshelves/General_Chemistry/Chemistry_2e_(OpenStax)/18%3A_Representative_Metals_Metalloids_and_Nonmetals/18.02%3A_Occurrence_and_Preparation_of_the_Representative_Metals,General,0.5399999999999999,0.5285714285714286,1476,3
"18: Representative Metals, Metalloids, and Nonmetals",18.3: Structure and General Properties of the Metalloids,https://chem.libretexts.org/Bookshelves/General_Chemistry/Chemistry_2e_(OpenStax)/18%3A_Representative_Metals_Metalloids_and_Nonmetals/18.03%3A_Structure_and_General_Properties_of_the_Metalloids,General,0.5399999999999999,0.5285714285714286,2877,9
"18: Representative Metals, Metalloids, and Nonmetals",18.4: Structure and General Properties of the Nonmetals,https://chem.libretexts.org/Bookshelves/General_Chemistry/Chemistry_2e_(OpenStax)/18%3A_Representative_Metals_Metalloids_and_Nonmetals/18.04%3A_Structure_and_General_Properties_of_the_Nonmetals,General,0.5399999999999999,0.5285714285714286,2861,8
"18: Representative Metals, Metalloids, and Nonmetals","18.5: Occurrence, Preparation, and Compounds of Hydrogen",https://chem.libretexts.org/Bookshelves/General_Chemistry/Chemistry_2e_(OpenStax)/18%3A_Representative_Metals_Metalloids_and_Nonmetals/18.05%3A_Occurrence_Preparation_and_Compounds_of_Hydrogen,General,0.5399999999999999,0.5285714285714286,2868,6
"18: Representative Metals, Metalloids, and Nonmetals","18.6: Occurrence, Preparation, and Properties of Carbonates",https://chem.libretexts.org/Bookshelves/General_Chemistry/Chemistry_2e_(OpenStax)/18%3A_Representative_Metals_Metalloids_and_Nonmetals/18.06%3A_Occurrence_Preparation_and_Properties_of_Carbonates,General,0.5399999999999999,0.5285714285714286,901,3
"18: Representative Metals, Metalloids, and Nonmetals","18.7: Occurrence, Preparation, and Properties of Nitrogen",https://chem.libretexts.org/Bookshelves/General_Chemistry/Chemistry_2e_(OpenStax)/18%3A_Representative_Metals_Metalloids_and_Nonmetals/18.07%3A_Occurrence_Preparation_and_Properties_of_Nitrogen,General,0.5399999999999999,0.5285714285714286,1538,8
"18: Representative Metals, Metalloids, and Nonmetals","18.8: Occurrence, Preparation, and Properties of Phosphorus",https://chem.libretexts.org/Bookshelves/General_Chemistry/Chemistry_2e_(OpenStax)/18%3A_Representative_Metals_Metalloids_and_Nonmetals/18.08%3A_Occurrence_Preparation_and_Properties_of_Phosphorus,General,0.5399999999999999,0.5285714285714286,719,4
"18: Representative Metals, Metalloids, and Nonmetals","18.9: Occurrence, Preparation, and Compounds of Oxygen",https://chem.libretexts.org/Bookshelves/General_Chemistry/Chemistry_2e_(OpenStax)/18%3A_Representative_Metals_Metalloids_and_Nonmetals/18.09%3A_Occurrence_Preparation_and_Compounds_of_Oxygen,General,0.5399999999999999,0.5285714285714286,6310,17
"18: Representative Metals, Metalloids, and Nonmetals","18.10: Occurrence, Preparation, and Properties of Sulfur",https://chem.libretexts.org/Bookshelves/General_Chemistry/Chemistry_2e_(OpenStax)/18%3A_Representative_Metals_Metalloids_and_Nonmetals/18.10%3A_Occurrence_Preparation_and_Properties_of_Sulfur,General,0.5399999999999999,0.5285714285714286,514,3
"18: Representative Metals, Metalloids, and Nonmetals","18.11: Occurrence, Preparation, and Properties of Halogens",https://chem.libretexts.org/Bookshelves/General_Chemistry/Chemistry_2e_(OpenStax)/18%3A_Representative_Metals_Metalloids_and_Nonmetals/18.11%3A_Occurrence_Preparation_and_Properties_of_Halogens,General,0.5399999999999999,0.5285714285714286,2583,5
"18: Representative Metals, Metalloids, and Nonmetals","18.12: Occurrence, Preparation, and Properties of the Noble Gases",https://chem.libretexts.org/Bookshelves/General_Chemistry/Chemistry_2e_(OpenStax)/18%3A_Representative_Metals_Metalloids_and_Nonmetals/18.12%3A_Occurrence_Preparation_and_Properties_of_the_Noble_Gases,General,0.5399999999999999,0.5285714285714286,932,1
"18: Representative Metals, Metalloids, and Nonmetals",18.13: Key Terms,https://chem.libretexts.org/Bookshelves/General_Chemistry/Chemistry_2e_(OpenStax)/18%3A_Representative_Metals_Metalloids_and_Nonmetals/18.13%3A_Key_Terms,General,0.5399999999999999,0.5285714285714286,134,1
"18: Representative Metals, Metalloids, and Nonmetals",18.14: Summary,https://chem.libretexts.org/Bookshelves/General_Chemistry/Chemistry_2e_(OpenStax)/18%3A_Representative_Metals_Metalloids_and_Nonmetals/18.14%3A_Summary,General,0.5399999999999999,0.5285714285714286,1233,0
"18: Representative Metals, Metalloids, and Nonmetals",18.15: Exercises,https://chem.libretexts.org/Bookshelves/General_Chemistry/Chemistry_2e_(OpenStax)/18%3A_Representative_Metals_Metalloids_and_Nonmetals/18.15%3A_Exercises,General,0.5399999999999999,0.5285714285714286,2751,1
19: Transition Metals and Coordination Chemistry,19.0: Introduction,https://chem.libretexts.org/Bookshelves/General_Chemistry/Chemistry_2e_(OpenStax)/19%3A_Transition_Metals_and_Coordination_Chemistry/19.00%3A_Introduction,General,0.5399999999999999,0.5285714285714286,325,1
19: Transition Metals and Coordination Chemistry,"19.1: Occurrence, Preparation, and Properties of Transition Metals and Their Compounds",https://chem.libretexts.org/Bookshelves/General_Chemistry/Chemistry_2e_(OpenStax)/19%3A_Transition_Metals_and_Coordination_Chemistry/19.01%3A_Occurrence_Preparation_and_Properties_of_Transition_Metals_and_Their_Compounds,General,0.5399999999999999,0.5285714285714286,5268,11
19: Transition Metals and Coordination Chemistry,19.2: Coordination Chemistry of Transition Metals,https://chem.libretexts.org/Bookshelves/General_Chemistry/Chemistry_2e_(OpenStax)/19%3A_Transition_Metals_and_Coordination_Chemistry/19.02%3A_Coordination_Chemistry_of_Transition_Metals,General,0.5399999999999999,0.5285714285714286,3613,23
19: Transition Metals and Coordination Chemistry,19.3: Spectroscopic and Magnetic Properties of Coordination Compounds,https://chem.libretexts.org/Bookshelves/General_Chemistry/Chemistry_2e_(OpenStax)/19%3A_Transition_Metals_and_Coordination_Chemistry/19.03%3A_Spectroscopic_and_Magnetic_Properties_of_Coordination_Compounds,General,0.5399999999999999,0.5285714285714286,2653,11
19: Transition Metals and Coordination Chemistry,19.4: Key Terms,https://chem.libretexts.org/Bookshelves/General_Chemistry/Chemistry_2e_(OpenStax)/19%3A_Transition_Metals_and_Coordination_Chemistry/19.04%3A_Key_Terms,General,0.5399999999999999,0.5285714285714286,134,1
19: Transition Metals and Coordination Chemistry,19.5: Summary,https://chem.libretexts.org/Bookshelves/General_Chemistry/Chemistry_2e_(OpenStax)/19%3A_Transition_Metals_and_Coordination_Chemistry/19.05%3A_Summary,General,0.5399999999999999,0.5285714285714286,576,0
19: Transition Metals and Coordination Chemistry,19.6: Exercises,https://chem.libretexts.org/Bookshelves/General_Chemistry/Chemistry_2e_(OpenStax)/19%3A_Transition_Metals_and_Coordination_Chemistry/19.06%3A_Exercises,General,0.5399999999999999,0.5285714285714286,1381,1
20: Organic Chemistry,20.0: Introduction,https://chem.libretexts.org/Bookshelves/General_Chemistry/Chemistry_2e_(OpenStax)/20%3A_Organic_Chemistry/20.00%3A_Introduction,General,0.5399999999999999,0.5285714285714286,451,2
20: Organic Chemistry,20.1: Hydrocarbons,https://chem.libretexts.org/Bookshelves/General_Chemistry/Chemistry_2e_(OpenStax)/20%3A_Organic_Chemistry/20.01%3A_Hydrocarbons,General,0.5399999999999999,0.5285714285714286,4211,43
20: Organic Chemistry,20.2: Alcohols and Ethers,https://chem.libretexts.org/Bookshelves/General_Chemistry/Chemistry_2e_(OpenStax)/20%3A_Organic_Chemistry/20.02%3A_Alcohols_and_Ethers,General,0.5399999999999999,0.5285714285714286,1502,12
20: Organic Chemistry,"20.3: Aldehydes, Ketones, Carboxylic Acids, and Esters",https://chem.libretexts.org/Bookshelves/General_Chemistry/Chemistry_2e_(OpenStax)/20%3A_Organic_Chemistry/20.03%3A_Aldehydes_Ketones_Carboxylic_Acids_and_Esters,General,0.5399999999999999,0.5285714285714286,1905,16
20: Organic Chemistry,20.4: Amines and Amides,https://chem.libretexts.org/Bookshelves/General_Chemistry/Chemistry_2e_(OpenStax)/20%3A_Organic_Chemistry/20.04%3A_Amines_and_Amides,General,0.5399999999999999,0.5285714285714286,1997,15
20: Organic Chemistry,20.5: Key Terms,https://chem.libretexts.org/Bookshelves/General_Chemistry/Chemistry_2e_(OpenStax)/20%3A_Organic_Chemistry/20.05%3A_Key_Terms,General,0.5399999999999999,0.5285714285714286,134,1
20: Organic Chemistry,20.6: Summary,https://chem.libretexts.org/Bookshelves/General_Chemistry/Chemistry_2e_(OpenStax)/20%3A_Organic_Chemistry/20.06%3A_Summary,General,0.5399999999999999,0.5285714285714286,475,0
20: Organic Chemistry,20.7: Exercises,https://chem.libretexts.org/Bookshelves/General_Chemistry/Chemistry_2e_(OpenStax)/20%3A_Organic_Chemistry/20.07%3A_Exercises,General,0.5399999999999999,0.5285714285714286,1489,22
21: Nuclear Chemistry,21.0: Introduction,https://chem.libretexts.org/Bookshelves/General_Chemistry/Chemistry_2e_(OpenStax)/21%3A_Nuclear_Chemistry/21.00%3A_Introduction,General,0.5399999999999999,0.5285714285714286,234,1
21: Nuclear Chemistry,21.1: Nuclear Structure and Stability,https://chem.libretexts.org/Bookshelves/General_Chemistry/Chemistry_2e_(OpenStax)/21%3A_Nuclear_Chemistry/21.01%3A_Nuclear_Structure_and_Stability,General,0.5399999999999999,0.5285714285714286,2163,3
21: Nuclear Chemistry,21.2: Nuclear Equations,https://chem.libretexts.org/Bookshelves/General_Chemistry/Chemistry_2e_(OpenStax)/21%3A_Nuclear_Chemistry/21.02%3A_Nuclear_Equations,General,0.5399999999999999,0.5285714285714286,912,2
21: Nuclear Chemistry,21.3: Radioactive Decay,https://chem.libretexts.org/Bookshelves/General_Chemistry/Chemistry_2e_(OpenStax)/21%3A_Nuclear_Chemistry/21.03%3A_Radioactive_Decay,General,0.5399999999999999,0.5285714285714286,3747,9
21: Nuclear Chemistry,21.4: Transmutation and Nuclear Energy,https://chem.libretexts.org/Bookshelves/General_Chemistry/Chemistry_2e_(OpenStax)/21%3A_Nuclear_Chemistry/21.04%3A_Transmutation_and_Nuclear_Energy,General,0.5399999999999999,0.5285714285714286,4211,12
21: Nuclear Chemistry,21.5: Uses of Radioisotopes,https://chem.libretexts.org/Bookshelves/General_Chemistry/Chemistry_2e_(OpenStax)/21%3A_Nuclear_Chemistry/21.05%3A_Uses_of_Radioisotopes,General,0.5399999999999999,0.5285714285714286,1242,7
21: Nuclear Chemistry,21.6: Biological Effects of Radiation,https://chem.libretexts.org/Bookshelves/General_Chemistry/Chemistry_2e_(OpenStax)/21%3A_Nuclear_Chemistry/21.06%3A_Biological_Effects_of_Radiation,General,0.5399999999999999,0.5285714285714286,1879,10
21: Nuclear Chemistry,21.7: Key Terms,https://chem.libretexts.org/Bookshelves/General_Chemistry/Chemistry_2e_(OpenStax)/21%3A_Nuclear_Chemistry/21.07%3A_Key_Terms,General,0.5399999999999999,0.5285714285714286,134,1
21: Nuclear Chemistry,21.8: Key Equations,https://chem.libretexts.org/Bookshelves/General_Chemistry/Chemistry_2e_(OpenStax)/21%3A_Nuclear_Chemistry/21.08%3A_Key_Equations,General,0.5399999999999999,0.5285714285714286,134,0
21: Nuclear Chemistry,21.9: Summary,https://chem.libretexts.org/Bookshelves/General_Chemistry/Chemistry_2e_(OpenStax)/21%3A_Nuclear_Chemistry/21.09%3A_Summary,General,0.5399999999999999,0.5285714285714286,973,0
21: Nuclear Chemistry,21.10: Exercises,https://chem.libretexts.org/Bookshelves/General_Chemistry/Chemistry_2e_(OpenStax)/21%3A_Nuclear_Chemistry/21.10%3A_Exercises,General,0.5399999999999999,0.5285714285714286,1789,1
1: Structure and Bonding,1.0: Why This Chapter?,https://chem.libretexts.org/Bookshelves/Organic_Chemistry/Organic_Chemistry_(OpenStax)/01%3A_Structure_and_Bonding/1.00%3A_Why_This_Chapter,Organic,0.5242857142857144,0.5,634,4
1: Structure and Bonding,1.1: Atomic Structure - The Nucleus,https://chem.libretexts.org/Bookshelves/Organic_Chemistry/Organic_Chemistry_(OpenStax)/01%3A_Structure_and_Bonding/1.01%3A_Atomic_Structure_-_The_Nucleus,Organic,0.5242857142857144,0.5,594,2
1: Structure and Bonding,1.2: Atomic Structure - Orbitals,https://chem.libretexts.org/Bookshelves/Organic_Chemistry/Organic_Chemistry_(OpenStax)/01%3A_Structure_and_Bonding/1.02%3A_Atomic_Structure_-_Orbitals,Organic,0.5242857142857144,0.5,775,4
1: Structure and Bonding,1.3: Atomic Structure - Electron Configurations,https://chem.libretexts.org/Bookshelves/Organic_Chemistry/Organic_Chemistry_(OpenStax)/01%3A_Structure_and_Bonding/1.03%3A_Atomic_Structure_-_Electron_Configurations,Organic,0.5242857142857144,0.5,430,5
1: Structure and Bonding,1.4: Development of Chemical Bonding Theory,https://chem.libretexts.org/Bookshelves/Organic_Chemistry/Organic_Chemistry_(OpenStax)/01%3A_Structure_and_Bonding/1.04%3A_Development_of_Chemical_Bonding_Theory,Organic,0.5242857142857144,0.5,1421,13
1: Structure and Bonding,1.5: Describing Chemical Bonds - Valence Bond Theory,https://chem.libretexts.org/Bookshelves/Organic_Chemistry/Organic_Chemistry_(OpenStax)/01%3A_Structure_and_Bonding/1.05%3A_Describing_Chemical_Bonds_-_Valence_Bond_Theory,Organic,0.5242857142857144,0.5,587,5
1: Structure and Bonding,1.6: sp³ Hybrid Orbitals and the Structure of Methane,https://chem.libretexts.org/Bookshelves/Organic_Chemistry/Organic_Chemistry_(OpenStax)/01%3A_Structure_and_Bonding/1.06%3A_sp_Hybrid_Orbitals_and_the_Structure_of_Methane,Organic,0.5242857142857144,0.5,598,3
1: Structure and Bonding,1.7: sp³ Hybrid Orbitals and the Structure of Ethane,https://chem.libretexts.org/Bookshelves/Organic_Chemistry/Organic_Chemistry_(OpenStax)/01%3A_Structure_and_Bonding/1.07%3A_sp_Hybrid_Orbitals_and_the_Structure_of_Ethane,Organic,0.5242857142857144,0.5,373,6
1: Structure and Bonding,1.8: sp² Hybrid Orbitals and the Structure of Ethylene,https://chem.libretexts.org/Bookshelves/Organic_Chemistry/Organic_Chemistry_(OpenStax)/01%3A_Structure_and_Bonding/1.08%3A_sp_Hybrid_Orbitals_and_the_Structure_of_Ethylene,Organic,0.5242857142857144,0.5,879,8
1: Structure and Bonding,1.9: sp Hybrid Orbitals and the Structure of Acetylene,https://chem.libretexts.org/Bookshelves/Organic_Chemistry/Organic_Chemistry_(OpenStax)/01%3A_Structure_and_Bonding/1.09%3A_sp_Hybrid_Orbitals_and_the_Structure_of_Acetylene,Organic,0.5242857142857144,0.5,508,4
1: Structure and Bonding,"1.10: Hybridization of Nitrogen, Oxygen, Phosphorus and Sulfur",https://chem.libretexts.org/Bookshelves/Organic_Chemistry/Organic_Chemistry_(OpenStax)/01%3A_Structure_and_Bonding/1.10%3A_Hybridization_of_Nitrogen_Oxygen_Phosphorus_and_Sulfur,Organic,0.5242857142857144,0.5,664,7
1: Structure and Bonding,1.11: Describing Chemical Bonds - Molecular Orbital Theory,https://chem.libretexts.org/Bookshelves/Organic_Chemistry/Organic_Chemistry_(OpenStax)/01%3A_Structure_and_Bonding/1.11%3A_Describing_Chemical_Bonds_-_Molecular_Orbital_Theory,Organic,0.5242857142857144,0.5,678,3
1: Structure and Bonding,1.12: Drawing Chemical Structures,https://chem.libretexts.org/Bookshelves/Organic_Chemistry/Organic_Chemistry_(OpenStax)/01%3A_Structure_and_Bonding/1.12%3A_Drawing_Chemical_Structures,Organic,0.5242857142857144,0.5,716,20
1: Structure and Bonding,1.13: Chemistry Matters—Organic Foods- Risk versus Benefit,https://chem.libretexts.org/Bookshelves/Organic_Chemistry/Organic_Chemistry_(OpenStax)/01%3A_Structure_and_Bonding/1.13%3A_Chemistry_MattersOrganic_Foods-_Risk_versus_Benefit,Organic,0.5242857142857144,0.5,784,3
1: Structure and Bonding,1.14: Key Terms,https://chem.libretexts.org/Bookshelves/Organic_Chemistry/Organic_Chemistry_(OpenStax)/01%3A_Structure_and_Bonding/1.14%3A_Key_Terms,Organic,0.5242857142857144,0.5,152,1
1: Structure and Bonding,1.15: Summary,https://chem.libretexts.org/Bookshelves/Organic_Chemistry/Organic_Chemistry_(OpenStax)/01%3A_Structure_and_Bonding/1.15%3A_Summary,Organic,0.5242857142857144,0.5,754,1
2: Polar Covalent Bonds; Acids and Bases,2.0: Why This Chapter?,https://chem.libretexts.org/Bookshelves/Organic_Chemistry/Organic_Chemistry_(OpenStax)/02%3A_Polar_Covalent_Bonds_Acids_and_Bases/2.00%3A_Why_This_Chapter,Organic,0.5242857142857144,0.5,314,2
2: Polar Covalent Bonds; Acids and Bases,2.1: Polar Covalent Bonds - Electronegativity,https://chem.libretexts.org/Bookshelves/Organic_Chemistry/Organic_Chemistry_(OpenStax)/02%3A_Polar_Covalent_Bonds_Acids_and_Bases/2.01%3A_Polar_Covalent_Bonds_-_Electronegativity,Organic,0.5242857142857144,0.5,984,7
2: Polar Covalent Bonds; Acids and Bases,2.2: Polar Covalent Bonds - Dipole Moments,https://chem.libretexts.org/Bookshelves/Organic_Chemistry/Organic_Chemistry_(OpenStax)/02%3A_Polar_Covalent_Bonds_Acids_and_Bases/2.02%3A_Polar_Covalent_Bonds_-_Dipole_Moments,Organic,0.5242857142857144,0.5,715,10
2: Polar Covalent Bonds; Acids and Bases,2.3: Formal Charges,https://chem.libretexts.org/Bookshelves/Organic_Chemistry/Organic_Chemistry_(OpenStax)/02%3A_Polar_Covalent_Bonds_Acids_and_Bases/2.03%3A_Formal_Charges,Organic,0.5242857142857144,0.5,750,17
2: Polar Covalent Bonds; Acids and Bases,2.4: Resonance,https://chem.libretexts.org/Bookshelves/Organic_Chemistry/Organic_Chemistry_(OpenStax)/02%3A_Polar_Covalent_Bonds_Acids_and_Bases/2.04%3A_Resonance,Organic,0.5242857142857144,0.5,622,4
2: Polar Covalent Bonds; Acids and Bases,2.5: Rules for Resonance Forms,https://chem.libretexts.org/Bookshelves/Organic_Chemistry/Organic_Chemistry_(OpenStax)/02%3A_Polar_Covalent_Bonds_Acids_and_Bases/2.05%3A_Rules_for_Resonance_Forms,Organic,0.5242857142857144,0.5,702,5
2: Polar Covalent Bonds; Acids and Bases,2.6: Drawing Resonance Forms,https://chem.libretexts.org/Bookshelves/Organic_Chemistry/Organic_Chemistry_(OpenStax)/02%3A_Polar_Covalent_Bonds_Acids_and_Bases/2.06%3A_Drawing_Resonance_Forms,Organic,0.5242857142857144,0.5,649,19
2: Polar Covalent Bonds; Acids and Bases,2.7: Acids and Bases - The Brønsted-Lowry Definition,https://chem.libretexts.org/Bookshelves/Organic_Chemistry/Organic_Chemistry_(OpenStax)/02%3A_Polar_Covalent_Bonds_Acids_and_Bases/2.07%3A_Acids_and_Bases_-_The_Brnsted-Lowry_Definition,Organic,0.5242857142857144,0.5,539,5
2: Polar Covalent Bonds; Acids and Bases,2.8: Acid and Base Strength,https://chem.libretexts.org/Bookshelves/Organic_Chemistry/Organic_Chemistry_(OpenStax)/02%3A_Polar_Covalent_Bonds_Acids_and_Bases/2.08%3A_Acid_and_Base_Strength,Organic,0.5242857142857144,0.5,835,4
2: Polar Covalent Bonds; Acids and Bases,2.9: Predicting Acid-Base Reactions from pKa Values,https://chem.libretexts.org/Bookshelves/Organic_Chemistry/Organic_Chemistry_(OpenStax)/02%3A_Polar_Covalent_Bonds_Acids_and_Bases/2.09%3A_Predicting_Acid-Base_Reactions_from_pKa_Values,Organic,0.5242857142857144,0.5,651,7
2: Polar Covalent Bonds; Acids and Bases,2.10: Organic Acids and Organic Bases,https://chem.libretexts.org/Bookshelves/Organic_Chemistry/Organic_Chemistry_(OpenStax)/02%3A_Polar_Covalent_Bonds_Acids_and_Bases/2.10%3A_Organic_Acids_and_Organic_Bases,Organic,0.5242857142857144,0.5,683,8
2: Polar Covalent Bonds; Acids and Bases,2.11: Acids and Bases - The Lewis Definition,https://chem.libretexts.org/Bookshelves/Organic_Chemistry/Organic_Chemistry_(OpenStax)/02%3A_Polar_Covalent_Bonds_Acids_and_Bases/2.11%3A_Acids_and_Bases_-_The_Lewis_Definition,Organic,0.5242857142857144,0.5,874,14
2: Polar Covalent Bonds; Acids and Bases,2.12: Noncovalent Interactions Between Molecules,https://chem.libretexts.org/Bookshelves/Organic_Chemistry/Organic_Chemistry_(OpenStax)/02%3A_Polar_Covalent_Bonds_Acids_and_Bases/2.12%3A_Noncovalent_Interactions_Between_Molecules,Organic,0.5242857142857144,0.5,666,7
2: Polar Covalent Bonds; Acids and Bases,2.13: Chemistry Matters—Alkaloids- From Cocaine to Dental Anesthetics,https://chem.libretexts.org/Bookshelves/Organic_Chemistry/Organic_Chemistry_(OpenStax)/02%3A_Polar_Covalent_Bonds_Acids_and_Bases/2.13%3A_Chemistry_MattersAlkaloids-_From_Cocaine_to_Dental_Anesthetics,Organic,0.5242857142857144,0.5,545,5
2: Polar Covalent Bonds; Acids and Bases,2.14: Key Terms,https://chem.libretexts.org/Bookshelves/Organic_Chemistry/Organic_Chemistry_(OpenStax)/02%3A_Polar_Covalent_Bonds_Acids_and_Bases/2.14%3A_Key_Terms,Organic,0.5242857142857144,0.5,152,1
2: Polar Covalent Bonds; Acids and Bases,2.15: Summary,https://chem.libretexts.org/Bookshelves/Organic_Chemistry/Organic_Chemistry_(OpenStax)/02%3A_Polar_Covalent_Bonds_Acids_and_Bases/2.15%3A_Summary,Organic,0.5242857142857144,0.5,625,1
3: Organic Compounds- Alkanes and Their Stereochemistry,3.0: Why This Chapter?,https://chem.libretexts.org/Bookshelves/Organic_Chemistry/Organic_Chemistry_(OpenStax)/03%3A_Organic_Compounds-_Alkanes_and_Their_Stereochemistry/3.00%3A_Why_This_Chapter,Organic,0.5242857142857144,0.5,341,2
3: Organic Compounds- Alkanes and Their Stereochemistry,3.1: Functional Groups,https://chem.libretexts.org/Bookshelves/Organic_Chemistry/Organic_Chemistry_(OpenStax)/03%3A_Organic_Compounds-_Alkanes_and_Their_Stereochemistry/3.01%3A_Functional_Groups,Organic,0.5242857142857144,0.5,737,48
3: Organic Compounds- Alkanes and Their Stereochemistry,3.2: Alkanes and Alkane Isomers,https://chem.libretexts.org/Bookshelves/Organic_Chemistry/Organic_Chemistry_(OpenStax)/03%3A_Organic_Compounds-_Alkanes_and_Their_Stereochemistry/3.02%3A_Alkanes_and_Alkane_Isomers,Organic,0.5242857142857144,0.5,965,12
3: Organic Compounds- Alkanes and Their Stereochemistry,3.3: Alkyl Groups,https://chem.libretexts.org/Bookshelves/Organic_Chemistry/Organic_Chemistry_(OpenStax)/03%3A_Organic_Compounds-_Alkanes_and_Their_Stereochemistry/3.03%3A_Alkyl_Groups,Organic,0.5242857142857144,0.5,629,18
3: Organic Compounds- Alkanes and Their Stereochemistry,3.4: Naming Alkanes,https://chem.libretexts.org/Bookshelves/Organic_Chemistry/Organic_Chemistry_(OpenStax)/03%3A_Organic_Compounds-_Alkanes_and_Their_Stereochemistry/3.04%3A_Naming_Alkanes,Organic,0.5242857142857144,0.5,1094,28
3: Organic Compounds- Alkanes and Their Stereochemistry,3.5: Properties of Alkanes,https://chem.libretexts.org/Bookshelves/Organic_Chemistry/Organic_Chemistry_(OpenStax)/03%3A_Organic_Compounds-_Alkanes_and_Their_Stereochemistry/3.05%3A_Properties_of_Alkanes,Organic,0.5242857142857144,0.5,534,3
3: Organic Compounds- Alkanes and Their Stereochemistry,3.6: Conformations of Ethane,https://chem.libretexts.org/Bookshelves/Organic_Chemistry/Organic_Chemistry_(OpenStax)/03%3A_Organic_Compounds-_Alkanes_and_Their_Stereochemistry/3.06%3A_Conformations_of_Ethane,Organic,0.5242857142857144,0.5,697,5
3: Organic Compounds- Alkanes and Their Stereochemistry,3.7: Conformations of Other Alkanes,https://chem.libretexts.org/Bookshelves/Organic_Chemistry/Organic_Chemistry_(OpenStax)/03%3A_Organic_Compounds-_Alkanes_and_Their_Stereochemistry/3.07%3A_Conformations_of_Other_Alkanes,Organic,0.5242857142857144,0.5,908,16
3: Organic Compounds- Alkanes and Their Stereochemistry,3.8: Chemistry Matters—Gasoline,https://chem.libretexts.org/Bookshelves/Organic_Chemistry/Organic_Chemistry_(OpenStax)/03%3A_Organic_Compounds-_Alkanes_and_Their_Stereochemistry/3.08%3A_Chemistry_MattersGasoline,Organic,0.5242857142857144,0.5,641,3
3: Organic Compounds- Alkanes and Their Stereochemistry,3.9: Key Terms,https://chem.libretexts.org/Bookshelves/Organic_Chemistry/Organic_Chemistry_(OpenStax)/03%3A_Organic_Compounds-_Alkanes_and_Their_Stereochemistry/3.09%3A_Key_Terms,Organic,0.5242857142857144,0.5,152,1
3: Organic Compounds- Alkanes and Their Stereochemistry,3.10: Summary,https://chem.libretexts.org/Bookshelves/Organic_Chemistry/Organic_Chemistry_(OpenStax)/03%3A_Organic_Compounds-_Alkanes_and_Their_Stereochemistry/3.10%3A_Summary,Organic,0.5242857142857144,0.5,434,1
4: Organic Compounds - Cycloalkanes and their Stereochemistry,4.0: Why This Chapter?,https://chem.libretexts.org/Bookshelves/Organic_Chemistry/Organic_Chemistry_(OpenStax)/04%3A_Organic_Compounds_-_Cycloalkanes_and_their_Stereochemistry/4.00%3A_Why_This_Chapter,Organic,0.5242857142857144,0.5,297,5
4: Organic Compounds - Cycloalkanes and their Stereochemistry,4.1: Naming Cycloalkanes,https://chem.libretexts.org/Bookshelves/Organic_Chemistry/Organic_Chemistry_(OpenStax)/04%3A_Organic_Compounds_-_Cycloalkanes_and_their_Stereochemistry/4.01%3A_Naming_Cycloalkanes,Organic,0.5242857142857144,0.5,425,19
4: Organic Compounds - Cycloalkanes and their Stereochemistry,4.2: Cis-Trans Isomerism in Cycloalkanes,https://chem.libretexts.org/Bookshelves/Organic_Chemistry/Organic_Chemistry_(OpenStax)/04%3A_Organic_Compounds_-_Cycloalkanes_and_their_Stereochemistry/4.02%3A_Cis-Trans_Isomerism_in_Cycloalkanes,Organic,0.5242857142857144,0.5,659,14
4: Organic Compounds - Cycloalkanes and their Stereochemistry,4.3: Stability of Cycloalkanes - Ring Strain,https://chem.libretexts.org/Bookshelves/Organic_Chemistry/Organic_Chemistry_(OpenStax)/04%3A_Organic_Compounds_-_Cycloalkanes_and_their_Stereochemistry/4.03%3A_Stability_of_Cycloalkanes_-_Ring_Strain,Organic,0.5242857142857144,0.5,740,3
4: Organic Compounds - Cycloalkanes and their Stereochemistry,4.4: Conformations of Cycloalkanes,https://chem.libretexts.org/Bookshelves/Organic_Chemistry/Organic_Chemistry_(OpenStax)/04%3A_Organic_Compounds_-_Cycloalkanes_and_their_Stereochemistry/4.04%3A_Conformations_of_Cycloalkanes,Organic,0.5242857142857144,0.5,589,7
4: Organic Compounds - Cycloalkanes and their Stereochemistry,4.5: Conformations of Cyclohexane,https://chem.libretexts.org/Bookshelves/Organic_Chemistry/Organic_Chemistry_(OpenStax)/04%3A_Organic_Compounds_-_Cycloalkanes_and_their_Stereochemistry/4.05%3A_Conformations_of_Cyclohexane,Organic,0.5242857142857144,0.5,425,6
4: Organic Compounds - Cycloalkanes and their Stereochemistry,4.6: Axial and Equatorial Bonds in Cyclohexane,https://chem.libretexts.org/Bookshelves/Organic_Chemistry/Organic_Chemistry_(OpenStax)/04%3A_Organic_Compounds_-_Cycloalkanes_and_their_Stereochemistry/4.06%3A_Axial_and_Equatorial_Bonds_in_Cyclohexane,Organic,0.5242857142857144,0.5,758,11
4: Organic Compounds - Cycloalkanes and their Stereochemistry,4.7: Conformations of Monosubstituted Cyclohexanes,https://chem.libretexts.org/Bookshelves/Organic_Chemistry/Organic_Chemistry_(OpenStax)/04%3A_Organic_Compounds_-_Cycloalkanes_and_their_Stereochemistry/4.07%3A_Conformations_of_Monosubstituted_Cyclohexanes,Organic,0.5242857142857144,0.5,623,5
4: Organic Compounds - Cycloalkanes and their Stereochemistry,4.8: Conformations of Disubstituted Cyclohexanes,https://chem.libretexts.org/Bookshelves/Organic_Chemistry/Organic_Chemistry_(OpenStax)/04%3A_Organic_Compounds_-_Cycloalkanes_and_their_Stereochemistry/4.08%3A_Conformations_of_Disubstituted_Cyclohexanes,Organic,0.5242857142857144,0.5,886,7
4: Organic Compounds - Cycloalkanes and their Stereochemistry,4.9: Conformations of Polycyclic Molecules,https://chem.libretexts.org/Bookshelves/Organic_Chemistry/Organic_Chemistry_(OpenStax)/04%3A_Organic_Compounds_-_Cycloalkanes_and_their_Stereochemistry/4.09%3A_Conformations_of_Polycyclic_Molecules,Organic,0.5242857142857144,0.5,567,7
4: Organic Compounds - Cycloalkanes and their Stereochemistry,4.10: Chemistry Matters—Molecular Mechanics,https://chem.libretexts.org/Bookshelves/Organic_Chemistry/Organic_Chemistry_(OpenStax)/04%3A_Organic_Compounds_-_Cycloalkanes_and_their_Stereochemistry/4.10%3A_Chemistry_MattersMolecular_Mechanics,Organic,0.5242857142857144,0.5,433,3
4: Organic Compounds - Cycloalkanes and their Stereochemistry,4.11: Key Terms,https://chem.libretexts.org/Bookshelves/Organic_Chemistry/Organic_Chemistry_(OpenStax)/04%3A_Organic_Compounds_-_Cycloalkanes_and_their_Stereochemistry/4.11%3A_Key_Terms,Organic,0.5242857142857144,0.5,152,1
4: Organic Compounds - Cycloalkanes and their Stereochemistry,4.12: Summary,https://chem.libretexts.org/Bookshelves/Organic_Chemistry/Organic_Chemistry_(OpenStax)/04%3A_Organic_Compounds_-_Cycloalkanes_and_their_Stereochemistry/4.12%3A_Summary,Organic,0.5242857142857144,0.5,513,1
5: Stereochemistry at Tetrahedral Centers,5.0: Why This Chapter?,https://chem.libretexts.org/Bookshelves/Organic_Chemistry/Organic_Chemistry_(OpenStax)/05%3A_Stereochemistry_at_Tetrahedral_Centers/5.00%3A_Why_This_Chapter,Organic,0.5242857142857144,0.5,355,3
5: Stereochemistry at Tetrahedral Centers,5.1: Enantiomers and the Tetrahedral Carbon,https://chem.libretexts.org/Bookshelves/Organic_Chemistry/Organic_Chemistry_(OpenStax)/05%3A_Stereochemistry_at_Tetrahedral_Centers/5.01%3A_Enantiomers_and_the_Tetrahedral_Carbon,Organic,0.5242857142857144,0.5,448,4
5: Stereochemistry at Tetrahedral Centers,5.2: The Reason for Handedness in Molecules - Chirality,https://chem.libretexts.org/Bookshelves/Organic_Chemistry/Organic_Chemistry_(OpenStax)/05%3A_Stereochemistry_at_Tetrahedral_Centers/5.02%3A_The_Reason_for_Handedness_in_Molecules_-_Chirality,Organic,0.5242857142857144,0.5,903,19
5: Stereochemistry at Tetrahedral Centers,5.3: Optical Activity,https://chem.libretexts.org/Bookshelves/Organic_Chemistry/Organic_Chemistry_(OpenStax)/05%3A_Stereochemistry_at_Tetrahedral_Centers/5.03%3A_Optical_Activity,Organic,0.5242857142857144,0.5,890,3
5: Stereochemistry at Tetrahedral Centers,5.4: Pasteur's Discovery of Enantiomers,https://chem.libretexts.org/Bookshelves/Organic_Chemistry/Organic_Chemistry_(OpenStax)/05%3A_Stereochemistry_at_Tetrahedral_Centers/5.04%3A_Pasteur's_Discovery_of_Enantiomers,Organic,0.5242857142857144,0.5,435,2
5: Stereochemistry at Tetrahedral Centers,5.5: Sequence Rules for Specifying Configuration,https://chem.libretexts.org/Bookshelves/Organic_Chemistry/Organic_Chemistry_(OpenStax)/05%3A_Stereochemistry_at_Tetrahedral_Centers/5.05%3A_Sequence_Rules_for_Specifying_Configuration,Organic,0.5242857142857144,0.5,1295,20
5: Stereochemistry at Tetrahedral Centers,5.6: Diastereomers,https://chem.libretexts.org/Bookshelves/Organic_Chemistry/Organic_Chemistry_(OpenStax)/05%3A_Stereochemistry_at_Tetrahedral_Centers/5.06%3A_Diastereomers,Organic,0.5242857142857144,0.5,715,9
5: Stereochemistry at Tetrahedral Centers,5.7: Meso Compounds,https://chem.libretexts.org/Bookshelves/Organic_Chemistry/Organic_Chemistry_(OpenStax)/05%3A_Stereochemistry_at_Tetrahedral_Centers/5.07%3A_Meso_Compounds,Organic,0.5242857142857144,0.5,565,11
5: Stereochemistry at Tetrahedral Centers,5.8: Racemic Mixtures and the Resolution of Enantiomers,https://chem.libretexts.org/Bookshelves/Organic_Chemistry/Organic_Chemistry_(OpenStax)/05%3A_Stereochemistry_at_Tetrahedral_Centers/5.08%3A_Racemic_Mixtures_and_the_Resolution_of_Enantiomers,Organic,0.5242857142857144,0.5,859,7
5: Stereochemistry at Tetrahedral Centers,5.9: A Review of Isomerism,https://chem.libretexts.org/Bookshelves/Organic_Chemistry/Organic_Chemistry_(OpenStax)/05%3A_Stereochemistry_at_Tetrahedral_Centers/5.09%3A_A_Review_of_Isomerism,Organic,0.5242857142857144,0.5,298,4
5: Stereochemistry at Tetrahedral Centers,"5.10: Chirality at Nitrogen, Phosphorus, and Sulfur",https://chem.libretexts.org/Bookshelves/Organic_Chemistry/Organic_Chemistry_(OpenStax)/05%3A_Stereochemistry_at_Tetrahedral_Centers/5.10%3A_Chirality_at_Nitrogen_Phosphorus_and_Sulfur,Organic,0.5242857142857144,0.5,484,4
5: Stereochemistry at Tetrahedral Centers,5.11: Prochirality,https://chem.libretexts.org/Bookshelves/Organic_Chemistry/Organic_Chemistry_(OpenStax)/05%3A_Stereochemistry_at_Tetrahedral_Centers/5.11%3A_Prochirality,Organic,0.5242857142857144,0.5,874,18
5: Stereochemistry at Tetrahedral Centers,5.12: Chirality in Nature and Chiral Environments,https://chem.libretexts.org/Bookshelves/Organic_Chemistry/Organic_Chemistry_(OpenStax)/05%3A_Stereochemistry_at_Tetrahedral_Centers/5.12%3A_Chirality_in_Nature_and_Chiral_Environments,Organic,0.5242857142857144,0.5,580,4
5: Stereochemistry at Tetrahedral Centers,5.13: Chemistry Matters—Chiral Drugs,https://chem.libretexts.org/Bookshelves/Organic_Chemistry/Organic_Chemistry_(OpenStax)/05%3A_Stereochemistry_at_Tetrahedral_Centers/5.13%3A_Chemistry_MattersChiral_Drugs,Organic,0.5242857142857144,0.5,515,4
5: Stereochemistry at Tetrahedral Centers,5.14: Key Terms,https://chem.libretexts.org/Bookshelves/Organic_Chemistry/Organic_Chemistry_(OpenStax)/05%3A_Stereochemistry_at_Tetrahedral_Centers/5.14%3A_Key_Terms,Organic,0.5242857142857144,0.5,152,1
5: Stereochemistry at Tetrahedral Centers,5.15: Summary,https://chem.libretexts.org/Bookshelves/Organic_Chemistry/Organic_Chemistry_(OpenStax)/05%3A_Stereochemistry_at_Tetrahedral_Centers/5.15%3A_Summary,Organic,0.5242857142857144,0.5,588,1
6: An Overview of Organic Reactions,6.0: Why This Chapter?,https://chem.libretexts.org/Bookshelves/Organic_Chemistry/Organic_Chemistry_(OpenStax)/06%3A_An_Overview_of_Organic_Reactions/6.00%3A_Why_This_Chapter,Organic,0.5242857142857144,0.5,403,2
6: An Overview of Organic Reactions,6.1: Kinds of Organic Reactions,https://chem.libretexts.org/Bookshelves/Organic_Chemistry/Organic_Chemistry_(OpenStax)/06%3A_An_Overview_of_Organic_Reactions/6.01%3A_Kinds_of_Organic_Reactions,Organic,0.5242857142857144,0.5,213,5
6: An Overview of Organic Reactions,6.2: How Organic Reactions Occur - Mechanisms,https://chem.libretexts.org/Bookshelves/Organic_Chemistry/Organic_Chemistry_(OpenStax)/06%3A_An_Overview_of_Organic_Reactions/6.02%3A_How_Organic_Reactions_Occur_-_Mechanisms,Organic,0.5242857142857144,0.5,601,5
6: An Overview of Organic Reactions,6.3: Polar Reactions,https://chem.libretexts.org/Bookshelves/Organic_Chemistry/Organic_Chemistry_(OpenStax)/06%3A_An_Overview_of_Organic_Reactions/6.03%3A_Polar_Reactions,Organic,0.5242857142857144,0.5,1171,26
6: An Overview of Organic Reactions,6.4: An Example of a Polar Reaction - Addition of HBr to Ethylene,https://chem.libretexts.org/Bookshelves/Organic_Chemistry/Organic_Chemistry_(OpenStax)/06%3A_An_Overview_of_Organic_Reactions/6.04%3A_An_Example_of_a_Polar_Reaction_-_Addition_of_HBr_to_Ethylene,Organic,0.5242857142857144,0.5,832,7
6: An Overview of Organic Reactions,6.5: Using Curved Arrows in Polar Reaction Mechanisms,https://chem.libretexts.org/Bookshelves/Organic_Chemistry/Organic_Chemistry_(OpenStax)/06%3A_An_Overview_of_Organic_Reactions/6.05%3A_Using_Curved_Arrows_in_Polar_Reaction_Mechanisms,Organic,0.5242857142857144,0.5,739,19
6: An Overview of Organic Reactions,6.6: Radical Reactions,https://chem.libretexts.org/Bookshelves/Organic_Chemistry/Organic_Chemistry_(OpenStax)/06%3A_An_Overview_of_Organic_Reactions/6.06%3A_Radical_Reactions,Organic,0.5242857142857144,0.5,671,9
6: An Overview of Organic Reactions,"6.7: Describing a Reaction - Equilibria,  Rates, and Energy Changes",https://chem.libretexts.org/Bookshelves/Organic_Chemistry/Organic_Chemistry_(OpenStax)/06%3A_An_Overview_of_Organic_Reactions/6.07%3A_Describing_a_Reaction_-_Equilibria__Rates_and_Energy_Changes,Organic,0.5242857142857144,0.5,1391,3
6: An Overview of Organic Reactions,6.8: Describing a Reaction - Bond  Dissociation Energies,https://chem.libretexts.org/Bookshelves/Organic_Chemistry/Organic_Chemistry_(OpenStax)/06%3A_An_Overview_of_Organic_Reactions/6.08%3A_Describing_a_Reaction_-_Bond__Dissociation_Energies,Organic,0.5242857142857144,0.5,568,13
6: An Overview of Organic Reactions,6.9: Describing a Reaction - Energy Diagrams and Transition States,https://chem.libretexts.org/Bookshelves/Organic_Chemistry/Organic_Chemistry_(OpenStax)/06%3A_An_Overview_of_Organic_Reactions/6.09%3A_Describing_a_Reaction_-_Energy_Diagrams_and_Transition_States,Organic,0.5242857142857144,0.5,900,5
6: An Overview of Organic Reactions,6.10: Describing a Reaction- Intermediates,https://chem.libretexts.org/Bookshelves/Organic_Chemistry/Organic_Chemistry_(OpenStax)/06%3A_An_Overview_of_Organic_Reactions/6.10%3A_Describing_a_Reaction-_Intermediates,Organic,0.5242857142857144,0.5,773,7
6: An Overview of Organic Reactions,6.11: A Comparison between Biological Reactions and Laboratory Reactions,https://chem.libretexts.org/Bookshelves/Organic_Chemistry/Organic_Chemistry_(OpenStax)/06%3A_An_Overview_of_Organic_Reactions/6.11%3A_A_Comparison_between_Biological_Reactions_and_Laboratory_Reactions,Organic,0.5242857142857144,0.5,729,4
6: An Overview of Organic Reactions,6.12: Chemistry Matters—Where Do Drugs Come From?,https://chem.libretexts.org/Bookshelves/Organic_Chemistry/Organic_Chemistry_(OpenStax)/06%3A_An_Overview_of_Organic_Reactions/6.12%3A_Chemistry_MattersWhere_Do_Drugs_Come_From,Organic,0.5242857142857144,0.5,655,4
6: An Overview of Organic Reactions,6.13: Key Terms,https://chem.libretexts.org/Bookshelves/Organic_Chemistry/Organic_Chemistry_(OpenStax)/06%3A_An_Overview_of_Organic_Reactions/6.13%3A_Key_Terms,Organic,0.5242857142857144,0.5,152,1
6: An Overview of Organic Reactions,6.14: Summary,https://chem.libretexts.org/Bookshelves/Organic_Chemistry/Organic_Chemistry_(OpenStax)/06%3A_An_Overview_of_Organic_Reactions/6.14%3A_Summary,Organic,0.5242857142857144,0.5,658,2
7: Alkenes - Structure and Reactivity,7.0: Why This Chapter?,https://chem.libretexts.org/Bookshelves/Organic_Chemistry/Organic_Chemistry_(OpenStax)/07%3A_Alkenes-_Structure_and_Reactivity/7.00%3A_Why_This_Chapter,Organic,0.5242857142857144,0.5,307,3
7: Alkenes - Structure and Reactivity,7.1: Industrial Preparation and Use of Alkenes,https://chem.libretexts.org/Bookshelves/Organic_Chemistry/Organic_Chemistry_(OpenStax)/07%3A_Alkenes-_Structure_and_Reactivity/7.01%3A_Industrial_Preparation_and_Use_of_Alkenes,Organic,0.5242857142857144,0.5,399,4
7: Alkenes - Structure and Reactivity,7.2: Calculating Degree of Unsaturation,https://chem.libretexts.org/Bookshelves/Organic_Chemistry/Organic_Chemistry_(OpenStax)/07%3A_Alkenes-_Structure_and_Reactivity/7.02%3A_Calculating_Degree_of_Unsaturation,Organic,0.5242857142857144,0.5,497,7
7: Alkenes - Structure and Reactivity,7.3: Naming Alkenes,https://chem.libretexts.org/Bookshelves/Organic_Chemistry/Organic_Chemistry_(OpenStax)/07%3A_Alkenes-_Structure_and_Reactivity/7.03%3A_Naming_Alkenes,Organic,0.5242857142857144,0.5,593,20
7: Alkenes - Structure and Reactivity,7.4: Cis-Trans Isomerism in Alkenes,https://chem.libretexts.org/Bookshelves/Organic_Chemistry/Organic_Chemistry_(OpenStax)/07%3A_Alkenes-_Structure_and_Reactivity/7.04%3A_Cis-Trans_Isomerism_in_Alkenes,Organic,0.5242857142857144,0.5,613,7
7: Alkenes - Structure and Reactivity,"7.5: Alkene Stereochemistry and the E,Z Designation",https://chem.libretexts.org/Bookshelves/Organic_Chemistry/Organic_Chemistry_(OpenStax)/07%3A_Alkenes-_Structure_and_Reactivity/7.05%3A_Alkene_Stereochemistry_and_the_EZ_Designation,Organic,0.5242857142857144,0.5,764,12
7: Alkenes - Structure and Reactivity,7.6: Stability of Alkenes,https://chem.libretexts.org/Bookshelves/Organic_Chemistry/Organic_Chemistry_(OpenStax)/07%3A_Alkenes-_Structure_and_Reactivity/7.06%3A_Stability_of_Alkenes,Organic,0.5242857142857144,0.5,857,12
7: Alkenes - Structure and Reactivity,7.7: Electrophilic Addition Reactions of Alkenes,https://chem.libretexts.org/Bookshelves/Organic_Chemistry/Organic_Chemistry_(OpenStax)/07%3A_Alkenes-_Structure_and_Reactivity/7.07%3A_Electrophilic_Addition_Reactions_of_Alkenes,Organic,0.5242857142857144,0.5,672,7
7: Alkenes - Structure and Reactivity,7.8: Orientation of Electrophilic Additions - Markovnikov's Rule,https://chem.libretexts.org/Bookshelves/Organic_Chemistry/Organic_Chemistry_(OpenStax)/07%3A_Alkenes-_Structure_and_Reactivity/7.08%3A_Orientation_of_Electrophilic_Additions_-_Markovnikov's_Rule,Organic,0.5242857142857144,0.5,664,17
7: Alkenes - Structure and Reactivity,7.9: Carbocation Structure and Stability,https://chem.libretexts.org/Bookshelves/Organic_Chemistry/Organic_Chemistry_(OpenStax)/07%3A_Alkenes-_Structure_and_Reactivity/7.09%3A_Carbocation_Structure_and_Stability,Organic,0.5242857142857144,0.5,774,11
7: Alkenes - Structure and Reactivity,7.10: The Hammond Postulate,https://chem.libretexts.org/Bookshelves/Organic_Chemistry/Organic_Chemistry_(OpenStax)/07%3A_Alkenes-_Structure_and_Reactivity/7.10%3A_The_Hammond_Postulate,Organic,0.5242857142857144,0.5,824,5
7: Alkenes - Structure and Reactivity,7.11: Evidence for the Mechanism of Electrophilic Additions - Carbocation Rearrangements,https://chem.libretexts.org/Bookshelves/Organic_Chemistry/Organic_Chemistry_(OpenStax)/07%3A_Alkenes-_Structure_and_Reactivity/7.11%3A_Evidence_for_the_Mechanism_of_Electrophilic_Additions_-_Carbocation_Rearrangements,Organic,0.5242857142857144,0.5,616,7
7: Alkenes - Structure and Reactivity,7.12: Chemistry Matters - Bioprospecting - Hunting for Natural Products,https://chem.libretexts.org/Bookshelves/Organic_Chemistry/Organic_Chemistry_(OpenStax)/07%3A_Alkenes-_Structure_and_Reactivity/7.12%3A_Chemistry_MattersBioprospecting-_Hunting_for_Natural_Products,Organic,0.5242857142857144,0.5,546,3
7: Alkenes - Structure and Reactivity,7.13: Key Terms,https://chem.libretexts.org/Bookshelves/Organic_Chemistry/Organic_Chemistry_(OpenStax)/07%3A_Alkenes-_Structure_and_Reactivity/7.13%3A_Key_Terms,Organic,0.5242857142857144,0.5,152,1
7: Alkenes - Structure and Reactivity,7.14: Summary,https://chem.libretexts.org/Bookshelves/Organic_Chemistry/Organic_Chemistry_(OpenStax)/07%3A_Alkenes-_Structure_and_Reactivity/7.14%3A_Summary,Organic,0.5242857142857144,0.5,568,1
8: Alkenes - Reactions and Synthesis,8.0: Why This Chapter?,https://chem.libretexts.org/Bookshelves/Organic_Chemistry/Organic_Chemistry_(OpenStax)/08%3A_Alkenes_-_Reactions_and_Synthesis/8.00%3A_Why_This_Chapter,Organic,0.5242857142857144,0.5,344,3
8: Alkenes - Reactions and Synthesis,8.1: Preparation of Alkenes - A Preview of Elimination Reactions,https://chem.libretexts.org/Bookshelves/Organic_Chemistry/Organic_Chemistry_(OpenStax)/08%3A_Alkenes_-_Reactions_and_Synthesis/8.01%3A_Preparation_of_Alkenes_-_A_Preview_of_Elimination_Reactions,Organic,0.5242857142857144,0.5,523,6
8: Alkenes - Reactions and Synthesis,8.2: Halogenation of Alkenes - Addition of X₂,https://chem.libretexts.org/Bookshelves/Organic_Chemistry/Organic_Chemistry_(OpenStax)/08%3A_Alkenes_-_Reactions_and_Synthesis/8.02%3A_Halogenation_of_Alkenes_-_Addition_of_X,Organic,0.5242857142857144,0.5,822,9
8: Alkenes - Reactions and Synthesis,8.3: Halohydrins from Alkenes - Addition of HO-X,https://chem.libretexts.org/Bookshelves/Organic_Chemistry/Organic_Chemistry_(OpenStax)/08%3A_Alkenes_-_Reactions_and_Synthesis/8.03%3A_Halohydrins_from_Alkenes_-_Addition_of_HO-X,Organic,0.5242857142857144,0.5,513,6
8: Alkenes - Reactions and Synthesis,8.4: Hydration of Alkenes - Addition of H₂O by Oxymercuration,https://chem.libretexts.org/Bookshelves/Organic_Chemistry/Organic_Chemistry_(OpenStax)/08%3A_Alkenes_-_Reactions_and_Synthesis/8.04%3A_Hydration_of_Alkenes_-_Addition_of_HO_by_Oxymercuration,Organic,0.5242857142857144,0.5,749,10
8: Alkenes - Reactions and Synthesis,8.5: Hydration of Alkenes - Addition of H₂O by Hydroboration,https://chem.libretexts.org/Bookshelves/Organic_Chemistry/Organic_Chemistry_(OpenStax)/08%3A_Alkenes_-_Reactions_and_Synthesis/8.05%3A_Hydration_of_Alkenes_-_Addition_of_HO_by_Hydroboration,Organic,0.5242857142857144,0.5,841,19
8: Alkenes - Reactions and Synthesis,8.6: Reduction of Alkenes - Hydrogenation,https://chem.libretexts.org/Bookshelves/Organic_Chemistry/Organic_Chemistry_(OpenStax)/08%3A_Alkenes_-_Reactions_and_Synthesis/8.06%3A_Reduction_of_Alkenes_-_Hydrogenation,Organic,0.5242857142857144,0.5,893,11
8: Alkenes - Reactions and Synthesis,8.7: Oxidation of Alkenes - Epoxidation and Hydroxylation,https://chem.libretexts.org/Bookshelves/Organic_Chemistry/Organic_Chemistry_(OpenStax)/08%3A_Alkenes_-_Reactions_and_Synthesis/8.07%3A_Oxidation_of_Alkenes_-_Epoxidation_and_Hydroxylation,Organic,0.5242857142857144,0.5,741,12
8: Alkenes - Reactions and Synthesis,8.8: Oxidation of Alkenes - Cleavage to Carbonyl Compounds,https://chem.libretexts.org/Bookshelves/Organic_Chemistry/Organic_Chemistry_(OpenStax)/08%3A_Alkenes_-_Reactions_and_Synthesis/8.08%3A_Oxidation_of_Alkenes_-_Cleavage_to_Carbonyl_Compounds,Organic,0.5242857142857144,0.5,623,7
8: Alkenes - Reactions and Synthesis,8.9: Addition of Carbenes to Alkenes - Cyclopropane Synthesis,https://chem.libretexts.org/Bookshelves/Organic_Chemistry/Organic_Chemistry_(OpenStax)/08%3A_Alkenes_-_Reactions_and_Synthesis/8.09%3A_Addition_of_Carbenes_to_Alkenes_-_Cyclopropane_Synthesis,Organic,0.5242857142857144,0.5,570,10
8: Alkenes - Reactions and Synthesis,8.10: Radical Additions to Alkenes -  Chain-Growth Polymers,https://chem.libretexts.org/Bookshelves/Organic_Chemistry/Organic_Chemistry_(OpenStax)/08%3A_Alkenes_-_Reactions_and_Synthesis/8.10%3A_Radical_Additions_to_Alkenes_-__Chain-Growth_Polymers,Organic,0.5242857142857144,0.5,682,15
8: Alkenes - Reactions and Synthesis,8.11: Biological Additions of Radicals to  Alkenes,https://chem.libretexts.org/Bookshelves/Organic_Chemistry/Organic_Chemistry_(OpenStax)/08%3A_Alkenes_-_Reactions_and_Synthesis/8.11%3A_Biological_Additions_of_Radicals_to__Alkenes,Organic,0.5242857142857144,0.5,461,3
8: Alkenes - Reactions and Synthesis,8.12: Stereochemistry of Reactions - Addition of H₂O to an Achiral Alkene,https://chem.libretexts.org/Bookshelves/Organic_Chemistry/Organic_Chemistry_(OpenStax)/08%3A_Alkenes_-_Reactions_and_Synthesis/8.12%3A_Stereochemistry_of_Reactions_-_Addition_of_HO_to_an_Achiral_Alkene,Organic,0.5242857142857144,0.5,549,5
8: Alkenes - Reactions and Synthesis,8.13: Stereochemistry of Reactions - Addition of H₂O to a Chiral Alkene,https://chem.libretexts.org/Bookshelves/Organic_Chemistry/Organic_Chemistry_(OpenStax)/08%3A_Alkenes_-_Reactions_and_Synthesis/8.13%3A_Stereochemistry_of_Reactions_-_Addition_of_HO_to_a_Chiral_Alkene,Organic,0.5242857142857144,0.5,609,3
8: Alkenes - Reactions and Synthesis,8.14: Chemistry Matters—Terpenes- Naturally Occurring Alkenes,https://chem.libretexts.org/Bookshelves/Organic_Chemistry/Organic_Chemistry_(OpenStax)/08%3A_Alkenes_-_Reactions_and_Synthesis/8.14%3A_Chemistry_MattersTerpenes-_Naturally_Occurring_Alkenes,Organic,0.5242857142857144,0.5,530,6
8: Alkenes - Reactions and Synthesis,8.15: Key Terms,https://chem.libretexts.org/Bookshelves/Organic_Chemistry/Organic_Chemistry_(OpenStax)/08%3A_Alkenes_-_Reactions_and_Synthesis/8.15%3A_Key_Terms,Organic,0.5242857142857144,0.5,152,1
8: Alkenes - Reactions and Synthesis,8.16: Summary,https://chem.libretexts.org/Bookshelves/Organic_Chemistry/Organic_Chemistry_(OpenStax)/08%3A_Alkenes_-_Reactions_and_Synthesis/8.16%3A_Summary,Organic,0.5242857142857144,0.5,711,1
8: Alkenes - Reactions and Synthesis,8.17: Summary of Reactions,https://chem.libretexts.org/Bookshelves/Organic_Chemistry/Organic_Chemistry_(OpenStax)/08%3A_Alkenes_-_Reactions_and_Synthesis/8.17%3A_Summary_of_Reactions,Organic,0.5242857142857144,0.5,172,15
9: Alkynes - An Introduction to Organic Synthesis,9.0: Why This Chapter?,https://chem.libretexts.org/Bookshelves/Organic_Chemistry/Organic_Chemistry_(OpenStax)/09%3A_Alkynes_-_An_Introduction_to_Organic_Synthesis/9.00%3A_Why_This_Chapter,Organic,0.5242857142857144,0.5,405,3
9: Alkynes - An Introduction to Organic Synthesis,9.1: Naming Alkynes,https://chem.libretexts.org/Bookshelves/Organic_Chemistry/Organic_Chemistry_(OpenStax)/09%3A_Alkynes_-_An_Introduction_to_Organic_Synthesis/9.01%3A_Naming_Alkynes,Organic,0.5242857142857144,0.5,323,9
9: Alkynes - An Introduction to Organic Synthesis,9.2: Preparation of Alkynes - Elimination Reactions of Dihalides,https://chem.libretexts.org/Bookshelves/Organic_Chemistry/Organic_Chemistry_(OpenStax)/09%3A_Alkynes_-_An_Introduction_to_Organic_Synthesis/9.02%3A_Preparation_of_Alkynes_-_Elimination_Reactions_of_Dihalides,Organic,0.5242857142857144,0.5,330,3
9: Alkynes - An Introduction to Organic Synthesis,9.3: Reactions of Alkynes - Addition of HX and X₂,https://chem.libretexts.org/Bookshelves/Organic_Chemistry/Organic_Chemistry_(OpenStax)/09%3A_Alkynes_-_An_Introduction_to_Organic_Synthesis/9.03%3A_Reactions_of_Alkynes_-_Addition_of_HX_and_X,Organic,0.5242857142857144,0.5,561,10
9: Alkynes - An Introduction to Organic Synthesis,9.4: Hydration of Alkynes,https://chem.libretexts.org/Bookshelves/Organic_Chemistry/Organic_Chemistry_(OpenStax)/09%3A_Alkynes_-_An_Introduction_to_Organic_Synthesis/9.04%3A_Hydration_of_Alkynes,Organic,0.5242857142857144,0.5,721,15
9: Alkynes - An Introduction to Organic Synthesis,9.5: Reduction of Alkynes,https://chem.libretexts.org/Bookshelves/Organic_Chemistry/Organic_Chemistry_(OpenStax)/09%3A_Alkynes_-_An_Introduction_to_Organic_Synthesis/9.05%3A_Reduction_of_Alkynes,Organic,0.5242857142857144,0.5,563,6
9: Alkynes - An Introduction to Organic Synthesis,9.6: Oxidative Cleavage of Alkynes,https://chem.libretexts.org/Bookshelves/Organic_Chemistry/Organic_Chemistry_(OpenStax)/09%3A_Alkynes_-_An_Introduction_to_Organic_Synthesis/9.06%3A_Oxidative_Cleavage_of_Alkynes,Organic,0.5242857142857144,0.5,229,2
9: Alkynes - An Introduction to Organic Synthesis,9.7: Alkyne Acidity - Formation of Acetylide Anions,https://chem.libretexts.org/Bookshelves/Organic_Chemistry/Organic_Chemistry_(OpenStax)/09%3A_Alkynes_-_An_Introduction_to_Organic_Synthesis/9.07%3A_Alkyne_Acidity_-_Formation_of_Acetylide_Anions,Organic,0.5242857142857144,0.5,548,4
9: Alkynes - An Introduction to Organic Synthesis,9.8: Alkylation of Acetylide Anions,https://chem.libretexts.org/Bookshelves/Organic_Chemistry/Organic_Chemistry_(OpenStax)/09%3A_Alkynes_-_An_Introduction_to_Organic_Synthesis/9.08%3A_Alkylation_of_Acetylide_Anions,Organic,0.5242857142857144,0.5,496,10
9: Alkynes - An Introduction to Organic Synthesis,9.9: An Introduction to Organic Synthesis,https://chem.libretexts.org/Bookshelves/Organic_Chemistry/Organic_Chemistry_(OpenStax)/09%3A_Alkynes_-_An_Introduction_to_Organic_Synthesis/9.09%3A_An_Introduction_to_Organic_Synthesis,Organic,0.5242857142857144,0.5,1014,15
9: Alkynes - An Introduction to Organic Synthesis,9.10: Chemistry Matters - The Art of Organic Synthesis,https://chem.libretexts.org/Bookshelves/Organic_Chemistry/Organic_Chemistry_(OpenStax)/09%3A_Alkynes_-_An_Introduction_to_Organic_Synthesis/9.10%3A_Chemistry_MattersThe_Art_of_Organic_Synthesis,Organic,0.5242857142857144,0.5,544,4
9: Alkynes - An Introduction to Organic Synthesis,9.11: Key Terms,https://chem.libretexts.org/Bookshelves/Organic_Chemistry/Organic_Chemistry_(OpenStax)/09%3A_Alkynes_-_An_Introduction_to_Organic_Synthesis/9.11%3A_Key_Terms,Organic,0.5242857142857144,0.5,152,1
9: Alkynes - An Introduction to Organic Synthesis,9.12: Summary,https://chem.libretexts.org/Bookshelves/Organic_Chemistry/Organic_Chemistry_(OpenStax)/09%3A_Alkynes_-_An_Introduction_to_Organic_Synthesis/9.12%3A_Summary,Organic,0.5242857142857144,0.5,497,1
9: Alkynes - An Introduction to Organic Synthesis,9.13: Summary of Reactions,https://chem.libretexts.org/Bookshelves/Organic_Chemistry/Organic_Chemistry_(OpenStax)/09%3A_Alkynes_-_An_Introduction_to_Organic_Synthesis/9.13%3A_Summary_of_Reactions,Organic,0.5242857142857144,0.5,180,11
10: Organohalides,10.0: Why This Chapter?,https://chem.libretexts.org/Bookshelves/Organic_Chemistry/Organic_Chemistry_(OpenStax)/10%3A_Organohalides/10.00%3A_Why_This_Chapter,Organic,0.5242857142857144,0.5,474,4
10: Organohalides,10.1: Names and Properties of Alkyl Halides,https://chem.libretexts.org/Bookshelves/Organic_Chemistry/Organic_Chemistry_(OpenStax)/10%3A_Organohalides/10.01%3A_Names_and_Properties_of_Alkyl_Halides,Organic,0.5242857142857144,0.5,499,18
10: Organohalides,10.2: Preparing Alkyl Halides from  Alkanes - Radical Halogenation,https://chem.libretexts.org/Bookshelves/Organic_Chemistry/Organic_Chemistry_(OpenStax)/10%3A_Organohalides/10.02%3A_Preparing_Alkyl_Halides_from__Alkanes_-_Radical_Halogenation,Organic,0.5242857142857144,0.5,711,12
10: Organohalides,10.3: Preparing Alkyl Halides from Alkenes - Allylic Bromination,https://chem.libretexts.org/Bookshelves/Organic_Chemistry/Organic_Chemistry_(OpenStax)/10%3A_Organohalides/10.03%3A_Preparing_Alkyl_Halides_from_Alkenes_-_Allylic_Bromination,Organic,0.5242857142857144,0.5,475,6
10: Organohalides,10.4: Stability of the Allyl Radical - Resonance Revisited,https://chem.libretexts.org/Bookshelves/Organic_Chemistry/Organic_Chemistry_(OpenStax)/10%3A_Organohalides/10.04%3A_Stability_of_the_Allyl_Radical_-_Resonance_Revisited,Organic,0.5242857142857144,0.5,736,11
10: Organohalides,10.5: Preparing Alkyl Halides from Alcohols,https://chem.libretexts.org/Bookshelves/Organic_Chemistry/Organic_Chemistry_(OpenStax)/10%3A_Organohalides/10.05%3A_Preparing_Alkyl_Halides_from_Alcohols,Organic,0.5242857142857144,0.5,436,9
10: Organohalides,10.6: Reactions of Alkyl Halides - Grignard Reagents,https://chem.libretexts.org/Bookshelves/Organic_Chemistry/Organic_Chemistry_(OpenStax)/10%3A_Organohalides/10.06%3A_Reactions_of_Alkyl_Halides_-_Grignard_Reagents,Organic,0.5242857142857144,0.5,504,5
10: Organohalides,10.7: Organometallic Coupling Reactions,https://chem.libretexts.org/Bookshelves/Organic_Chemistry/Organic_Chemistry_(OpenStax)/10%3A_Organohalides/10.07%3A_Organometallic_Coupling_Reactions,Organic,0.5242857142857144,0.5,694,13
10: Organohalides,10.8: Oxidation and Reduction in Organic Chemistry,https://chem.libretexts.org/Bookshelves/Organic_Chemistry/Organic_Chemistry_(OpenStax)/10%3A_Organohalides/10.08%3A_Oxidation_and_Reduction_in_Organic_Chemistry,Organic,0.5242857142857144,0.5,659,12
10: Organohalides,10.9: Chemistry Matters - Naturally Occurring Organohalides,https://chem.libretexts.org/Bookshelves/Organic_Chemistry/Organic_Chemistry_(OpenStax)/10%3A_Organohalides/10.09%3A_Chemistry_MattersNaturally_Occurring_Organohalides,Organic,0.5242857142857144,0.5,516,3
10: Organohalides,10.10: Key Terms,https://chem.libretexts.org/Bookshelves/Organic_Chemistry/Organic_Chemistry_(OpenStax)/10%3A_Organohalides/10.10%3A_Key_Terms,Organic,0.5242857142857144,0.5,152,1
10: Organohalides,10.11: Summary,https://chem.libretexts.org/Bookshelves/Organic_Chemistry/Organic_Chemistry_(OpenStax)/10%3A_Organohalides/10.11%3A_Summary,Organic,0.5242857142857144,0.5,391,1
10: Organohalides,10.12: Summary of Reactions,https://chem.libretexts.org/Bookshelves/Organic_Chemistry/Organic_Chemistry_(OpenStax)/10%3A_Organohalides/10.12%3A_Summary_of_Reactions,Organic,0.5242857142857144,0.5,173,11
11: Reactions of Alkyl Halides- Nucleophilic Substitutions and Eliminations,11.0: Why This Chapter?,https://chem.libretexts.org/Bookshelves/Organic_Chemistry/Organic_Chemistry_(OpenStax)/11%3A_Reactions_of_Alkyl_Halides-_Nucleophilic_Substitutions_and_Eliminations/11.00%3A_Why_This_Chapter,Organic,0.5242857142857144,0.5,285,3
11: Reactions of Alkyl Halides- Nucleophilic Substitutions and Eliminations,11.1: The Discovery of Nucleophilic Substitution Reactions,https://chem.libretexts.org/Bookshelves/Organic_Chemistry/Organic_Chemistry_(OpenStax)/11%3A_Reactions_of_Alkyl_Halides-_Nucleophilic_Substitutions_and_Eliminations/11.01%3A_The_Discovery_of_Nucleophilic_Substitution_Reactions,Organic,0.5242857142857144,0.5,826,7
11: Reactions of Alkyl Halides- Nucleophilic Substitutions and Eliminations,11.2: The Sₙ2 Reaction,https://chem.libretexts.org/Bookshelves/Organic_Chemistry/Organic_Chemistry_(OpenStax)/11%3A_Reactions_of_Alkyl_Halides-_Nucleophilic_Substitutions_and_Eliminations/11.02%3A_The_SN2_Reaction,Organic,0.5242857142857144,0.5,781,6
11: Reactions of Alkyl Halides- Nucleophilic Substitutions and Eliminations,11.3: Characteristics of the SN2 Reaction,https://chem.libretexts.org/Bookshelves/Organic_Chemistry/Organic_Chemistry_(OpenStax)/11%3A_Reactions_of_Alkyl_Halides-_Nucleophilic_Substitutions_and_Eliminations/11.03%3A_Characteristics_of_the_SN2_Reaction,Organic,0.5242857142857144,0.5,1737,14
11: Reactions of Alkyl Halides- Nucleophilic Substitutions and Eliminations,11.5: Characteristics of the SN1 Reaction,https://chem.libretexts.org/Bookshelves/Organic_Chemistry/Organic_Chemistry_(OpenStax)/11%3A_Reactions_of_Alkyl_Halides-_Nucleophilic_Substitutions_and_Eliminations/11.05%3A_Characteristics_of_the_SN1_Reaction,Organic,0.5242857142857144,0.5,1361,13
11: Reactions of Alkyl Halides- Nucleophilic Substitutions and Eliminations,11.6: Biological Substitution Reactions,https://chem.libretexts.org/Bookshelves/Organic_Chemistry/Organic_Chemistry_(OpenStax)/11%3A_Reactions_of_Alkyl_Halides-_Nucleophilic_Substitutions_and_Eliminations/11.06%3A_Biological_Substitution_Reactions,Organic,0.5242857142857144,0.5,553,6
11: Reactions of Alkyl Halides- Nucleophilic Substitutions and Eliminations,11.7: Elimination Reactions- Zaitsev's Rule,https://chem.libretexts.org/Bookshelves/Organic_Chemistry/Organic_Chemistry_(OpenStax)/11%3A_Reactions_of_Alkyl_Halides-_Nucleophilic_Substitutions_and_Eliminations/11.07%3A_Elimination_Reactions-_Zaitsev's_Rule,Organic,0.5242857142857144,0.5,600,13
11: Reactions of Alkyl Halides- Nucleophilic Substitutions and Eliminations,11.8: The E2 Reaction and the Deuterium Isotope Effect,https://chem.libretexts.org/Bookshelves/Organic_Chemistry/Organic_Chemistry_(OpenStax)/11%3A_Reactions_of_Alkyl_Halides-_Nucleophilic_Substitutions_and_Eliminations/11.08%3A_The_E2_Reaction_and_the_Deuterium_Isotope_Effect,Organic,0.5242857142857144,0.5,888,9
11: Reactions of Alkyl Halides- Nucleophilic Substitutions and Eliminations,11.9: The E2 Reaction and Cyclohexane  Conformation,https://chem.libretexts.org/Bookshelves/Organic_Chemistry/Organic_Chemistry_(OpenStax)/11%3A_Reactions_of_Alkyl_Halides-_Nucleophilic_Substitutions_and_Eliminations/11.09%3A_The_E2_Reaction_and_Cyclohexane__Conformation,Organic,0.5242857142857144,0.5,478,3
11: Reactions of Alkyl Halides- Nucleophilic Substitutions and Eliminations,11.10: The E1 and E1cB Reactions,https://chem.libretexts.org/Bookshelves/Organic_Chemistry/Organic_Chemistry_(OpenStax)/11%3A_Reactions_of_Alkyl_Halides-_Nucleophilic_Substitutions_and_Eliminations/11.10%3A_The_E1_and_E1cB_Reactions,Organic,0.5242857142857144,0.5,587,5
11: Reactions of Alkyl Halides- Nucleophilic Substitutions and Eliminations,11.11: Biological Elimination Reactions,https://chem.libretexts.org/Bookshelves/Organic_Chemistry/Organic_Chemistry_(OpenStax)/11%3A_Reactions_of_Alkyl_Halides-_Nucleophilic_Substitutions_and_Eliminations/11.11%3A_Biological_Elimination_Reactions,Organic,0.5242857142857144,0.5,260,2
11: Reactions of Alkyl Halides- Nucleophilic Substitutions and Eliminations,"11.12: A Summary of Reactivity - SN1, SN2, E1, E1cB, and E2",https://chem.libretexts.org/Bookshelves/Organic_Chemistry/Organic_Chemistry_(OpenStax)/11%3A_Reactions_of_Alkyl_Halides-_Nucleophilic_Substitutions_and_Eliminations/11.12%3A_A_Summary_of_Reactivity_-_SN1_SN2_E1_E1cB_and_E2,Organic,0.5242857142857144,0.5,403,8
11: Reactions of Alkyl Halides- Nucleophilic Substitutions and Eliminations,11.13: Chemistry Matters—Green Chemistry,https://chem.libretexts.org/Bookshelves/Organic_Chemistry/Organic_Chemistry_(OpenStax)/11%3A_Reactions_of_Alkyl_Halides-_Nucleophilic_Substitutions_and_Eliminations/11.13%3A_Chemistry_MattersGreen_Chemistry,Organic,0.5242857142857144,0.5,416,2
11: Reactions of Alkyl Halides- Nucleophilic Substitutions and Eliminations,11.14: Key Terms,https://chem.libretexts.org/Bookshelves/Organic_Chemistry/Organic_Chemistry_(OpenStax)/11%3A_Reactions_of_Alkyl_Halides-_Nucleophilic_Substitutions_and_Eliminations/11.14%3A_Key_Terms,Organic,0.5242857142857144,0.5,152,1
11: Reactions of Alkyl Halides- Nucleophilic Substitutions and Eliminations,11.15: Summary,https://chem.libretexts.org/Bookshelves/Organic_Chemistry/Organic_Chemistry_(OpenStax)/11%3A_Reactions_of_Alkyl_Halides-_Nucleophilic_Substitutions_and_Eliminations/11.15%3A_Summary,Organic,0.5242857142857144,0.5,613,2
11: Reactions of Alkyl Halides- Nucleophilic Substitutions and Eliminations,11.16: Summary of Reactions,https://chem.libretexts.org/Bookshelves/Organic_Chemistry/Organic_Chemistry_(OpenStax)/11%3A_Reactions_of_Alkyl_Halides-_Nucleophilic_Substitutions_and_Eliminations/11.16%3A_Summary_of_Reactions,Organic,0.5242857142857144,0.5,153,6
11: Reactions of Alkyl Halides- Nucleophilic Substitutions and Eliminations,11.4: The SN1 Reaction,https://chem.libretexts.org/Bookshelves/Organic_Chemistry/Organic_Chemistry_(OpenStax)/11%3A_Reactions_of_Alkyl_Halides-_Nucleophilic_Substitutions_and_Eliminations/11.4%3A_The_(S_N1)_Reaction,Organic,0.5242857142857144,0.5,1059,10
12: Structure Determination - Mass Spectrometry and Infrared Spectroscopy,12.0: Why This Chapter?,https://chem.libretexts.org/Bookshelves/Organic_Chemistry/Organic_Chemistry_(OpenStax)/12%3A_Structure_Determination_-_Mass_Spectrometry_and_Infrared_Spectroscopy/12.00%3A_Why_This_Chapter,Organic,0.5242857142857144,0.5,322,2
12: Structure Determination - Mass Spectrometry and Infrared Spectroscopy,12.1: Mass Spectrometry of Small Molecules - Magnetic-Sector Instruments,https://chem.libretexts.org/Bookshelves/Organic_Chemistry/Organic_Chemistry_(OpenStax)/12%3A_Structure_Determination_-_Mass_Spectrometry_and_Infrared_Spectroscopy/12.01%3A_Mass_Spectrometry_of_Small_Molecules_-_Magnetic-Sector_Instruments,Organic,0.5242857142857144,0.5,757,6
12: Structure Determination - Mass Spectrometry and Infrared Spectroscopy,12.2: Interpreting Mass Spectra,https://chem.libretexts.org/Bookshelves/Organic_Chemistry/Organic_Chemistry_(OpenStax)/12%3A_Structure_Determination_-_Mass_Spectrometry_and_Infrared_Spectroscopy/12.02%3A_Interpreting_Mass_Spectra,Organic,0.5242857142857144,0.5,1469,8
12: Structure Determination - Mass Spectrometry and Infrared Spectroscopy,12.3: Mass Spectrometry of Some Common Functional Groups,https://chem.libretexts.org/Bookshelves/Organic_Chemistry/Organic_Chemistry_(OpenStax)/12%3A_Structure_Determination_-_Mass_Spectrometry_and_Infrared_Spectroscopy/12.03%3A_Mass_Spectrometry_of_Some_Common_Functional_Groups,Organic,0.5242857142857144,0.5,1112,15
12: Structure Determination - Mass Spectrometry and Infrared Spectroscopy,12.4: Mass Spectrometry in Biological - Time-of-flight (TOF) Instruments,https://chem.libretexts.org/Bookshelves/Organic_Chemistry/Organic_Chemistry_(OpenStax)/12%3A_Structure_Determination_-_Mass_Spectrometry_and_Infrared_Spectroscopy/12.04%3A_Mass_Spectrometry_in_Biological_-_Time-of-flight_(TOF)_Instruments,Organic,0.5242857142857144,0.5,508,2
12: Structure Determination - Mass Spectrometry and Infrared Spectroscopy,12.5: Spectroscopy and the Electromagnetic Spectrum,https://chem.libretexts.org/Bookshelves/Organic_Chemistry/Organic_Chemistry_(OpenStax)/12%3A_Structure_Determination_-_Mass_Spectrometry_and_Infrared_Spectroscopy/12.05%3A_Spectroscopy_and_the_Electromagnetic_Spectrum,Organic,0.5242857142857144,0.5,1057,4
12: Structure Determination - Mass Spectrometry and Infrared Spectroscopy,12.6: Infrared Spectroscopy,https://chem.libretexts.org/Bookshelves/Organic_Chemistry/Organic_Chemistry_(OpenStax)/12%3A_Structure_Determination_-_Mass_Spectrometry_and_Infrared_Spectroscopy/12.06%3A_Infrared_Spectroscopy,Organic,0.5242857142857144,0.5,534,3
12: Structure Determination - Mass Spectrometry and Infrared Spectroscopy,12.7: Interpreting Infrared Spectra,https://chem.libretexts.org/Bookshelves/Organic_Chemistry/Organic_Chemistry_(OpenStax)/12%3A_Structure_Determination_-_Mass_Spectrometry_and_Infrared_Spectroscopy/12.07%3A_Interpreting_Infrared_Spectra,Organic,0.5242857142857144,0.5,712,3
12: Structure Determination - Mass Spectrometry and Infrared Spectroscopy,12.8: Infrared Spectra of Some Common Functional Groups,https://chem.libretexts.org/Bookshelves/Organic_Chemistry/Organic_Chemistry_(OpenStax)/12%3A_Structure_Determination_-_Mass_Spectrometry_and_Infrared_Spectroscopy/12.08%3A_Infrared_Spectra_of_Some_Common_Functional_Groups,Organic,0.5242857142857144,0.5,1337,24
12: Structure Determination - Mass Spectrometry and Infrared Spectroscopy,12.9: Chemistry Matters—X-Ray Crystallography,https://chem.libretexts.org/Bookshelves/Organic_Chemistry/Organic_Chemistry_(OpenStax)/12%3A_Structure_Determination_-_Mass_Spectrometry_and_Infrared_Spectroscopy/12.09%3A_Chemistry_MattersX-Ray_Crystallography,Organic,0.5242857142857144,0.5,650,2
12: Structure Determination - Mass Spectrometry and Infrared Spectroscopy,12.10: Key Terms,https://chem.libretexts.org/Bookshelves/Organic_Chemistry/Organic_Chemistry_(OpenStax)/12%3A_Structure_Determination_-_Mass_Spectrometry_and_Infrared_Spectroscopy/12.10%3A_Key_Terms,Organic,0.5242857142857144,0.5,152,1
12: Structure Determination - Mass Spectrometry and Infrared Spectroscopy,12.11: Summary,https://chem.libretexts.org/Bookshelves/Organic_Chemistry/Organic_Chemistry_(OpenStax)/12%3A_Structure_Determination_-_Mass_Spectrometry_and_Infrared_Spectroscopy/12.11%3A_Summary,Organic,0.5242857142857144,0.5,470,1
13: Structure Determination - Nuclear Magnetic Resonance Spectroscopy,13.0: Why This Chapter?,https://chem.libretexts.org/Bookshelves/Organic_Chemistry/Organic_Chemistry_(OpenStax)/13%3A_Structure_Determination_-_Nuclear_Magnetic_Resonance_Spectroscopy/13.00%3A_Why_This_Chapter,Organic,0.5242857142857144,0.5,293,2
13: Structure Determination - Nuclear Magnetic Resonance Spectroscopy,13.1: Nuclear Magnetic Resonance  Spectroscopy,https://chem.libretexts.org/Bookshelves/Organic_Chemistry/Organic_Chemistry_(OpenStax)/13%3A_Structure_Determination_-_Nuclear_Magnetic_Resonance_Spectroscopy/13.01%3A_Nuclear_Magnetic_Resonance__Spectroscopy,Organic,0.5242857142857144,0.5,858,3
13: Structure Determination - Nuclear Magnetic Resonance Spectroscopy,13.2: The Nature of NMR Absorptions,https://chem.libretexts.org/Bookshelves/Organic_Chemistry/Organic_Chemistry_(OpenStax)/13%3A_Structure_Determination_-_Nuclear_Magnetic_Resonance_Spectroscopy/13.02%3A_The_Nature_of_NMR_Absorptions,Organic,0.5242857142857144,0.5,1098,5
13: Structure Determination - Nuclear Magnetic Resonance Spectroscopy,13.3: Chemical Shifts,https://chem.libretexts.org/Bookshelves/Organic_Chemistry/Organic_Chemistry_(OpenStax)/13%3A_Structure_Determination_-_Nuclear_Magnetic_Resonance_Spectroscopy/13.03%3A_Chemical_Shifts,Organic,0.5242857142857144,0.5,854,2
13: Structure Determination - Nuclear Magnetic Resonance Spectroscopy,13.4: Chemical Shifts in ¹H NMR  Spectroscopy,https://chem.libretexts.org/Bookshelves/Organic_Chemistry/Organic_Chemistry_(OpenStax)/13%3A_Structure_Determination_-_Nuclear_Magnetic_Resonance_Spectroscopy/13.04%3A_Chemical_Shifts_in_H_NMR__Spectroscopy,Organic,0.5242857142857144,0.5,520,19
13: Structure Determination - Nuclear Magnetic Resonance Spectroscopy,13.5: Integration of ¹H NMR Absorptions- Proton Counting,https://chem.libretexts.org/Bookshelves/Organic_Chemistry/Organic_Chemistry_(OpenStax)/13%3A_Structure_Determination_-_Nuclear_Magnetic_Resonance_Spectroscopy/13.05%3A_Integration_of_H_NMR_Absorptions-_Proton_Counting,Organic,0.5242857142857144,0.5,421,3
13: Structure Determination - Nuclear Magnetic Resonance Spectroscopy,13.6: Spin-Spin Splitting in ¹H NMR  Spectra,https://chem.libretexts.org/Bookshelves/Organic_Chemistry/Organic_Chemistry_(OpenStax)/13%3A_Structure_Determination_-_Nuclear_Magnetic_Resonance_Spectroscopy/13.06%3A_Spin-Spin_Splitting_in_H_NMR__Spectra,Organic,0.5242857142857144,0.5,1600,15
13: Structure Determination - Nuclear Magnetic Resonance Spectroscopy,13.7: ¹H NMR Spectroscopy and Proton Equivalence,https://chem.libretexts.org/Bookshelves/Organic_Chemistry/Organic_Chemistry_(OpenStax)/13%3A_Structure_Determination_-_Nuclear_Magnetic_Resonance_Spectroscopy/13.07%3A_H_NMR_Spectroscopy_and_Proton_Equivalence,Organic,0.5242857142857144,0.5,349,12
13: Structure Determination - Nuclear Magnetic Resonance Spectroscopy,13.8: More Complex Spin-Spin Splitting Patterns,https://chem.libretexts.org/Bookshelves/Organic_Chemistry/Organic_Chemistry_(OpenStax)/13%3A_Structure_Determination_-_Nuclear_Magnetic_Resonance_Spectroscopy/13.08%3A_More_Complex_Spin-Spin_Splitting_Patterns,Organic,0.5242857142857144,0.5,658,6
13: Structure Determination - Nuclear Magnetic Resonance Spectroscopy,13.9: Uses of ¹H NMR Spectroscopy,https://chem.libretexts.org/Bookshelves/Organic_Chemistry/Organic_Chemistry_(OpenStax)/13%3A_Structure_Determination_-_Nuclear_Magnetic_Resonance_Spectroscopy/13.09%3A_Uses_of_H_NMR_Spectroscopy,Organic,0.5242857142857144,0.5,335,3
13: Structure Determination - Nuclear Magnetic Resonance Spectroscopy,13.10: ¹³C NMR Spectroscopy - Signal Averaging and FT-NMR,https://chem.libretexts.org/Bookshelves/Organic_Chemistry/Organic_Chemistry_(OpenStax)/13%3A_Structure_Determination_-_Nuclear_Magnetic_Resonance_Spectroscopy/13.10%3A_C_NMR_Spectroscopy_-_Signal_Averaging_and_FT-NMR,Organic,0.5242857142857144,0.5,777,2
13: Structure Determination - Nuclear Magnetic Resonance Spectroscopy,13.11: Characteristics of ¹³C NMR Spectroscopy,https://chem.libretexts.org/Bookshelves/Organic_Chemistry/Organic_Chemistry_(OpenStax)/13%3A_Structure_Determination_-_Nuclear_Magnetic_Resonance_Spectroscopy/13.11%3A_Characteristics_of_C_NMR_Spectroscopy,Organic,0.5242857142857144,0.5,801,8
13: Structure Determination - Nuclear Magnetic Resonance Spectroscopy,13.12: DEPT ¹³C NMR Spectroscopy,https://chem.libretexts.org/Bookshelves/Organic_Chemistry/Organic_Chemistry_(OpenStax)/13%3A_Structure_Determination_-_Nuclear_Magnetic_Resonance_Spectroscopy/13.12%3A_DEPT_C_NMR_Spectroscopy,Organic,0.5242857142857144,0.5,705,7
13: Structure Determination - Nuclear Magnetic Resonance Spectroscopy,13.13: Uses of ¹³C NMR Spectroscopy,https://chem.libretexts.org/Bookshelves/Organic_Chemistry/Organic_Chemistry_(OpenStax)/13%3A_Structure_Determination_-_Nuclear_Magnetic_Resonance_Spectroscopy/13.13%3A_Uses_of_C_NMR_Spectroscopy,Organic,0.5242857142857144,0.5,403,3
13: Structure Determination - Nuclear Magnetic Resonance Spectroscopy,13.14: Chemistry Matters—Magnetic Resonance Imaging (MRI),https://chem.libretexts.org/Bookshelves/Organic_Chemistry/Organic_Chemistry_(OpenStax)/13%3A_Structure_Determination_-_Nuclear_Magnetic_Resonance_Spectroscopy/13.14%3A_Chemistry_MattersMagnetic_Resonance_Imaging_(MRI),Organic,0.5242857142857144,0.5,510,2
13: Structure Determination - Nuclear Magnetic Resonance Spectroscopy,13.15: Key Terms,https://chem.libretexts.org/Bookshelves/Organic_Chemistry/Organic_Chemistry_(OpenStax)/13%3A_Structure_Determination_-_Nuclear_Magnetic_Resonance_Spectroscopy/13.15%3A_Key_Terms,Organic,0.5242857142857144,0.5,152,1
13: Structure Determination - Nuclear Magnetic Resonance Spectroscopy,13.16: Summary,https://chem.libretexts.org/Bookshelves/Organic_Chemistry/Organic_Chemistry_(OpenStax)/13%3A_Structure_Determination_-_Nuclear_Magnetic_Resonance_Spectroscopy/13.16%3A_Summary,Organic,0.5242857142857144,0.5,540,1
14: Conjugated Compounds and Ultraviolet Spectroscopy,14.0: Why This Chapter?,https://chem.libretexts.org/Bookshelves/Organic_Chemistry/Organic_Chemistry_(OpenStax)/14%3A_Conjugated_Compounds_and_Ultraviolet_Spectroscopy/14.00%3A_Why_This_Chapter,Organic,0.5242857142857144,0.5,360,4
14: Conjugated Compounds and Ultraviolet Spectroscopy,14.1: Stability of Conjugated Dienes- Molecular Orbital Theory,https://chem.libretexts.org/Bookshelves/Organic_Chemistry/Organic_Chemistry_(OpenStax)/14%3A_Conjugated_Compounds_and_Ultraviolet_Spectroscopy/14.01%3A_Stability_of_Conjugated_Dienes-_Molecular_Orbital_Theory,Organic,0.5242857142857144,0.5,999,19
14: Conjugated Compounds and Ultraviolet Spectroscopy,14.2: Electrophilic Additions to Conjugated Dienes- Allylic Carbocations,https://chem.libretexts.org/Bookshelves/Organic_Chemistry/Organic_Chemistry_(OpenStax)/14%3A_Conjugated_Compounds_and_Ultraviolet_Spectroscopy/14.02%3A_Electrophilic_Additions_to_Conjugated_Dienes-_Allylic_Carbocations,Organic,0.5242857142857144,0.5,736,8
14: Conjugated Compounds and Ultraviolet Spectroscopy,14.3: Kinetic vs. Thermodynamic Control of Reactions,https://chem.libretexts.org/Bookshelves/Organic_Chemistry/Organic_Chemistry_(OpenStax)/14%3A_Conjugated_Compounds_and_Ultraviolet_Spectroscopy/14.03%3A_Kinetic_vs._Thermodynamic_Control_of_Reactions,Organic,0.5242857142857144,0.5,738,7
14: Conjugated Compounds and Ultraviolet Spectroscopy,14.4: The Diels-Alder Cycloaddition Reaction,https://chem.libretexts.org/Bookshelves/Organic_Chemistry/Organic_Chemistry_(OpenStax)/14%3A_Conjugated_Compounds_and_Ultraviolet_Spectroscopy/14.04%3A_The_Diels-Alder_Cycloaddition_Reaction,Organic,0.5242857142857144,0.5,473,3
14: Conjugated Compounds and Ultraviolet Spectroscopy,14.5: Characteristics of the Diels-Alder Reaction,https://chem.libretexts.org/Bookshelves/Organic_Chemistry/Organic_Chemistry_(OpenStax)/14%3A_Conjugated_Compounds_and_Ultraviolet_Spectroscopy/14.05%3A_Characteristics_of_the_Diels-Alder_Reaction,Organic,0.5242857142857144,0.5,882,25
14: Conjugated Compounds and Ultraviolet Spectroscopy,14.6: Diene Polymers - Natural and Synthetic Rubbers,https://chem.libretexts.org/Bookshelves/Organic_Chemistry/Organic_Chemistry_(OpenStax)/14%3A_Conjugated_Compounds_and_Ultraviolet_Spectroscopy/14.06%3A_Diene_Polymers-_Natural_and_Synthetic_Rubbers,Organic,0.5242857142857144,0.5,562,6
14: Conjugated Compounds and Ultraviolet Spectroscopy,14.7: Ultraviolet Spectroscopy,https://chem.libretexts.org/Bookshelves/Organic_Chemistry/Organic_Chemistry_(OpenStax)/14%3A_Conjugated_Compounds_and_Ultraviolet_Spectroscopy/14.07%3A_Ultraviolet_Spectroscopy,Organic,0.5242857142857144,0.5,997,4
14: Conjugated Compounds and Ultraviolet Spectroscopy,14.8: Interpreting Ultraviolet Spectra- The Effect of Conjugation,https://chem.libretexts.org/Bookshelves/Organic_Chemistry/Organic_Chemistry_(OpenStax)/14%3A_Conjugated_Compounds_and_Ultraviolet_Spectroscopy/14.08%3A_Interpreting_Ultraviolet_Spectra-_The_Effect_of_Conjugation,Organic,0.5242857142857144,0.5,358,11
14: Conjugated Compounds and Ultraviolet Spectroscopy,"14.9: Conjugation, Color, and the Chemistry of Vision",https://chem.libretexts.org/Bookshelves/Organic_Chemistry/Organic_Chemistry_(OpenStax)/14%3A_Conjugated_Compounds_and_Ultraviolet_Spectroscopy/14.09%3A_Conjugation_Color_and_the_Chemistry_of_Vision,Organic,0.5242857142857144,0.5,578,4
14: Conjugated Compounds and Ultraviolet Spectroscopy,14.10: Chemistry Matters—Photolithography,https://chem.libretexts.org/Bookshelves/Organic_Chemistry/Organic_Chemistry_(OpenStax)/14%3A_Conjugated_Compounds_and_Ultraviolet_Spectroscopy/14.10%3A_Chemistry_MattersPhotolithography,Organic,0.5242857142857144,0.5,495,4
14: Conjugated Compounds and Ultraviolet Spectroscopy,14.11: Key Terms,https://chem.libretexts.org/Bookshelves/Organic_Chemistry/Organic_Chemistry_(OpenStax)/14%3A_Conjugated_Compounds_and_Ultraviolet_Spectroscopy/14.11%3A_Key_Terms,Organic,0.5242857142857144,0.5,152,1
14: Conjugated Compounds and Ultraviolet Spectroscopy,14.12: Summary,https://chem.libretexts.org/Bookshelves/Organic_Chemistry/Organic_Chemistry_(OpenStax)/14%3A_Conjugated_Compounds_and_Ultraviolet_Spectroscopy/14.12%3A_Summary,Organic,0.5242857142857144,0.5,512,1
14: Conjugated Compounds and Ultraviolet Spectroscopy,14.13: Summary of Reactions,https://chem.libretexts.org/Bookshelves/Organic_Chemistry/Organic_Chemistry_(OpenStax)/14%3A_Conjugated_Compounds_and_Ultraviolet_Spectroscopy/14.13%3A_Summary_of_Reactions,Organic,0.5242857142857144,0.5,153,3
15: Benzene and Aromaticity,15.0: Why This Chapter?,https://chem.libretexts.org/Bookshelves/Organic_Chemistry/Organic_Chemistry_(OpenStax)/15%3A_Benzene_and_Aromaticity/15.00%3A_Why_This_Chapter,Organic,0.5242857142857144,0.5,364,4
15: Benzene and Aromaticity,15.1: Naming Aromatic Compounds,https://chem.libretexts.org/Bookshelves/Organic_Chemistry/Organic_Chemistry_(OpenStax)/15%3A_Benzene_and_Aromaticity/15.01%3A_Naming_Aromatic_Compounds,Organic,0.5242857142857144,0.5,782,28
15: Benzene and Aromaticity,15.2: Structure and Stability of Benzene,https://chem.libretexts.org/Bookshelves/Organic_Chemistry/Organic_Chemistry_(OpenStax)/15%3A_Benzene_and_Aromaticity/15.02%3A_Structure_and_Stability_of_Benzene,Organic,0.5242857142857144,0.5,936,9
15: Benzene and Aromaticity,15.3: Aromaticity and the Hückel 4n + 2 Rule,https://chem.libretexts.org/Bookshelves/Organic_Chemistry/Organic_Chemistry_(OpenStax)/15%3A_Benzene_and_Aromaticity/15.03%3A_Aromaticity_and_the_Huckel_4n__2_Rule,Organic,0.5242857142857144,0.5,693,7
15: Benzene and Aromaticity,15.4: Aromatic Ions,https://chem.libretexts.org/Bookshelves/Organic_Chemistry/Organic_Chemistry_(OpenStax)/15%3A_Benzene_and_Aromaticity/15.04%3A_Aromatic_Ions,Organic,0.5242857142857144,0.5,678,6
15: Benzene and Aromaticity,15.5: Aromatic Heterocycles - Pyridine and Pyrrole,https://chem.libretexts.org/Bookshelves/Organic_Chemistry/Organic_Chemistry_(OpenStax)/15%3A_Benzene_and_Aromaticity/15.05%3A_Aromatic_Heterocycles_-_Pyridine_and_Pyrrole,Organic,0.5242857142857144,0.5,765,10
15: Benzene and Aromaticity,15.6: Polycyclic Aromatic Compounds,https://chem.libretexts.org/Bookshelves/Organic_Chemistry/Organic_Chemistry_(OpenStax)/15%3A_Benzene_and_Aromaticity/15.06%3A_Polycyclic_Aromatic_Compounds,Organic,0.5242857142857144,0.5,513,10
15: Benzene and Aromaticity,15.7: Spectroscopy of Aromatic Compounds,https://chem.libretexts.org/Bookshelves/Organic_Chemistry/Organic_Chemistry_(OpenStax)/15%3A_Benzene_and_Aromaticity/15.07%3A_Spectroscopy_of_Aromatic_Compounds,Organic,0.5242857142857144,0.5,911,8
15: Benzene and Aromaticity,"15.8: Chemistry Matters—Aspirin, NSAIDs, and COX-2 Inhibitors",https://chem.libretexts.org/Bookshelves/Organic_Chemistry/Organic_Chemistry_(OpenStax)/15%3A_Benzene_and_Aromaticity/15.08%3A_Chemistry_MattersAspirin_NSAIDs_and_COX-2_Inhibitors,Organic,0.5242857142857144,0.5,764,5
15: Benzene and Aromaticity,15.9: Key Terms,https://chem.libretexts.org/Bookshelves/Organic_Chemistry/Organic_Chemistry_(OpenStax)/15%3A_Benzene_and_Aromaticity/15.09%3A_Key_Terms,Organic,0.5242857142857144,0.5,152,1
15: Benzene and Aromaticity,15.10: Summary,https://chem.libretexts.org/Bookshelves/Organic_Chemistry/Organic_Chemistry_(OpenStax)/15%3A_Benzene_and_Aromaticity/15.10%3A_Summary,Organic,0.5242857142857144,0.5,415,1
16: Chemistry of Benzene - Electrophilic Aromatic Substitution,16.0: Why This Chapter?,https://chem.libretexts.org/Bookshelves/Organic_Chemistry/Organic_Chemistry_(OpenStax)/16%3A_Chemistry_of_Benzene_-_Electrophilic_Aromatic_Substitution/16.00%3A_Why_This_Chapter,Organic,0.5242857142857144,0.5,382,4
16: Chemistry of Benzene - Electrophilic Aromatic Substitution,16.1: Electrophilic Aromatic Substitution Reactions - Bromination,https://chem.libretexts.org/Bookshelves/Organic_Chemistry/Organic_Chemistry_(OpenStax)/16%3A_Chemistry_of_Benzene_-_Electrophilic_Aromatic_Substitution/16.01%3A_Electrophilic_Aromatic_Substitution_Reactions_-_Bromination,Organic,0.5242857142857144,0.5,626,6
16: Chemistry of Benzene - Electrophilic Aromatic Substitution,16.2: Other Aromatic Substitutions,https://chem.libretexts.org/Bookshelves/Organic_Chemistry/Organic_Chemistry_(OpenStax)/16%3A_Chemistry_of_Benzene_-_Electrophilic_Aromatic_Substitution/16.02%3A_Other_Aromatic_Substitutions,Organic,0.5242857142857144,0.5,1020,13
16: Chemistry of Benzene - Electrophilic Aromatic Substitution,16.3: Alkylation and Acylation of Aromatic Rings - The Friedel-Crafts Reaction,https://chem.libretexts.org/Bookshelves/Organic_Chemistry/Organic_Chemistry_(OpenStax)/16%3A_Chemistry_of_Benzene_-_Electrophilic_Aromatic_Substitution/16.03%3A_Alkylation_and_Acylation_of_Aromatic_Rings_-_The_Friedel-Crafts_Reaction,Organic,0.5242857142857144,0.5,1148,14
16: Chemistry of Benzene - Electrophilic Aromatic Substitution,16.4: Substituent Effects in Electrophilic Substitutions,https://chem.libretexts.org/Bookshelves/Organic_Chemistry/Organic_Chemistry_(OpenStax)/16%3A_Chemistry_of_Benzene_-_Electrophilic_Aromatic_Substitution/16.04%3A_Substituent_Effects_in_Electrophilic_Substitutions,Organic,0.5242857142857144,0.5,1595,16
16: Chemistry of Benzene - Electrophilic Aromatic Substitution,16.5: Trisubstituted Benzenes- Additivity of Effects,https://chem.libretexts.org/Bookshelves/Organic_Chemistry/Organic_Chemistry_(OpenStax)/16%3A_Chemistry_of_Benzene_-_Electrophilic_Aromatic_Substitution/16.05%3A_Trisubstituted_Benzenes-_Additivity_of_Effects,Organic,0.5242857142857144,0.5,463,10
16: Chemistry of Benzene - Electrophilic Aromatic Substitution,16.6: Nucleophilic Aromatic Substitution,https://chem.libretexts.org/Bookshelves/Organic_Chemistry/Organic_Chemistry_(OpenStax)/16%3A_Chemistry_of_Benzene_-_Electrophilic_Aromatic_Substitution/16.06%3A_Nucleophilic_Aromatic_Substitution,Organic,0.5242857142857144,0.5,622,7
16: Chemistry of Benzene - Electrophilic Aromatic Substitution,16.7: Benzyne,https://chem.libretexts.org/Bookshelves/Organic_Chemistry/Organic_Chemistry_(OpenStax)/16%3A_Chemistry_of_Benzene_-_Electrophilic_Aromatic_Substitution/16.07%3A_Benzyne,Organic,0.5242857142857144,0.5,499,6
16: Chemistry of Benzene - Electrophilic Aromatic Substitution,16.8: Oxidation of Aromatic Compounds,https://chem.libretexts.org/Bookshelves/Organic_Chemistry/Organic_Chemistry_(OpenStax)/16%3A_Chemistry_of_Benzene_-_Electrophilic_Aromatic_Substitution/16.08%3A_Oxidation_of_Aromatic_Compounds,Organic,0.5242857142857144,0.5,717,11
16: Chemistry of Benzene - Electrophilic Aromatic Substitution,16.9: Reduction of Aromatic Compounds,https://chem.libretexts.org/Bookshelves/Organic_Chemistry/Organic_Chemistry_(OpenStax)/16%3A_Chemistry_of_Benzene_-_Electrophilic_Aromatic_Substitution/16.09%3A_Reduction_of_Aromatic_Compounds,Organic,0.5242857142857144,0.5,501,5
16: Chemistry of Benzene - Electrophilic Aromatic Substitution,16.10: Synthesis of Polysubstituted Benzenes,https://chem.libretexts.org/Bookshelves/Organic_Chemistry/Organic_Chemistry_(OpenStax)/16%3A_Chemistry_of_Benzene_-_Electrophilic_Aromatic_Substitution/16.10%3A_Synthesis_of_Polysubstituted_Benzenes,Organic,0.5242857142857144,0.5,1088,13
16: Chemistry of Benzene - Electrophilic Aromatic Substitution,16.11: Chemistry Matters—Combinatorial Chemistry,https://chem.libretexts.org/Bookshelves/Organic_Chemistry/Organic_Chemistry_(OpenStax)/16%3A_Chemistry_of_Benzene_-_Electrophilic_Aromatic_Substitution/16.11%3A_Chemistry_MattersCombinatorial_Chemistry,Organic,0.5242857142857144,0.5,533,4
16: Chemistry of Benzene - Electrophilic Aromatic Substitution,16.12: Key Terms,https://chem.libretexts.org/Bookshelves/Organic_Chemistry/Organic_Chemistry_(OpenStax)/16%3A_Chemistry_of_Benzene_-_Electrophilic_Aromatic_Substitution/16.12%3A_Key_Terms,Organic,0.5242857142857144,0.5,152,1
16: Chemistry of Benzene - Electrophilic Aromatic Substitution,16.13: Summary,https://chem.libretexts.org/Bookshelves/Organic_Chemistry/Organic_Chemistry_(OpenStax)/16%3A_Chemistry_of_Benzene_-_Electrophilic_Aromatic_Substitution/16.13%3A_Summary,Organic,0.5242857142857144,0.5,497,2
16: Chemistry of Benzene - Electrophilic Aromatic Substitution,16.14: Summary of Reactions,https://chem.libretexts.org/Bookshelves/Organic_Chemistry/Organic_Chemistry_(OpenStax)/16%3A_Chemistry_of_Benzene_-_Electrophilic_Aromatic_Substitution/16.14%3A_Summary_of_Reactions,Organic,0.5242857142857144,0.5,153,16
17: Alcohols and Phenols,17.0: Why This Chapter?,https://chem.libretexts.org/Bookshelves/Organic_Chemistry/Organic_Chemistry_(OpenStax)/17%3A_Alcohols_and_Phenols/17.00%3A_Why_This_Chapter,Organic,0.5242857142857144,0.5,605,6
17: Alcohols and Phenols,17.1: Naming Alcohols and Phenols,https://chem.libretexts.org/Bookshelves/Organic_Chemistry/Organic_Chemistry_(OpenStax)/17%3A_Alcohols_and_Phenols/17.01%3A_Naming_Alcohols_and_Phenols,Organic,0.5242857142857144,0.5,394,17
17: Alcohols and Phenols,17.2: Properties of Alcohols and Phenols,https://chem.libretexts.org/Bookshelves/Organic_Chemistry/Organic_Chemistry_(OpenStax)/17%3A_Alcohols_and_Phenols/17.02%3A_Properties_of_Alcohols_and_Phenols,Organic,0.5242857142857144,0.5,1125,12
17: Alcohols and Phenols,17.3: Preparation of Alcohols- A Review,https://chem.libretexts.org/Bookshelves/Organic_Chemistry/Organic_Chemistry_(OpenStax)/17%3A_Alcohols_and_Phenols/17.03%3A_Preparation_of_Alcohols-_A_Review,Organic,0.5242857142857144,0.5,211,7
17: Alcohols and Phenols,17.4: Alcohols from Carbonyl Compounds - Reduction,https://chem.libretexts.org/Bookshelves/Organic_Chemistry/Organic_Chemistry_(OpenStax)/17%3A_Alcohols_and_Phenols/17.04%3A_Alcohols_from_Carbonyl_Compounds_-_Reduction,Organic,0.5242857142857144,0.5,755,20
17: Alcohols and Phenols,17.5: Alcohols from Carbonyl Compounds - Grignard Reagents,https://chem.libretexts.org/Bookshelves/Organic_Chemistry/Organic_Chemistry_(OpenStax)/17%3A_Alcohols_and_Phenols/17.05%3A_Alcohols_from_Carbonyl_Compounds_-_Grignard_Reagents,Organic,0.5242857142857144,0.5,939,18
17: Alcohols and Phenols,17.6: Reactions of Alcohols,https://chem.libretexts.org/Bookshelves/Organic_Chemistry/Organic_Chemistry_(OpenStax)/17%3A_Alcohols_and_Phenols/17.06%3A_Reactions_of_Alcohols,Organic,0.5242857142857144,0.5,1120,19
17: Alcohols and Phenols,17.7: Oxidation of Alcohols,https://chem.libretexts.org/Bookshelves/Organic_Chemistry/Organic_Chemistry_(OpenStax)/17%3A_Alcohols_and_Phenols/17.07%3A_Oxidation_of_Alcohols,Organic,0.5242857142857144,0.5,494,11
17: Alcohols and Phenols,17.8: Protection of Alcohols,https://chem.libretexts.org/Bookshelves/Organic_Chemistry/Organic_Chemistry_(OpenStax)/17%3A_Alcohols_and_Phenols/17.08%3A_Protection_of_Alcohols,Organic,0.5242857142857144,0.5,547,6
17: Alcohols and Phenols,17.9: Phenols and Their Uses,https://chem.libretexts.org/Bookshelves/Organic_Chemistry/Organic_Chemistry_(OpenStax)/17%3A_Alcohols_and_Phenols/17.09%3A_Phenols_and_Their_Uses,Organic,0.5242857142857144,0.5,492,5
17: Alcohols and Phenols,17.10: Reactions of Phenols,https://chem.libretexts.org/Bookshelves/Organic_Chemistry/Organic_Chemistry_(OpenStax)/17%3A_Alcohols_and_Phenols/17.10%3A_Reactions_of_Phenols,Organic,0.5242857142857144,0.5,412,6
17: Alcohols and Phenols,17.11: Spectroscopy of Alcohols and Phenols,https://chem.libretexts.org/Bookshelves/Organic_Chemistry/Organic_Chemistry_(OpenStax)/17%3A_Alcohols_and_Phenols/17.11%3A_Spectroscopy_of_Alcohols_and_Phenols,Organic,0.5242857142857144,0.5,767,10
17: Alcohols and Phenols,"17.12: Chemistry Matters—Ethanol- Chemical, Drug, and Poison",https://chem.libretexts.org/Bookshelves/Organic_Chemistry/Organic_Chemistry_(OpenStax)/17%3A_Alcohols_and_Phenols/17.12%3A_Chemistry_MattersEthanol-_Chemical_Drug_and_Poison,Organic,0.5242857142857144,0.5,644,3
17: Alcohols and Phenols,17.13: Key Terms,https://chem.libretexts.org/Bookshelves/Organic_Chemistry/Organic_Chemistry_(OpenStax)/17%3A_Alcohols_and_Phenols/17.13%3A_Key_Terms,Organic,0.5242857142857144,0.5,152,1
17: Alcohols and Phenols,17.14: Summary,https://chem.libretexts.org/Bookshelves/Organic_Chemistry/Organic_Chemistry_(OpenStax)/17%3A_Alcohols_and_Phenols/17.14%3A_Summary,Organic,0.5242857142857144,0.5,534,1
17: Alcohols and Phenols,17.15: Summary of Reactions,https://chem.libretexts.org/Bookshelves/Organic_Chemistry/Organic_Chemistry_(OpenStax)/17%3A_Alcohols_and_Phenols/17.15%3A_Summary_of_Reactions,Organic,0.5242857142857144,0.5,184,15
18: Ethers and Epoxides; Thiols and Sulfides,18.0: Why This Chapter?,https://chem.libretexts.org/Bookshelves/Organic_Chemistry/Organic_Chemistry_(OpenStax)/18%3A_Ethers_and_Epoxides_Thiols_and_Sulfides/18.00%3A_Why_This_Chapter,Organic,0.5242857142857144,0.5,342,3
18: Ethers and Epoxides; Thiols and Sulfides,18.1: Names and Properties of Ethers,https://chem.libretexts.org/Bookshelves/Organic_Chemistry/Organic_Chemistry_(OpenStax)/18%3A_Ethers_and_Epoxides_Thiols_and_Sulfides/18.01%3A_Names_and_Properties_of_Ethers,Organic,0.5242857142857144,0.5,341,14
18: Ethers and Epoxides; Thiols and Sulfides,18.2: Preparing Ethers,https://chem.libretexts.org/Bookshelves/Organic_Chemistry/Organic_Chemistry_(OpenStax)/18%3A_Ethers_and_Epoxides_Thiols_and_Sulfides/18.02%3A_Preparing_Ethers,Organic,0.5242857142857144,0.5,846,9
18: Ethers and Epoxides; Thiols and Sulfides,18.3: Reactions of Ethers - Acidic Cleavage,https://chem.libretexts.org/Bookshelves/Organic_Chemistry/Organic_Chemistry_(OpenStax)/18%3A_Ethers_and_Epoxides_Thiols_and_Sulfides/18.03%3A_Reactions_of_Ethers-_Acidic_Cleavage,Organic,0.5242857142857144,0.5,545,10
18: Ethers and Epoxides; Thiols and Sulfides,18.4: Cyclic Ethers - Epoxides,https://chem.libretexts.org/Bookshelves/Organic_Chemistry/Organic_Chemistry_(OpenStax)/18%3A_Ethers_and_Epoxides_Thiols_and_Sulfides/18.04%3A_Cyclic_Ethers_-_Epoxides,Organic,0.5242857142857144,0.5,518,6
18: Ethers and Epoxides; Thiols and Sulfides,18.5: Reactions of Epoxides - Ring-opening,https://chem.libretexts.org/Bookshelves/Organic_Chemistry/Organic_Chemistry_(OpenStax)/18%3A_Ethers_and_Epoxides_Thiols_and_Sulfides/18.05%3A_Reactions_of_Epoxides-_Ring-opening,Organic,0.5242857142857144,0.5,865,23
18: Ethers and Epoxides; Thiols and Sulfides,18.6: Crown Ethers,https://chem.libretexts.org/Bookshelves/Organic_Chemistry/Organic_Chemistry_(OpenStax)/18%3A_Ethers_and_Epoxides_Thiols_and_Sulfides/18.06%3A_Crown_Ethers,Organic,0.5242857142857144,0.5,463,4
18: Ethers and Epoxides; Thiols and Sulfides,18.7: Thiols and Sulfides,https://chem.libretexts.org/Bookshelves/Organic_Chemistry/Organic_Chemistry_(OpenStax)/18%3A_Ethers_and_Epoxides_Thiols_and_Sulfides/18.07%3A_Thiols_and_Sulfides,Organic,0.5242857142857144,0.5,931,19
18: Ethers and Epoxides; Thiols and Sulfides,18.8: Spectroscopy of Ethers,https://chem.libretexts.org/Bookshelves/Organic_Chemistry/Organic_Chemistry_(OpenStax)/18%3A_Ethers_and_Epoxides_Thiols_and_Sulfides/18.08%3A_Spectroscopy_of_Ethers,Organic,0.5242857142857144,0.5,404,7
18: Ethers and Epoxides; Thiols and Sulfides,18.9: Chemistry Matters—Epoxy Resins and Adhesives,https://chem.libretexts.org/Bookshelves/Organic_Chemistry/Organic_Chemistry_(OpenStax)/18%3A_Ethers_and_Epoxides_Thiols_and_Sulfides/18.09%3A_Chemistry_MattersEpoxy_Resins_and_Adhesives,Organic,0.5242857142857144,0.5,458,4
18: Ethers and Epoxides; Thiols and Sulfides,18.10: Key Terms,https://chem.libretexts.org/Bookshelves/Organic_Chemistry/Organic_Chemistry_(OpenStax)/18%3A_Ethers_and_Epoxides_Thiols_and_Sulfides/18.10%3A_Key_Terms,Organic,0.5242857142857144,0.5,152,1
18: Ethers and Epoxides; Thiols and Sulfides,18.11: Summary,https://chem.libretexts.org/Bookshelves/Organic_Chemistry/Organic_Chemistry_(OpenStax)/18%3A_Ethers_and_Epoxides_Thiols_and_Sulfides/18.11%3A_Summary,Organic,0.5242857142857144,0.5,519,1
18: Ethers and Epoxides; Thiols and Sulfides,18.12: Summary of Reactions,https://chem.libretexts.org/Bookshelves/Organic_Chemistry/Organic_Chemistry_(OpenStax)/18%3A_Ethers_and_Epoxides_Thiols_and_Sulfides/18.12%3A_Summary_of_Reactions,Organic,0.5242857142857144,0.5,153,13
18: Ethers and Epoxides; Thiols and Sulfides,18.14: Preview of Carbonyl Chemistry,https://chem.libretexts.org/Bookshelves/Organic_Chemistry/Organic_Chemistry_(OpenStax)/18%3A_Ethers_and_Epoxides_Thiols_and_Sulfides/18.14%3A_Preview_of_Carbonyl_Chemistry,Organic,0.5242857142857144,0.5,1685,33
19: Aldehydes and Ketones- Nucleophilic Addition Reactions,19.0: Why This Chapter?,https://chem.libretexts.org/Bookshelves/Organic_Chemistry/Organic_Chemistry_(OpenStax)/19%3A_Aldehydes_and_Ketones-_Nucleophilic_Addition_Reactions/19.00%3A_Why_This_Chapter,Organic,0.5242857142857144,0.5,375,4
19: Aldehydes and Ketones- Nucleophilic Addition Reactions,19.1: Naming Aldehydes and Ketones,https://chem.libretexts.org/Bookshelves/Organic_Chemistry/Organic_Chemistry_(OpenStax)/19%3A_Aldehydes_and_Ketones-_Nucleophilic_Addition_Reactions/19.01%3A_Naming_Aldehydes_and_Ketones,Organic,0.5242857142857144,0.5,440,20
19: Aldehydes and Ketones- Nucleophilic Addition Reactions,19.2: Preparing Aldehydes and Ketones,https://chem.libretexts.org/Bookshelves/Organic_Chemistry/Organic_Chemistry_(OpenStax)/19%3A_Aldehydes_and_Ketones-_Nucleophilic_Addition_Reactions/19.02%3A_Preparing_Aldehydes_and_Ketones,Organic,0.5242857142857144,0.5,458,7
19: Aldehydes and Ketones- Nucleophilic Addition Reactions,19.3: Oxidation of Aldehydes and Ketones,https://chem.libretexts.org/Bookshelves/Organic_Chemistry/Organic_Chemistry_(OpenStax)/19%3A_Aldehydes_and_Ketones-_Nucleophilic_Addition_Reactions/19.03%3A_Oxidation_of_Aldehydes_and_Ketones,Organic,0.5242857142857144,0.5,318,5
19: Aldehydes and Ketones- Nucleophilic Addition Reactions,19.4: Nucleophilic Addition Reactions of Aldehydes and Ketones,https://chem.libretexts.org/Bookshelves/Organic_Chemistry/Organic_Chemistry_(OpenStax)/19%3A_Aldehydes_and_Ketones-_Nucleophilic_Addition_Reactions/19.04%3A_Nucleophilic_Addition_Reactions_of_Aldehydes_and_Ketones,Organic,0.5242857142857144,0.5,610,8
19: Aldehydes and Ketones- Nucleophilic Addition Reactions,19.5: Nucleophilic Addition of Water- Hydration,https://chem.libretexts.org/Bookshelves/Organic_Chemistry/Organic_Chemistry_(OpenStax)/19%3A_Aldehydes_and_Ketones-_Nucleophilic_Addition_Reactions/19.05%3A_Nucleophilic_Addition_of_Water-_Hydration,Organic,0.5242857142857144,0.5,745,6
19: Aldehydes and Ketones- Nucleophilic Addition Reactions,19.6: Nucleophilic Addition of HCN - Cyanohydrin Formation,https://chem.libretexts.org/Bookshelves/Organic_Chemistry/Organic_Chemistry_(OpenStax)/19%3A_Aldehydes_and_Ketones-_Nucleophilic_Addition_Reactions/19.06%3A_Nucleophilic_Addition_of_HCN-_Cyanohydrin_Formation,Organic,0.5242857142857144,0.5,401,3
19: Aldehydes and Ketones- Nucleophilic Addition Reactions,19.7: Nucleophilic Addition of Hydride and Grignard Reagents- Alcohol Formation,https://chem.libretexts.org/Bookshelves/Organic_Chemistry/Organic_Chemistry_(OpenStax)/19%3A_Aldehydes_and_Ketones-_Nucleophilic_Addition_Reactions/19.07%3A_Nucleophilic_Addition_of_Hydride_and_Grignard_Reagents-_Alcohol_Formation,Organic,0.5242857142857144,0.5,421,5
19: Aldehydes and Ketones- Nucleophilic Addition Reactions,19.8: Nucleophilic Addition of Amines- Imine and Enamine Formation,https://chem.libretexts.org/Bookshelves/Organic_Chemistry/Organic_Chemistry_(OpenStax)/19%3A_Aldehydes_and_Ketones-_Nucleophilic_Addition_Reactions/19.08%3A_Nucleophilic_Addition_of_Amines-_Imine_and_Enamine_Formation,Organic,0.5242857142857144,0.5,907,11
19: Aldehydes and Ketones- Nucleophilic Addition Reactions,19.9: Nucleophilic Addition of Hydrazine - The Wolff-Kishner Reaction,https://chem.libretexts.org/Bookshelves/Organic_Chemistry/Organic_Chemistry_(OpenStax)/19%3A_Aldehydes_and_Ketones-_Nucleophilic_Addition_Reactions/19.09%3A_Nucleophilic_Addition_of_Hydrazine_-_The_Wolff-Kishner_Reaction,Organic,0.5242857142857144,0.5,396,6
19: Aldehydes and Ketones- Nucleophilic Addition Reactions,19.10: Nucleophilic Addition of Alcohols - Acetal Formation,https://chem.libretexts.org/Bookshelves/Organic_Chemistry/Organic_Chemistry_(OpenStax)/19%3A_Aldehydes_and_Ketones-_Nucleophilic_Addition_Reactions/19.10%3A_Nucleophilic_Addition_of_Alcohols_-_Acetal_Formation,Organic,0.5242857142857144,0.5,812,10
19: Aldehydes and Ketones- Nucleophilic Addition Reactions,19.11: Nucleophilic Addition of Phosphorus Ylides- The Wittig Reaction,https://chem.libretexts.org/Bookshelves/Organic_Chemistry/Organic_Chemistry_(OpenStax)/19%3A_Aldehydes_and_Ketones-_Nucleophilic_Addition_Reactions/19.11%3A_Nucleophilic_Addition_of_Phosphorus_Ylides-_The_Wittig_Reaction,Organic,0.5242857142857144,0.5,789,15
19: Aldehydes and Ketones- Nucleophilic Addition Reactions,19.12: Biological Reductions,https://chem.libretexts.org/Bookshelves/Organic_Chemistry/Organic_Chemistry_(OpenStax)/19%3A_Aldehydes_and_Ketones-_Nucleophilic_Addition_Reactions/19.12%3A_Biological_Reductions,Organic,0.5242857142857144,0.5,390,4
19: Aldehydes and Ketones- Nucleophilic Addition Reactions,"19.13: Conjugate Nucleophilic Addition to α,β‑Unsaturated Aldehydes and Ketones",https://chem.libretexts.org/Bookshelves/Organic_Chemistry/Organic_Chemistry_(OpenStax)/19%3A_Aldehydes_and_Ketones-_Nucleophilic_Addition_Reactions/19.13%3A_Conjugate_Nucleophilic_Addition_to_Unsaturated_Aldehydes_and_Ketones,Organic,0.5242857142857144,0.5,967,17
19: Aldehydes and Ketones- Nucleophilic Addition Reactions,19.14: Spectroscopy of Aldehydes and Ketones,https://chem.libretexts.org/Bookshelves/Organic_Chemistry/Organic_Chemistry_(OpenStax)/19%3A_Aldehydes_and_Ketones-_Nucleophilic_Addition_Reactions/19.14%3A_Spectroscopy_of_Aldehydes_and_Ketones,Organic,0.5242857142857144,0.5,874,8
19: Aldehydes and Ketones- Nucleophilic Addition Reactions,19.15: Chemistry Matters—Enantioselective Synthesis,https://chem.libretexts.org/Bookshelves/Organic_Chemistry/Organic_Chemistry_(OpenStax)/19%3A_Aldehydes_and_Ketones-_Nucleophilic_Addition_Reactions/19.15%3A_Chemistry_MattersEnantioselective_Synthesis,Organic,0.5242857142857144,0.5,611,4
19: Aldehydes and Ketones- Nucleophilic Addition Reactions,19.16: Key Terms,https://chem.libretexts.org/Bookshelves/Organic_Chemistry/Organic_Chemistry_(OpenStax)/19%3A_Aldehydes_and_Ketones-_Nucleophilic_Addition_Reactions/19.16%3A_Key_Terms,Organic,0.5242857142857144,0.5,152,1
19: Aldehydes and Ketones- Nucleophilic Addition Reactions,19.17: Summary,https://chem.libretexts.org/Bookshelves/Organic_Chemistry/Organic_Chemistry_(OpenStax)/19%3A_Aldehydes_and_Ketones-_Nucleophilic_Addition_Reactions/19.17%3A_Summary,Organic,0.5242857142857144,0.5,481,1
19: Aldehydes and Ketones- Nucleophilic Addition Reactions,19.18: Summary of Reactions,https://chem.libretexts.org/Bookshelves/Organic_Chemistry/Organic_Chemistry_(OpenStax)/19%3A_Aldehydes_and_Ketones-_Nucleophilic_Addition_Reactions/19.18%3A_Summary_of_Reactions,Organic,0.5242857142857144,0.5,153,17
20: Carboxylic Acids and Nitriles,20.0: Why This Chapter?,https://chem.libretexts.org/Bookshelves/Organic_Chemistry/Organic_Chemistry_(OpenStax)/20%3A_Carboxylic_Acids_and_Nitriles/20.00%3A_Why_This_Chapter,Organic,0.5242857142857144,0.5,443,5
20: Carboxylic Acids and Nitriles,20.1: Naming Carboxylic Acids and Nitriles,https://chem.libretexts.org/Bookshelves/Organic_Chemistry/Organic_Chemistry_(OpenStax)/20%3A_Carboxylic_Acids_and_Nitriles/20.01%3A_Naming_Carboxylic_Acids_and_Nitriles,Organic,0.5242857142857144,0.5,502,26
20: Carboxylic Acids and Nitriles,20.2: Structure and Properties of Carboxylic Acids,https://chem.libretexts.org/Bookshelves/Organic_Chemistry/Organic_Chemistry_(OpenStax)/20%3A_Carboxylic_Acids_and_Nitriles/20.02%3A_Structure_and_Properties_of_Carboxylic_Acids,Organic,0.5242857142857144,0.5,773,9
20: Carboxylic Acids and Nitriles,20.3: Biological Acids and the Henderson-Hasselbalch Equation,https://chem.libretexts.org/Bookshelves/Organic_Chemistry/Organic_Chemistry_(OpenStax)/20%3A_Carboxylic_Acids_and_Nitriles/20.03%3A_Biological_Acids_and_the_Henderson-Hasselbalch_Equation,Organic,0.5242857142857144,0.5,607,1
20: Carboxylic Acids and Nitriles,20.4: Substituent Effects on Acidity,https://chem.libretexts.org/Bookshelves/Organic_Chemistry/Organic_Chemistry_(OpenStax)/20%3A_Carboxylic_Acids_and_Nitriles/20.04%3A_Substituent_Effects_on_Acidity,Organic,0.5242857142857144,0.5,799,8
20: Carboxylic Acids and Nitriles,20.5: Preparing Carboxylic Acids,https://chem.libretexts.org/Bookshelves/Organic_Chemistry/Organic_Chemistry_(OpenStax)/20%3A_Carboxylic_Acids_and_Nitriles/20.05%3A_Preparing_Carboxylic_Acids,Organic,0.5242857142857144,0.5,498,7
20: Carboxylic Acids and Nitriles,20.6: Reactions of Carboxylic Acids - An Overview,https://chem.libretexts.org/Bookshelves/Organic_Chemistry/Organic_Chemistry_(OpenStax)/20%3A_Carboxylic_Acids_and_Nitriles/20.06%3A_Reactions_of_Carboxylic_Acids_-_An_Overview,Organic,0.5242857142857144,0.5,356,4
20: Carboxylic Acids and Nitriles,20.7: Chemistry of Nitriles,https://chem.libretexts.org/Bookshelves/Organic_Chemistry/Organic_Chemistry_(OpenStax)/20%3A_Carboxylic_Acids_and_Nitriles/20.07%3A_Chemistry_of_Nitriles,Organic,0.5242857142857144,0.5,974,17
20: Carboxylic Acids and Nitriles,20.8: Spectroscopy of Carboxylic Acids and Nitriles,https://chem.libretexts.org/Bookshelves/Organic_Chemistry/Organic_Chemistry_(OpenStax)/20%3A_Carboxylic_Acids_and_Nitriles/20.08%3A_Spectroscopy_of_Carboxylic_Acids_and_Nitriles,Organic,0.5242857142857144,0.5,656,5
20: Carboxylic Acids and Nitriles,20.9: Chemistry Matters—Vitamin C,https://chem.libretexts.org/Bookshelves/Organic_Chemistry/Organic_Chemistry_(OpenStax)/20%3A_Carboxylic_Acids_and_Nitriles/20.09%3A_Chemistry_MattersVitamin_C,Organic,0.5242857142857144,0.5,732,4
20: Carboxylic Acids and Nitriles,20.10: Key Terms,https://chem.libretexts.org/Bookshelves/Organic_Chemistry/Organic_Chemistry_(OpenStax)/20%3A_Carboxylic_Acids_and_Nitriles/20.10%3A_Key_Terms,Organic,0.5242857142857144,0.5,152,1
20: Carboxylic Acids and Nitriles,20.11: Summary,https://chem.libretexts.org/Bookshelves/Organic_Chemistry/Organic_Chemistry_(OpenStax)/20%3A_Carboxylic_Acids_and_Nitriles/20.11%3A_Summary,Organic,0.5242857142857144,0.5,564,1
20: Carboxylic Acids and Nitriles,20.12: Summary of Reactions,https://chem.libretexts.org/Bookshelves/Organic_Chemistry/Organic_Chemistry_(OpenStax)/20%3A_Carboxylic_Acids_and_Nitriles/20.12%3A_Summary_of_Reactions,Organic,0.5242857142857144,0.5,153,8
21: Carboxylic Acid Derivatives- Nucleophilic Acyl Substitution Reactions,21.0: Why This Chapter?,https://chem.libretexts.org/Bookshelves/Organic_Chemistry/Organic_Chemistry_(OpenStax)/21%3A_Carboxylic_Acid_Derivatives-_Nucleophilic_Acyl_Substitution_Reactions/21.00%3A_Why_This_Chapter,Organic,0.5242857142857144,0.5,345,4
21: Carboxylic Acid Derivatives- Nucleophilic Acyl Substitution Reactions,21.1: Naming Carboxylic Acid Derivatives,https://chem.libretexts.org/Bookshelves/Organic_Chemistry/Organic_Chemistry_(OpenStax)/21%3A_Carboxylic_Acid_Derivatives-_Nucleophilic_Acyl_Substitution_Reactions/21.01%3A_Naming_Carboxylic_Acid_Derivatives,Organic,0.5242857142857144,0.5,545,25
21: Carboxylic Acid Derivatives- Nucleophilic Acyl Substitution Reactions,21.2: Nucleophilic Acyl Substitution Reactions,https://chem.libretexts.org/Bookshelves/Organic_Chemistry/Organic_Chemistry_(OpenStax)/21%3A_Carboxylic_Acid_Derivatives-_Nucleophilic_Acyl_Substitution_Reactions/21.02%3A_Nucleophilic_Acyl_Substitution_Reactions,Organic,0.5242857142857144,0.5,964,19
21: Carboxylic Acid Derivatives- Nucleophilic Acyl Substitution Reactions,21.3: Reactions of Carboxylic Acids,https://chem.libretexts.org/Bookshelves/Organic_Chemistry/Organic_Chemistry_(OpenStax)/21%3A_Carboxylic_Acid_Derivatives-_Nucleophilic_Acyl_Substitution_Reactions/21.03%3A_Reactions_of_Carboxylic_Acids,Organic,0.5242857142857144,0.5,1383,22
21: Carboxylic Acid Derivatives- Nucleophilic Acyl Substitution Reactions,21.4: Chemistry of Acid Halides,https://chem.libretexts.org/Bookshelves/Organic_Chemistry/Organic_Chemistry_(OpenStax)/21%3A_Carboxylic_Acid_Derivatives-_Nucleophilic_Acyl_Substitution_Reactions/21.04%3A_Chemistry_of_Acid_Halides,Organic,0.5242857142857144,0.5,1173,16
21: Carboxylic Acid Derivatives- Nucleophilic Acyl Substitution Reactions,21.5: Chemistry of Acid Anhydrides,https://chem.libretexts.org/Bookshelves/Organic_Chemistry/Organic_Chemistry_(OpenStax)/21%3A_Carboxylic_Acid_Derivatives-_Nucleophilic_Acyl_Substitution_Reactions/21.05%3A_Chemistry_of_Acid_Anhydrides,Organic,0.5242857142857144,0.5,455,6
21: Carboxylic Acid Derivatives- Nucleophilic Acyl Substitution Reactions,21.6: Chemistry of Esters,https://chem.libretexts.org/Bookshelves/Organic_Chemistry/Organic_Chemistry_(OpenStax)/21%3A_Carboxylic_Acid_Derivatives-_Nucleophilic_Acyl_Substitution_Reactions/21.06%3A_Chemistry_of_Esters,Organic,0.5242857142857144,0.5,1093,21
21: Carboxylic Acid Derivatives- Nucleophilic Acyl Substitution Reactions,21.7: Chemistry of Amides,https://chem.libretexts.org/Bookshelves/Organic_Chemistry/Organic_Chemistry_(OpenStax)/21%3A_Carboxylic_Acid_Derivatives-_Nucleophilic_Acyl_Substitution_Reactions/21.07%3A_Chemistry_of_Amides,Organic,0.5242857142857144,0.5,765,12
21: Carboxylic Acid Derivatives- Nucleophilic Acyl Substitution Reactions,21.8: Chemistry of Thioesters and Acyl Phosphates - Biological Carboxylic Acid Derivatives,https://chem.libretexts.org/Bookshelves/Organic_Chemistry/Organic_Chemistry_(OpenStax)/21%3A_Carboxylic_Acid_Derivatives-_Nucleophilic_Acyl_Substitution_Reactions/21.08%3A_Chemistry_of_Thioesters_and_Acyl_Phosphates_-_Biological_Carboxylic_Acid_Derivatives,Organic,0.5242857142857144,0.5,453,5
21: Carboxylic Acid Derivatives- Nucleophilic Acyl Substitution Reactions,21.9: Polyamides and Polyesters - Step-Growth Polymers,https://chem.libretexts.org/Bookshelves/Organic_Chemistry/Organic_Chemistry_(OpenStax)/21%3A_Carboxylic_Acid_Derivatives-_Nucleophilic_Acyl_Substitution_Reactions/21.09%3A_Polyamides_and_Polyesters_-_Step-Growth_Polymers,Organic,0.5242857142857144,0.5,758,18
21: Carboxylic Acid Derivatives- Nucleophilic Acyl Substitution Reactions,21.10: Spectroscopy of Carboxylic Acid Derivatives,https://chem.libretexts.org/Bookshelves/Organic_Chemistry/Organic_Chemistry_(OpenStax)/21%3A_Carboxylic_Acid_Derivatives-_Nucleophilic_Acyl_Substitution_Reactions/21.10%3A_Spectroscopy_of_Carboxylic_Acid_Derivatives,Organic,0.5242857142857144,0.5,485,2
21: Carboxylic Acid Derivatives- Nucleophilic Acyl Substitution Reactions,21.11: Chemistry Matters—β-Lactam Antibiotics,https://chem.libretexts.org/Bookshelves/Organic_Chemistry/Organic_Chemistry_(OpenStax)/21%3A_Carboxylic_Acid_Derivatives-_Nucleophilic_Acyl_Substitution_Reactions/21.11%3A_Chemistry_Matters-Lactam_Antibiotics,Organic,0.5242857142857144,0.5,661,4
21: Carboxylic Acid Derivatives- Nucleophilic Acyl Substitution Reactions,21.12: Key Terms,https://chem.libretexts.org/Bookshelves/Organic_Chemistry/Organic_Chemistry_(OpenStax)/21%3A_Carboxylic_Acid_Derivatives-_Nucleophilic_Acyl_Substitution_Reactions/21.12%3A_Key_Terms,Organic,0.5242857142857144,0.5,152,1
21: Carboxylic Acid Derivatives- Nucleophilic Acyl Substitution Reactions,21.13: Summary,https://chem.libretexts.org/Bookshelves/Organic_Chemistry/Organic_Chemistry_(OpenStax)/21%3A_Carboxylic_Acid_Derivatives-_Nucleophilic_Acyl_Substitution_Reactions/21.13%3A_Summary,Organic,0.5242857142857144,0.5,439,2
21: Carboxylic Acid Derivatives- Nucleophilic Acyl Substitution Reactions,21.14: Summary of Reactions,https://chem.libretexts.org/Bookshelves/Organic_Chemistry/Organic_Chemistry_(OpenStax)/21%3A_Carboxylic_Acid_Derivatives-_Nucleophilic_Acyl_Substitution_Reactions/21.14%3A_Summary_of_Reactions,Organic,0.5242857142857144,0.5,153,21
22: Carbonyl Alpha-Substitution Reactions,22.0: Why This Chapter?,https://chem.libretexts.org/Bookshelves/Organic_Chemistry/Organic_Chemistry_(OpenStax)/22%3A_Carbonyl_Alpha-Substitution_Reactions/22.00%3A_Why_This_Chapter,Organic,0.5242857142857144,0.5,326,3
22: Carbonyl Alpha-Substitution Reactions,22.1: Keto-Enol Tautomerism,https://chem.libretexts.org/Bookshelves/Organic_Chemistry/Organic_Chemistry_(OpenStax)/22%3A_Carbonyl_Alpha-Substitution_Reactions/22.01%3A_Keto-Enol_Tautomerism,Organic,0.5242857142857144,0.5,600,13
22: Carbonyl Alpha-Substitution Reactions,22.2: Reactivity of Enols-  α-Substitution Reactions,https://chem.libretexts.org/Bookshelves/Organic_Chemistry/Organic_Chemistry_(OpenStax)/22%3A_Carbonyl_Alpha-Substitution_Reactions/22.02%3A_Reactivity_of_Enols-__-Substitution_Reactions,Organic,0.5242857142857144,0.5,307,3
22: Carbonyl Alpha-Substitution Reactions,22.3: Alpha Halogenation of Aldehydes and Ketones,https://chem.libretexts.org/Bookshelves/Organic_Chemistry/Organic_Chemistry_(OpenStax)/22%3A_Carbonyl_Alpha-Substitution_Reactions/22.03%3A_Alpha_Halogenation_of_Aldehydes_and_Ketones,Organic,0.5242857142857144,0.5,494,7
22: Carbonyl Alpha-Substitution Reactions,22.4: Alpha Bromination of Carboxylic Acids,https://chem.libretexts.org/Bookshelves/Organic_Chemistry/Organic_Chemistry_(OpenStax)/22%3A_Carbonyl_Alpha-Substitution_Reactions/22.04%3A_Alpha_Bromination_of_Carboxylic_Acids,Organic,0.5242857142857144,0.5,362,4
22: Carbonyl Alpha-Substitution Reactions,22.5: Acidity of Alpha Hydrogen Atoms- Enolate Ion Formation,https://chem.libretexts.org/Bookshelves/Organic_Chemistry/Organic_Chemistry_(OpenStax)/22%3A_Carbonyl_Alpha-Substitution_Reactions/22.05%3A_Acidity_of_Alpha_Hydrogen_Atoms-_Enolate_Ion_Formation,Organic,0.5242857142857144,0.5,714,18
22: Carbonyl Alpha-Substitution Reactions,22.6: Reactivity of Enolate Ions,https://chem.libretexts.org/Bookshelves/Organic_Chemistry/Organic_Chemistry_(OpenStax)/22%3A_Carbonyl_Alpha-Substitution_Reactions/22.06%3A_Reactivity_of_Enolate_Ions,Organic,0.5242857142857144,0.5,546,4
22: Carbonyl Alpha-Substitution Reactions,22.7: Alkylation of Enolate Ions,https://chem.libretexts.org/Bookshelves/Organic_Chemistry/Organic_Chemistry_(OpenStax)/22%3A_Carbonyl_Alpha-Substitution_Reactions/22.07%3A_Alkylation_of_Enolate_Ions,Organic,0.5242857142857144,0.5,1500,37
22: Carbonyl Alpha-Substitution Reactions,22.8: Chemistry Matters—Barbiturates,https://chem.libretexts.org/Bookshelves/Organic_Chemistry/Organic_Chemistry_(OpenStax)/22%3A_Carbonyl_Alpha-Substitution_Reactions/22.08%3A_Chemistry_MattersBarbiturates,Organic,0.5242857142857144,0.5,400,4
22: Carbonyl Alpha-Substitution Reactions,22.9: Key Terms,https://chem.libretexts.org/Bookshelves/Organic_Chemistry/Organic_Chemistry_(OpenStax)/22%3A_Carbonyl_Alpha-Substitution_Reactions/22.09%3A_Key_Terms,Organic,0.5242857142857144,0.5,152,1
22: Carbonyl Alpha-Substitution Reactions,22.10: Summary,https://chem.libretexts.org/Bookshelves/Organic_Chemistry/Organic_Chemistry_(OpenStax)/22%3A_Carbonyl_Alpha-Substitution_Reactions/22.10%3A_Summary,Organic,0.5242857142857144,0.5,416,2
22: Carbonyl Alpha-Substitution Reactions,22.11: Summary of Reactions,https://chem.libretexts.org/Bookshelves/Organic_Chemistry/Organic_Chemistry_(OpenStax)/22%3A_Carbonyl_Alpha-Substitution_Reactions/22.11%3A_Summary_of_Reactions,Organic,0.5242857142857144,0.5,153,10
23: Carbonyl Condensation Reactions,23.0: Why This Chapter?,https://chem.libretexts.org/Bookshelves/Organic_Chemistry/Organic_Chemistry_(OpenStax)/23%3A_Carbonyl_Condensation_Reactions/23.00%3A_Why_This_Chapter,Organic,0.5242857142857144,0.5,338,3
23: Carbonyl Condensation Reactions,23.1: Carbonyl Condensations - The Aldol Reaction,https://chem.libretexts.org/Bookshelves/Organic_Chemistry/Organic_Chemistry_(OpenStax)/23%3A_Carbonyl_Condensation_Reactions/23.01%3A_Carbonyl_Condensations_-_The_Aldol_Reaction,Organic,0.5242857142857144,0.5,470,11
23: Carbonyl Condensation Reactions,23.2: Carbonyl Condensations versus Alpha Substitutions,https://chem.libretexts.org/Bookshelves/Organic_Chemistry/Organic_Chemistry_(OpenStax)/23%3A_Carbonyl_Condensation_Reactions/23.02%3A_Carbonyl_Condensations_versus_Alpha_Substitutions,Organic,0.5242857142857144,0.5,433,3
23: Carbonyl Condensation Reactions,23.3: Dehydration of Aldol Products - Synthesis of Enones,https://chem.libretexts.org/Bookshelves/Organic_Chemistry/Organic_Chemistry_(OpenStax)/23%3A_Carbonyl_Condensation_Reactions/23.03%3A_Dehydration_of_Aldol_Products_-_Synthesis_of_Enones,Organic,0.5242857142857144,0.5,541,13
23: Carbonyl Condensation Reactions,23.4: Using Aldol Reactions in Synthesis,https://chem.libretexts.org/Bookshelves/Organic_Chemistry/Organic_Chemistry_(OpenStax)/23%3A_Carbonyl_Condensation_Reactions/23.04%3A_Using_Aldol_Reactions_in_Synthesis,Organic,0.5242857142857144,0.5,406,5
23: Carbonyl Condensation Reactions,23.5: Mixed Aldol Reactions,https://chem.libretexts.org/Bookshelves/Organic_Chemistry/Organic_Chemistry_(OpenStax)/23%3A_Carbonyl_Condensation_Reactions/23.05%3A_Mixed_Aldol_Reactions,Organic,0.5242857142857144,0.5,371,7
23: Carbonyl Condensation Reactions,23.6: Intramolecular Aldol Reactions,https://chem.libretexts.org/Bookshelves/Organic_Chemistry/Organic_Chemistry_(OpenStax)/23%3A_Carbonyl_Condensation_Reactions/23.06%3A_Intramolecular_Aldol_Reactions,Organic,0.5242857142857144,0.5,424,5
23: Carbonyl Condensation Reactions,23.7: The Claisen Condensation Reaction,https://chem.libretexts.org/Bookshelves/Organic_Chemistry/Organic_Chemistry_(OpenStax)/23%3A_Carbonyl_Condensation_Reactions/23.07%3A_The_Claisen_Condensation_Reaction,Organic,0.5242857142857144,0.5,523,8
23: Carbonyl Condensation Reactions,23.8: Mixed Claisen Condensations,https://chem.libretexts.org/Bookshelves/Organic_Chemistry/Organic_Chemistry_(OpenStax)/23%3A_Carbonyl_Condensation_Reactions/23.08%3A_Mixed_Claisen_Condensations,Organic,0.5242857142857144,0.5,387,6
23: Carbonyl Condensation Reactions,23.9: Intramolecular Claisen  Condensations - The Dieckmann Cyclization,https://chem.libretexts.org/Bookshelves/Organic_Chemistry/Organic_Chemistry_(OpenStax)/23%3A_Carbonyl_Condensation_Reactions/23.09%3A_Intramolecular_Claisen__Condensations_-_The_Dieckmann_Cyclization,Organic,0.5242857142857144,0.5,412,7
23: Carbonyl Condensation Reactions,23.10: Conjugate Carbonyl Additions - The Michael Reaction,https://chem.libretexts.org/Bookshelves/Organic_Chemistry/Organic_Chemistry_(OpenStax)/23%3A_Carbonyl_Condensation_Reactions/23.10%3A_Conjugate_Carbonyl_Additions_-_The_Michael_Reaction,Organic,0.5242857142857144,0.5,540,24
23: Carbonyl Condensation Reactions,23.11: Carbonyl Condensations with Enamines - The Stork Enamine Reaction,https://chem.libretexts.org/Bookshelves/Organic_Chemistry/Organic_Chemistry_(OpenStax)/23%3A_Carbonyl_Condensation_Reactions/23.11%3A_Carbonyl_Condensations_with_Enamines_-_The_Stork_Enamine_Reaction,Organic,0.5242857142857144,0.5,583,11
23: Carbonyl Condensation Reactions,23.12: The Robinson Annulation Reaction,https://chem.libretexts.org/Bookshelves/Organic_Chemistry/Organic_Chemistry_(OpenStax)/23%3A_Carbonyl_Condensation_Reactions/23.12%3A_The_Robinson_Annulation_Reaction,Organic,0.5242857142857144,0.5,497,6
23: Carbonyl Condensation Reactions,23.13: Some Biological Carbonyl Condensation Reactions,https://chem.libretexts.org/Bookshelves/Organic_Chemistry/Organic_Chemistry_(OpenStax)/23%3A_Carbonyl_Condensation_Reactions/23.13%3A_Some_Biological_Carbonyl_Condensation_Reactions,Organic,0.5242857142857144,0.5,518,4
23: Carbonyl Condensation Reactions,23.14: Chemistry Matters - A Prologue to Metabolism,https://chem.libretexts.org/Bookshelves/Organic_Chemistry/Organic_Chemistry_(OpenStax)/23%3A_Carbonyl_Condensation_Reactions/23.14%3A_Chemistry_MattersA_Prologue_to_Metabolism,Organic,0.5242857142857144,0.5,399,5
23: Carbonyl Condensation Reactions,23.15: Key Terms,https://chem.libretexts.org/Bookshelves/Organic_Chemistry/Organic_Chemistry_(OpenStax)/23%3A_Carbonyl_Condensation_Reactions/23.15%3A_Key_Terms,Organic,0.5242857142857144,0.5,152,1
23: Carbonyl Condensation Reactions,23.16: Summary,https://chem.libretexts.org/Bookshelves/Organic_Chemistry/Organic_Chemistry_(OpenStax)/23%3A_Carbonyl_Condensation_Reactions/23.16%3A_Summary,Organic,0.5242857142857144,0.5,555,2
23: Carbonyl Condensation Reactions,23.17: Summary of Reactions,https://chem.libretexts.org/Bookshelves/Organic_Chemistry/Organic_Chemistry_(OpenStax)/23%3A_Carbonyl_Condensation_Reactions/23.17%3A_Summary_of_Reactions,Organic,0.5242857142857144,0.5,153,10
24: Amines and Heterocycles,24.0: Why This Chapter?,https://chem.libretexts.org/Bookshelves/Organic_Chemistry/Organic_Chemistry_(OpenStax)/24%3A_Amines_and_Heterocycles/24.00%3A_Why_This_Chapter,Organic,0.5242857142857144,0.5,339,3
24: Amines and Heterocycles,24.1: Naming Amines,https://chem.libretexts.org/Bookshelves/Organic_Chemistry/Organic_Chemistry_(OpenStax)/24%3A_Amines_and_Heterocycles/24.01%3A_Naming_Amines,Organic,0.5242857142857144,0.5,544,25
24: Amines and Heterocycles,24.2: Structure and Properties of Amines,https://chem.libretexts.org/Bookshelves/Organic_Chemistry/Organic_Chemistry_(OpenStax)/24%3A_Amines_and_Heterocycles/24.02%3A_Structure_and_Properties_of_Amines,Organic,0.5242857142857144,0.5,526,5
24: Amines and Heterocycles,24.3: Basicity of Amines,https://chem.libretexts.org/Bookshelves/Organic_Chemistry/Organic_Chemistry_(OpenStax)/24%3A_Amines_and_Heterocycles/24.03%3A_Basicity_of_Amines,Organic,0.5242857142857144,0.5,1134,11
24: Amines and Heterocycles,24.4: Basicity of Arylamines,https://chem.libretexts.org/Bookshelves/Organic_Chemistry/Organic_Chemistry_(OpenStax)/24%3A_Amines_and_Heterocycles/24.04%3A_Basicity_of_Arylamines,Organic,0.5242857142857144,0.5,371,5
24: Amines and Heterocycles,24.5: Biological Amines and the Henderson-Hasselbalch Equation,https://chem.libretexts.org/Bookshelves/Organic_Chemistry/Organic_Chemistry_(OpenStax)/24%3A_Amines_and_Heterocycles/24.05%3A_Biological_Amines_and_the_Henderson-Hasselbalch_Equation,Organic,0.5242857142857144,0.5,577,2
24: Amines and Heterocycles,24.6: Synthesis of Amines,https://chem.libretexts.org/Bookshelves/Organic_Chemistry/Organic_Chemistry_(OpenStax)/24%3A_Amines_and_Heterocycles/24.06%3A_Synthesis_of_Amines,Organic,0.5242857142857144,0.5,1429,28
24: Amines and Heterocycles,24.7: Reactions of Amines,https://chem.libretexts.org/Bookshelves/Organic_Chemistry/Organic_Chemistry_(OpenStax)/24%3A_Amines_and_Heterocycles/24.07%3A_Reactions_of_Amines,Organic,0.5242857142857144,0.5,689,13
24: Amines and Heterocycles,24.8: Reactions of Arylamines,https://chem.libretexts.org/Bookshelves/Organic_Chemistry/Organic_Chemistry_(OpenStax)/24%3A_Amines_and_Heterocycles/24.08%3A_Reactions_of_Arylamines,Organic,0.5242857142857144,0.5,1398,18
24: Amines and Heterocycles,24.9: Heterocyclic Amines,https://chem.libretexts.org/Bookshelves/Organic_Chemistry/Organic_Chemistry_(OpenStax)/24%3A_Amines_and_Heterocycles/24.09%3A_Heterocyclic_Amines,Organic,0.5242857142857144,0.5,1436,20
24: Amines and Heterocycles,24.10: Spectroscopy of Amines,https://chem.libretexts.org/Bookshelves/Organic_Chemistry/Organic_Chemistry_(OpenStax)/24%3A_Amines_and_Heterocycles/24.10%3A_Spectroscopy_of_Amines,Organic,0.5242857142857144,0.5,693,8
24: Amines and Heterocycles,24.11: Chemistry Matters - Green Chemistry II- Ionic Liquids,https://chem.libretexts.org/Bookshelves/Organic_Chemistry/Organic_Chemistry_(OpenStax)/24%3A_Amines_and_Heterocycles/24.11%3A_Chemistry_MattersGreen_Chemistry_II-_Ionic_Liquids,Organic,0.5242857142857144,0.5,517,5
24: Amines and Heterocycles,24.12: Key Terms,https://chem.libretexts.org/Bookshelves/Organic_Chemistry/Organic_Chemistry_(OpenStax)/24%3A_Amines_and_Heterocycles/24.12%3A_Key_Terms,Organic,0.5242857142857144,0.5,152,1
24: Amines and Heterocycles,24.13: Summary,https://chem.libretexts.org/Bookshelves/Organic_Chemistry/Organic_Chemistry_(OpenStax)/24%3A_Amines_and_Heterocycles/24.13%3A_Summary,Organic,0.5242857142857144,0.5,688,1
24: Amines and Heterocycles,24.14: Summary of Reactions,https://chem.libretexts.org/Bookshelves/Organic_Chemistry/Organic_Chemistry_(OpenStax)/24%3A_Amines_and_Heterocycles/24.14%3A_Summary_of_Reactions,Organic,0.5242857142857144,0.5,153,14
25: Biomolecules - Carbohydrates,25.0: Why This Chapter?,https://chem.libretexts.org/Bookshelves/Organic_Chemistry/Organic_Chemistry_(OpenStax)/25%3A_Biomolecules_-_Carbohydrates/25.00%3A_Why_This_Chapter,Organic,0.5242857142857144,0.5,535,4
25: Biomolecules - Carbohydrates,25.1: Classification of Carbohydrates,https://chem.libretexts.org/Bookshelves/Organic_Chemistry/Organic_Chemistry_(OpenStax)/25%3A_Biomolecules_-_Carbohydrates/25.01%3A_Classification_of_Carbohydrates,Organic,0.5242857142857144,0.5,359,7
25: Biomolecules - Carbohydrates,25.2: Representing Carbohydrate Stereochemistry- Fischer Projections,https://chem.libretexts.org/Bookshelves/Organic_Chemistry/Organic_Chemistry_(OpenStax)/25%3A_Biomolecules_-_Carbohydrates/25.02%3A_Representing_Carbohydrate_Stereochemistry-_Fischer_Projections,Organic,0.5242857142857144,0.5,781,20
25: Biomolecules - Carbohydrates,"25.3: D, L Sugars",https://chem.libretexts.org/Bookshelves/Organic_Chemistry/Organic_Chemistry_(OpenStax)/25%3A_Biomolecules_-_Carbohydrates/25.03%3A_D_L_Sugars,Organic,0.5242857142857144,0.5,546,7
25: Biomolecules - Carbohydrates,25.4: Configurations of Aldoses,https://chem.libretexts.org/Bookshelves/Organic_Chemistry/Organic_Chemistry_(OpenStax)/25%3A_Biomolecules_-_Carbohydrates/25.04%3A_Configurations_of_Aldoses,Organic,0.5242857142857144,0.5,699,10
25: Biomolecules - Carbohydrates,25.5: Cyclic Structures of Monosaccharides - Anomers,https://chem.libretexts.org/Bookshelves/Organic_Chemistry/Organic_Chemistry_(OpenStax)/25%3A_Biomolecules_-_Carbohydrates/25.05%3A_Cyclic_Structures_of_Monosaccharides_-_Anomers,Organic,0.5242857142857144,0.5,1066,12
25: Biomolecules - Carbohydrates,25.6: Reactions of Monosaccharides,https://chem.libretexts.org/Bookshelves/Organic_Chemistry/Organic_Chemistry_(OpenStax)/25%3A_Biomolecules_-_Carbohydrates/25.06%3A_Reactions_of_Monosaccharides,Organic,0.5242857142857144,0.5,2007,19
25: Biomolecules - Carbohydrates,25.7: The Eight Essential Monosaccharides,https://chem.libretexts.org/Bookshelves/Organic_Chemistry/Organic_Chemistry_(OpenStax)/25%3A_Biomolecules_-_Carbohydrates/25.07%3A_The_Eight_Essential_Monosaccharides,Organic,0.5242857142857144,0.5,442,5
25: Biomolecules - Carbohydrates,25.8: Disaccharides,https://chem.libretexts.org/Bookshelves/Organic_Chemistry/Organic_Chemistry_(OpenStax)/25%3A_Biomolecules_-_Carbohydrates/25.08%3A_Disaccharides,Organic,0.5242857142857144,0.5,662,5
25: Biomolecules - Carbohydrates,25.9: Polysaccharides and Their Synthesis,https://chem.libretexts.org/Bookshelves/Organic_Chemistry/Organic_Chemistry_(OpenStax)/25%3A_Biomolecules_-_Carbohydrates/25.09%3A_Polysaccharides_and_Their_Synthesis,Organic,0.5242857142857144,0.5,786,8
25: Biomolecules - Carbohydrates,25.10: Some Other Important Carbohydrates,https://chem.libretexts.org/Bookshelves/Organic_Chemistry/Organic_Chemistry_(OpenStax)/25%3A_Biomolecules_-_Carbohydrates/25.10%3A_Some_Other_Important_Carbohydrates,Organic,0.5242857142857144,0.5,295,3
25: Biomolecules - Carbohydrates,25.11: Chemistry Matters—Sweetness,https://chem.libretexts.org/Bookshelves/Organic_Chemistry/Organic_Chemistry_(OpenStax)/25%3A_Biomolecules_-_Carbohydrates/25.11%3A_Chemistry_MattersSweetness,Organic,0.5242857142857144,0.5,440,3
25: Biomolecules - Carbohydrates,25.12: Key Terms,https://chem.libretexts.org/Bookshelves/Organic_Chemistry/Organic_Chemistry_(OpenStax)/25%3A_Biomolecules_-_Carbohydrates/25.12%3A_Key_Terms,Organic,0.5242857142857144,0.5,152,1
25: Biomolecules - Carbohydrates,25.13: Summary,https://chem.libretexts.org/Bookshelves/Organic_Chemistry/Organic_Chemistry_(OpenStax)/25%3A_Biomolecules_-_Carbohydrates/25.13%3A_Summary,Organic,0.5242857142857144,0.5,555,1
25: Biomolecules - Carbohydrates,25.14: Summary of Reactions,https://chem.libretexts.org/Bookshelves/Organic_Chemistry/Organic_Chemistry_(OpenStax)/25%3A_Biomolecules_-_Carbohydrates/25.14%3A_Summary_of_Reactions,Organic,0.5242857142857144,0.5,153,2
"26: Biomolecules- Amino Acids, Peptides, and Proteins",26.0: Why This Chapter?,https://chem.libretexts.org/Bookshelves/Organic_Chemistry/Organic_Chemistry_(OpenStax)/26%3A_Biomolecules-_Amino_Acids_Peptides_and_Proteins/26.00%3A_Why_This_Chapter,Organic,0.5242857142857144,0.5,374,4
"26: Biomolecules- Amino Acids, Peptides, and Proteins",26.1: Structures of Amino Acids,https://chem.libretexts.org/Bookshelves/Organic_Chemistry/Organic_Chemistry_(OpenStax)/26%3A_Biomolecules-_Amino_Acids_Peptides_and_Proteins/26.01%3A_Structures_of_Amino_Acids,Organic,0.5242857142857144,0.5,993,28
"26: Biomolecules- Amino Acids, Peptides, and Proteins","26.2: Amino Acids, the Henderson-Hasselbalch Equation, and Isoelectric Points",https://chem.libretexts.org/Bookshelves/Organic_Chemistry/Organic_Chemistry_(OpenStax)/26%3A_Biomolecules-_Amino_Acids_Peptides_and_Proteins/26.02%3A_Amino_Acids_the_Henderson-Hasselbalch_Equation_and_Isoelectric_Points,Organic,0.5242857142857144,0.5,1154,6
"26: Biomolecules- Amino Acids, Peptides, and Proteins",26.3: Synthesis of Amino Acids,https://chem.libretexts.org/Bookshelves/Organic_Chemistry/Organic_Chemistry_(OpenStax)/26%3A_Biomolecules-_Amino_Acids_Peptides_and_Proteins/26.03%3A_Synthesis_of_Amino_Acids,Organic,0.5242857142857144,0.5,675,12
"26: Biomolecules- Amino Acids, Peptides, and Proteins",26.4: Peptides and Proteins,https://chem.libretexts.org/Bookshelves/Organic_Chemistry/Organic_Chemistry_(OpenStax)/26%3A_Biomolecules-_Amino_Acids_Peptides_and_Proteins/26.04%3A_Peptides_and_Proteins,Organic,0.5242857142857144,0.5,592,7
"26: Biomolecules- Amino Acids, Peptides, and Proteins",26.5: Amino Acid Analysis of Peptides,https://chem.libretexts.org/Bookshelves/Organic_Chemistry/Organic_Chemistry_(OpenStax)/26%3A_Biomolecules-_Amino_Acids_Peptides_and_Proteins/26.05%3A_Amino_Acid_Analysis_of_Peptides,Organic,0.5242857142857144,0.5,567,5
"26: Biomolecules- Amino Acids, Peptides, and Proteins",26.6: Peptide Sequencing- The Edman Degradation,https://chem.libretexts.org/Bookshelves/Organic_Chemistry/Organic_Chemistry_(OpenStax)/26%3A_Biomolecules-_Amino_Acids_Peptides_and_Proteins/26.06%3A_Peptide_Sequencing-_The_Edman_Degradation,Organic,0.5242857142857144,0.5,677,5
"26: Biomolecules- Amino Acids, Peptides, and Proteins",26.7: Peptide Synthesis,https://chem.libretexts.org/Bookshelves/Organic_Chemistry/Organic_Chemistry_(OpenStax)/26%3A_Biomolecules-_Amino_Acids_Peptides_and_Proteins/26.07%3A_Peptide_Synthesis,Organic,0.5242857142857144,0.5,624,5
"26: Biomolecules- Amino Acids, Peptides, and Proteins",26.8: Automated Peptide Synthesis- The Merrifield Solid-Phase Method,https://chem.libretexts.org/Bookshelves/Organic_Chemistry/Organic_Chemistry_(OpenStax)/26%3A_Biomolecules-_Amino_Acids_Peptides_and_Proteins/26.08%3A_Automated_Peptide_Synthesis-_The_Merrifield_Solid-Phase_Method,Organic,0.5242857142857144,0.5,414,4
"26: Biomolecules- Amino Acids, Peptides, and Proteins",26.9: Protein Structure,https://chem.libretexts.org/Bookshelves/Organic_Chemistry/Organic_Chemistry_(OpenStax)/26%3A_Biomolecules-_Amino_Acids_Peptides_and_Proteins/26.09%3A_Protein_Structure,Organic,0.5242857142857144,0.5,788,4
"26: Biomolecules- Amino Acids, Peptides, and Proteins",26.10: Enzymes and Coenzymes,https://chem.libretexts.org/Bookshelves/Organic_Chemistry/Organic_Chemistry_(OpenStax)/26%3A_Biomolecules-_Amino_Acids_Peptides_and_Proteins/26.10%3A_Enzymes_and_Coenzymes,Organic,0.5242857142857144,0.5,1023,3
"26: Biomolecules- Amino Acids, Peptides, and Proteins",26.11: How do Enzymes Work? Citrate Synthase,https://chem.libretexts.org/Bookshelves/Organic_Chemistry/Organic_Chemistry_(OpenStax)/26%3A_Biomolecules-_Amino_Acids_Peptides_and_Proteins/26.11%3A_How_do_Enzymes_Work_Citrate_Synthase,Organic,0.5242857142857144,0.5,507,6
"26: Biomolecules- Amino Acids, Peptides, and Proteins",26.12: Chemistry Matters - The Protein Data Bank,https://chem.libretexts.org/Bookshelves/Organic_Chemistry/Organic_Chemistry_(OpenStax)/26%3A_Biomolecules-_Amino_Acids_Peptides_and_Proteins/26.12%3A_Chemistry_MattersThe_Protein_Data_Bank,Organic,0.5242857142857144,0.5,602,3
"26: Biomolecules- Amino Acids, Peptides, and Proteins",26.13: Key Terms,https://chem.libretexts.org/Bookshelves/Organic_Chemistry/Organic_Chemistry_(OpenStax)/26%3A_Biomolecules-_Amino_Acids_Peptides_and_Proteins/26.13%3A_Key_Terms,Organic,0.5242857142857144,0.5,152,1
"26: Biomolecules- Amino Acids, Peptides, and Proteins",26.14: Summary,https://chem.libretexts.org/Bookshelves/Organic_Chemistry/Organic_Chemistry_(OpenStax)/26%3A_Biomolecules-_Amino_Acids_Peptides_and_Proteins/26.14%3A_Summary,Organic,0.5242857142857144,0.5,558,1
"26: Biomolecules- Amino Acids, Peptides, and Proteins",26.15: Summary of Reactions,https://chem.libretexts.org/Bookshelves/Organic_Chemistry/Organic_Chemistry_(OpenStax)/26%3A_Biomolecules-_Amino_Acids_Peptides_and_Proteins/26.15%3A_Summary_of_Reactions,Organic,0.5242857142857144,0.5,153,8
27: Biomolecules - Lipids,27.0: Why This Chapter?,https://chem.libretexts.org/Bookshelves/Organic_Chemistry/Organic_Chemistry_(OpenStax)/27%3A_Biomolecules_-_Lipids/27.00%3A_Why_This_Chapter,Organic,0.5242857142857144,0.5,317,3
27: Biomolecules - Lipids,"27.1: Waxes, Fats, and Oils",https://chem.libretexts.org/Bookshelves/Organic_Chemistry/Organic_Chemistry_(OpenStax)/27%3A_Biomolecules_-_Lipids/27.01%3A_Waxes_Fats_and_Oils,Organic,0.5242857142857144,0.5,920,6
27: Biomolecules - Lipids,27.2: Soap,https://chem.libretexts.org/Bookshelves/Organic_Chemistry/Organic_Chemistry_(OpenStax)/27%3A_Biomolecules_-_Lipids/27.02%3A_Soap,Organic,0.5242857142857144,0.5,658,4
27: Biomolecules - Lipids,27.3: Phospholipids,https://chem.libretexts.org/Bookshelves/Organic_Chemistry/Organic_Chemistry_(OpenStax)/27%3A_Biomolecules_-_Lipids/27.03%3A_Phospholipids,Organic,0.5242857142857144,0.5,441,5
27: Biomolecules - Lipids,27.4: Prostaglandins and Other Eicosanoids,https://chem.libretexts.org/Bookshelves/Organic_Chemistry/Organic_Chemistry_(OpenStax)/27%3A_Biomolecules_-_Lipids/27.04%3A_Prostaglandins_and_Other_Eicosanoids,Organic,0.5242857142857144,0.5,647,5
27: Biomolecules - Lipids,27.5: Terpenoids,https://chem.libretexts.org/Bookshelves/Organic_Chemistry/Organic_Chemistry_(OpenStax)/27%3A_Biomolecules_-_Lipids/27.05%3A_Terpenoids,Organic,0.5242857142857144,0.5,1481,20
27: Biomolecules - Lipids,27.6: Steroids,https://chem.libretexts.org/Bookshelves/Organic_Chemistry/Organic_Chemistry_(OpenStax)/27%3A_Biomolecules_-_Lipids/27.06%3A_Steroids,Organic,0.5242857142857144,0.5,751,15
27: Biomolecules - Lipids,27.7: Biosynthesis of Steroids,https://chem.libretexts.org/Bookshelves/Organic_Chemistry/Organic_Chemistry_(OpenStax)/27%3A_Biomolecules_-_Lipids/27.07%3A_Biosynthesis_of_Steroids,Organic,0.5242857142857144,0.5,841,10
27: Biomolecules - Lipids,"27.8: Chemistry Matters—Saturated Fats, Cholesterol, and Heart Disease",https://chem.libretexts.org/Bookshelves/Organic_Chemistry/Organic_Chemistry_(OpenStax)/27%3A_Biomolecules_-_Lipids/27.08%3A_Chemistry_MattersSaturated_Fats_Cholesterol_and_Heart_Disease,Organic,0.5242857142857144,0.5,631,2
27: Biomolecules - Lipids,27.9: Key Terms,https://chem.libretexts.org/Bookshelves/Organic_Chemistry/Organic_Chemistry_(OpenStax)/27%3A_Biomolecules_-_Lipids/27.09%3A_Key_Terms,Organic,0.5242857142857144,0.5,152,1
27: Biomolecules - Lipids,27.10: Summary,https://chem.libretexts.org/Bookshelves/Organic_Chemistry/Organic_Chemistry_(OpenStax)/27%3A_Biomolecules_-_Lipids/27.10%3A_Summary,Organic,0.5242857142857144,0.5,392,1
28: Biomolecules - Nucleic Acids,28.0: Why This Chapter?,https://chem.libretexts.org/Bookshelves/Organic_Chemistry/Organic_Chemistry_(OpenStax)/28%3A_Biomolecules_-_Nucleic_Acids/28.00%3A_Why_This_Chapter,Organic,0.5242857142857144,0.5,320,2
28: Biomolecules - Nucleic Acids,28.1: Nucleotides and Nucleic Acids,https://chem.libretexts.org/Bookshelves/Organic_Chemistry/Organic_Chemistry_(OpenStax)/28%3A_Biomolecules_-_Nucleic_Acids/28.01%3A_Nucleotides_and_Nucleic_Acids,Organic,0.5242857142857144,0.5,515,6
28: Biomolecules - Nucleic Acids,28.2: Base Pairing in DNA,https://chem.libretexts.org/Bookshelves/Organic_Chemistry/Organic_Chemistry_(OpenStax)/28%3A_Biomolecules_-_Nucleic_Acids/28.02%3A_Base_Pairing_in_DNA,Organic,0.5242857142857144,0.5,735,4
28: Biomolecules - Nucleic Acids,28.3: Replication of DNA,https://chem.libretexts.org/Bookshelves/Organic_Chemistry/Organic_Chemistry_(OpenStax)/28%3A_Biomolecules_-_Nucleic_Acids/28.03%3A_Replication_of_DNA,Organic,0.5242857142857144,0.5,574,3
28: Biomolecules - Nucleic Acids,28.4: Transcription of DNA,https://chem.libretexts.org/Bookshelves/Organic_Chemistry/Organic_Chemistry_(OpenStax)/28%3A_Biomolecules_-_Nucleic_Acids/28.04%3A_Transcription_of_DNA,Organic,0.5242857142857144,0.5,711,3
28: Biomolecules - Nucleic Acids,28.5: Translation of RNA - Protein Biosynthesis,https://chem.libretexts.org/Bookshelves/Organic_Chemistry/Organic_Chemistry_(OpenStax)/28%3A_Biomolecules_-_Nucleic_Acids/28.05%3A_Translation_of_RNA_-_Protein_Biosynthesis,Organic,0.5242857142857144,0.5,649,3
28: Biomolecules - Nucleic Acids,28.6: DNA Sequencing,https://chem.libretexts.org/Bookshelves/Organic_Chemistry/Organic_Chemistry_(OpenStax)/28%3A_Biomolecules_-_Nucleic_Acids/28.06%3A_DNA_Sequencing,Organic,0.5242857142857144,0.5,782,3
28: Biomolecules - Nucleic Acids,28.7: DNA Synthesis,https://chem.libretexts.org/Bookshelves/Organic_Chemistry/Organic_Chemistry_(OpenStax)/28%3A_Biomolecules_-_Nucleic_Acids/28.07%3A_DNA_Synthesis,Organic,0.5242857142857144,0.5,713,8
28: Biomolecules - Nucleic Acids,28.8: The Polymerase Chain Reaction,https://chem.libretexts.org/Bookshelves/Organic_Chemistry/Organic_Chemistry_(OpenStax)/28%3A_Biomolecules_-_Nucleic_Acids/28.08%3A_The_Polymerase_Chain_Reaction,Organic,0.5242857142857144,0.5,629,2
28: Biomolecules - Nucleic Acids,28.9: Chemistry Matters—DNA Fingerprinting,https://chem.libretexts.org/Bookshelves/Organic_Chemistry/Organic_Chemistry_(OpenStax)/28%3A_Biomolecules_-_Nucleic_Acids/28.09%3A_Chemistry_MattersDNA_Fingerprinting,Organic,0.5242857142857144,0.5,648,1
28: Biomolecules - Nucleic Acids,28.10: Key Terms,https://chem.libretexts.org/Bookshelves/Organic_Chemistry/Organic_Chemistry_(OpenStax)/28%3A_Biomolecules_-_Nucleic_Acids/28.10%3A_Key_Terms,Organic,0.5242857142857144,0.5,152,1
28: Biomolecules - Nucleic Acids,28.11: Summary,https://chem.libretexts.org/Bookshelves/Organic_Chemistry/Organic_Chemistry_(OpenStax)/28%3A_Biomolecules_-_Nucleic_Acids/28.11%3A_Summary,Organic,0.5242857142857144,0.5,344,1
29: The Organic Chemistry of Metabolic Pathways,29.0: Why This Chapter?,https://chem.libretexts.org/Bookshelves/Organic_Chemistry/Organic_Chemistry_(OpenStax)/29%3A_The_Organic_Chemistry_of_Metabolic_Pathways/29.00%3A_Why_This_Chapter,Organic,0.5242857142857144,0.5,389,2
29: The Organic Chemistry of Metabolic Pathways,29.1: An Overview of Metabolism and Biochemical Energy,https://chem.libretexts.org/Bookshelves/Organic_Chemistry/Organic_Chemistry_(OpenStax)/29%3A_The_Organic_Chemistry_of_Metabolic_Pathways/29.01%3A_An_Overview_of_Metabolism_and_Biochemical_Energy,Organic,0.5242857142857144,0.5,1136,12
29: The Organic Chemistry of Metabolic Pathways,29.2: Catabolism of Triacylglycerols - The Fate of Glycerol,https://chem.libretexts.org/Bookshelves/Organic_Chemistry/Organic_Chemistry_(OpenStax)/29%3A_The_Organic_Chemistry_of_Metabolic_Pathways/29.02%3A_Catabolism_of_Triacylglycerols_-_The_Fate_of_Glycerol,Organic,0.5242857142857144,0.5,597,5
29: The Organic Chemistry of Metabolic Pathways,29.3: Catabolism of Triacylglycerols - β-Oxidation,https://chem.libretexts.org/Bookshelves/Organic_Chemistry/Organic_Chemistry_(OpenStax)/29%3A_The_Organic_Chemistry_of_Metabolic_Pathways/29.03%3A_Catabolism_of_Triacylglycerols_-_-Oxidation,Organic,0.5242857142857144,0.5,1033,10
29: The Organic Chemistry of Metabolic Pathways,29.4: Biosynthesis of Fatty Acids,https://chem.libretexts.org/Bookshelves/Organic_Chemistry/Organic_Chemistry_(OpenStax)/29%3A_The_Organic_Chemistry_of_Metabolic_Pathways/29.04%3A_Biosynthesis_of_Fatty_Acids,Organic,0.5242857142857144,0.5,1389,10
29: The Organic Chemistry of Metabolic Pathways,29.5: Catabolism of Carbohydrates- Glycolysis,https://chem.libretexts.org/Bookshelves/Organic_Chemistry/Organic_Chemistry_(OpenStax)/29%3A_The_Organic_Chemistry_of_Metabolic_Pathways/29.05%3A_Catabolism_of_Carbohydrates-_Glycolysis,Organic,0.5242857142857144,0.5,1323,14
29: The Organic Chemistry of Metabolic Pathways,29.6: Conversion of Pyruvate to Acetyl CoA,https://chem.libretexts.org/Bookshelves/Organic_Chemistry/Organic_Chemistry_(OpenStax)/29%3A_The_Organic_Chemistry_of_Metabolic_Pathways/29.06%3A_Conversion_of_Pyruvate_to_Acetyl_CoA,Organic,0.5242857142857144,0.5,676,7
29: The Organic Chemistry of Metabolic Pathways,29.7: The Citric Acid Cycle,https://chem.libretexts.org/Bookshelves/Organic_Chemistry/Organic_Chemistry_(OpenStax)/29%3A_The_Organic_Chemistry_of_Metabolic_Pathways/29.07%3A_The_Citric_Acid_Cycle,Organic,0.5242857142857144,0.5,1109,11
29: The Organic Chemistry of Metabolic Pathways,29.8: Carbohydrate Biosynthesis- Gluconeogenesis,https://chem.libretexts.org/Bookshelves/Organic_Chemistry/Organic_Chemistry_(OpenStax)/29%3A_The_Organic_Chemistry_of_Metabolic_Pathways/29.08%3A_Carbohydrate_Biosynthesis-_Gluconeogenesis,Organic,0.5242857142857144,0.5,973,12
29: The Organic Chemistry of Metabolic Pathways,29.9: Catabolism of Proteins- Deamination,https://chem.libretexts.org/Bookshelves/Organic_Chemistry/Organic_Chemistry_(OpenStax)/29%3A_The_Organic_Chemistry_of_Metabolic_Pathways/29.09%3A_Catabolism_of_Proteins-_Deamination,Organic,0.5242857142857144,0.5,826,8
29: The Organic Chemistry of Metabolic Pathways,29.10: Some Conclusions about Biological Chemistry,https://chem.libretexts.org/Bookshelves/Organic_Chemistry/Organic_Chemistry_(OpenStax)/29%3A_The_Organic_Chemistry_of_Metabolic_Pathways/29.10%3A_Some_Conclusions_about_Biological_Chemistry,Organic,0.5242857142857144,0.5,335,2
29: The Organic Chemistry of Metabolic Pathways,29.11: Chemistry Matters—Statin Drugs,https://chem.libretexts.org/Bookshelves/Organic_Chemistry/Organic_Chemistry_(OpenStax)/29%3A_The_Organic_Chemistry_of_Metabolic_Pathways/29.11%3A_Chemistry_MattersStatin_Drugs,Organic,0.5242857142857144,0.5,655,4
29: The Organic Chemistry of Metabolic Pathways,29.12: Key Terms,https://chem.libretexts.org/Bookshelves/Organic_Chemistry/Organic_Chemistry_(OpenStax)/29%3A_The_Organic_Chemistry_of_Metabolic_Pathways/29.12%3A_Key_Terms,Organic,0.5242857142857144,0.5,152,1
29: The Organic Chemistry of Metabolic Pathways,29.13: Summary,https://chem.libretexts.org/Bookshelves/Organic_Chemistry/Organic_Chemistry_(OpenStax)/29%3A_The_Organic_Chemistry_of_Metabolic_Pathways/29.13%3A_Summary,Organic,0.5242857142857144,0.5,504,1
30: Orbitals and Organic Chemistry - Pericyclic Reactions,30.0: Why This Chapter?,https://chem.libretexts.org/Bookshelves/Organic_Chemistry/Organic_Chemistry_(OpenStax)/30%3A_Orbitals_and_Organic_Chemistry_-_Pericyclic_Reactions/30.00%3A_Why_This_Chapter,Organic,0.5242857142857144,0.5,384,2
30: Orbitals and Organic Chemistry - Pericyclic Reactions,30.1: Molecular Orbitals of Conjugated Pi Systems,https://chem.libretexts.org/Bookshelves/Organic_Chemistry/Organic_Chemistry_(OpenStax)/30%3A_Orbitals_and_Organic_Chemistry_-_Pericyclic_Reactions/30.01%3A_Molecular_Orbitals_of_Conjugated_Pi_Systems,Organic,0.5242857142857144,0.5,652,3
30: Orbitals and Organic Chemistry - Pericyclic Reactions,30.2: Electrocyclic Reactions,https://chem.libretexts.org/Bookshelves/Organic_Chemistry/Organic_Chemistry_(OpenStax)/30%3A_Orbitals_and_Organic_Chemistry_-_Pericyclic_Reactions/30.02%3A_Electrocyclic_Reactions,Organic,0.5242857142857144,0.5,569,7
30: Orbitals and Organic Chemistry - Pericyclic Reactions,30.3: Stereochemistry of Thermal Electrocyclic Reactions,https://chem.libretexts.org/Bookshelves/Organic_Chemistry/Organic_Chemistry_(OpenStax)/30%3A_Orbitals_and_Organic_Chemistry_-_Pericyclic_Reactions/30.03%3A_Stereochemistry_of_Thermal_Electrocyclic_Reactions,Organic,0.5242857142857144,0.5,592,4
30: Orbitals and Organic Chemistry - Pericyclic Reactions,30.4: Photochemical Electrocyclic Reactions,https://chem.libretexts.org/Bookshelves/Organic_Chemistry/Organic_Chemistry_(OpenStax)/30%3A_Orbitals_and_Organic_Chemistry_-_Pericyclic_Reactions/30.04%3A_Photochemical_Electrocyclic_Reactions,Organic,0.5242857142857144,0.5,328,2
30: Orbitals and Organic Chemistry - Pericyclic Reactions,30.5: Cycloaddition Reactions,https://chem.libretexts.org/Bookshelves/Organic_Chemistry/Organic_Chemistry_(OpenStax)/30%3A_Orbitals_and_Organic_Chemistry_-_Pericyclic_Reactions/30.05%3A_Cycloaddition_Reactions,Organic,0.5242857142857144,0.5,476,4
30: Orbitals and Organic Chemistry - Pericyclic Reactions,30.6: Stereochemistry of Cycloadditions,https://chem.libretexts.org/Bookshelves/Organic_Chemistry/Organic_Chemistry_(OpenStax)/30%3A_Orbitals_and_Organic_Chemistry_-_Pericyclic_Reactions/30.06%3A_Stereochemistry_of_Cycloadditions,Organic,0.5242857142857144,0.5,696,5
30: Orbitals and Organic Chemistry - Pericyclic Reactions,30.7: Sigmatropic Rearrangements,https://chem.libretexts.org/Bookshelves/Organic_Chemistry/Organic_Chemistry_(OpenStax)/30%3A_Orbitals_and_Organic_Chemistry_-_Pericyclic_Reactions/30.07%3A_Sigmatropic_Rearrangements,Organic,0.5242857142857144,0.5,474,4
30: Orbitals and Organic Chemistry - Pericyclic Reactions,30.8: Some Examples of Sigmatropic Rearrangements,https://chem.libretexts.org/Bookshelves/Organic_Chemistry/Organic_Chemistry_(OpenStax)/30%3A_Orbitals_and_Organic_Chemistry_-_Pericyclic_Reactions/30.08%3A_Some_Examples_of_Sigmatropic_Rearrangements,Organic,0.5242857142857144,0.5,764,14
30: Orbitals and Organic Chemistry - Pericyclic Reactions,30.9: A Summary of Rules for Pericyclic Reactions,https://chem.libretexts.org/Bookshelves/Organic_Chemistry/Organic_Chemistry_(OpenStax)/30%3A_Orbitals_and_Organic_Chemistry_-_Pericyclic_Reactions/30.09%3A_A_Summary_of_Rules_for_Pericyclic_Reactions,Organic,0.5242857142857144,0.5,292,1
30: Orbitals and Organic Chemistry - Pericyclic Reactions,"30.10: Chemistry Matters—Vitamin D, the Sunshine Vitamin",https://chem.libretexts.org/Bookshelves/Organic_Chemistry/Organic_Chemistry_(OpenStax)/30%3A_Orbitals_and_Organic_Chemistry_-_Pericyclic_Reactions/30.10%3A_Chemistry_MattersVitamin_D_the_Sunshine_Vitamin,Organic,0.5242857142857144,0.5,449,3
30: Orbitals and Organic Chemistry - Pericyclic Reactions,30.11: Key Terms,https://chem.libretexts.org/Bookshelves/Organic_Chemistry/Organic_Chemistry_(OpenStax)/30%3A_Orbitals_and_Organic_Chemistry_-_Pericyclic_Reactions/30.11%3A_Key_Terms,Organic,0.5242857142857144,0.5,152,1
30: Orbitals and Organic Chemistry - Pericyclic Reactions,30.12: Summary,https://chem.libretexts.org/Bookshelves/Organic_Chemistry/Organic_Chemistry_(OpenStax)/30%3A_Orbitals_and_Organic_Chemistry_-_Pericyclic_Reactions/30.12%3A_Summary,Organic,0.5242857142857144,0.5,530,1
31: Synthetic Polymers,31.0: Why This Chapter?,https://chem.libretexts.org/Bookshelves/Organic_Chemistry/Organic_Chemistry_(OpenStax)/31%3A_Synthetic_Polymers/31.00%3A_Why_This_Chapter,Organic,0.5242857142857144,0.5,336,3
31: Synthetic Polymers,31.1: Chain-Growth Polymers,https://chem.libretexts.org/Bookshelves/Organic_Chemistry/Organic_Chemistry_(OpenStax)/31%3A_Synthetic_Polymers/31.01%3A_Chain-Growth_Polymers,Organic,0.5242857142857144,0.5,678,8
31: Synthetic Polymers,31.2: Stereochemistry of Polymerization- Ziegler-Natta Catalysts,https://chem.libretexts.org/Bookshelves/Organic_Chemistry/Organic_Chemistry_(OpenStax)/31%3A_Synthetic_Polymers/31.02%3A_Stereochemistry_of_Polymerization-_Ziegler-Natta_Catalysts,Organic,0.5242857142857144,0.5,632,3
31: Synthetic Polymers,31.3: Copolymers,https://chem.libretexts.org/Bookshelves/Organic_Chemistry/Organic_Chemistry_(OpenStax)/31%3A_Synthetic_Polymers/31.03%3A_Copolymers,Organic,0.5242857142857144,0.5,528,12
31: Synthetic Polymers,31.4: Step-Growth Polymers,https://chem.libretexts.org/Bookshelves/Organic_Chemistry/Organic_Chemistry_(OpenStax)/31%3A_Synthetic_Polymers/31.04%3A_Step-Growth_Polymers,Organic,0.5242857142857144,0.5,621,8
31: Synthetic Polymers,31.5: Olefin Metathesis Polymerization,https://chem.libretexts.org/Bookshelves/Organic_Chemistry/Organic_Chemistry_(OpenStax)/31%3A_Synthetic_Polymers/31.05%3A_Olefin_Metathesis_Polymerization,Organic,0.5242857142857144,0.5,535,7
31: Synthetic Polymers,31.6: Intramolecular Olefin Metathesis,https://chem.libretexts.org/Bookshelves/Organic_Chemistry/Organic_Chemistry_(OpenStax)/31%3A_Synthetic_Polymers/31.06%3A_Intramolecular_Olefin_Metathesis,Organic,0.5242857142857144,0.5,211,2
31: Synthetic Polymers,31.7: Polymer Structure and Physical Properties,https://chem.libretexts.org/Bookshelves/Organic_Chemistry/Organic_Chemistry_(OpenStax)/31%3A_Synthetic_Polymers/31.07%3A_Polymer_Structure_and_Physical_Properties,Organic,0.5242857142857144,0.5,1090,10
31: Synthetic Polymers,31.8: Chemistry Matters—Degradable Polymers,https://chem.libretexts.org/Bookshelves/Organic_Chemistry/Organic_Chemistry_(OpenStax)/31%3A_Synthetic_Polymers/31.08%3A_Chemistry_MattersDegradable_Polymers,Organic,0.5242857142857144,0.5,477,3
31: Synthetic Polymers,31.9: Key Terms,https://chem.libretexts.org/Bookshelves/Organic_Chemistry/Organic_Chemistry_(OpenStax)/31%3A_Synthetic_Polymers/31.09%3A_Key_Terms,Organic,0.5242857142857144,0.5,152,1
31: Synthetic Polymers,31.10: Summary,https://chem.libretexts.org/Bookshelves/Organic_Chemistry/Organic_Chemistry_(OpenStax)/31%3A_Synthetic_Polymers/31.10%3A_Summary,Organic,0.5242857142857144,0.5,427,1
1: Introduction,1.1: Classification of Analytical Methods,https://chem.libretexts.org/Bookshelves/Analytical_Chemistry/Instrumental_Analysis_(LibreTexts)/01%3A_Introduction/1.01%3A_Classification_of_Analytical_Methods,Analytical & Instrumental,0.5820000000000001,0.58,602,2
1: Introduction,1.2: Types of Instrumental Methods,https://chem.libretexts.org/Bookshelves/Analytical_Chemistry/Instrumental_Analysis_(LibreTexts)/01%3A_Introduction/1.02%3A_Types_of_Instrumental_Methods,Analytical & Instrumental,0.5820000000000001,0.58,399,2
1: Introduction,1.3: Instruments For Analysis,https://chem.libretexts.org/Bookshelves/Analytical_Chemistry/Instrumental_Analysis_(LibreTexts)/01%3A_Introduction/1.03%3A_Instruments_For_Analysis,Analytical & Instrumental,0.5820000000000001,0.58,1252,3
1: Introduction,1.4: Selecting an Analytical Method,https://chem.libretexts.org/Bookshelves/Analytical_Chemistry/Instrumental_Analysis_(LibreTexts)/01%3A_Introduction/1.04%3A_Selecting_an_Analytical_Method,Analytical & Instrumental,0.5820000000000001,0.58,3889,7
1: Introduction,1.5: Calibration of Instrumental Methods,https://chem.libretexts.org/Bookshelves/Analytical_Chemistry/Instrumental_Analysis_(LibreTexts)/01%3A_Introduction/1.05%3A_Calibration_of_Instrumental_Methods,Analytical & Instrumental,0.5820000000000001,0.58,4040,7
2: Electrical Components and Circuits,2.1: Basic Terminology and Laws of Electricity,https://chem.libretexts.org/Bookshelves/Analytical_Chemistry/Instrumental_Analysis_(LibreTexts)/02%3A_Electrical_Components_and_Circuits/2.01%3A_Basic_Terminology_and_Laws_of_Electricity,Analytical & Instrumental,0.5820000000000001,0.58,537,2
2: Electrical Components and Circuits,2.2: Direct Current (DC) Circuits,https://chem.libretexts.org/Bookshelves/Analytical_Chemistry/Instrumental_Analysis_(LibreTexts)/02%3A_Electrical_Components_and_Circuits/2.02%3A_Direct_Current_Circuits_and_Measurements,Analytical & Instrumental,0.5820000000000001,0.58,1410,6
2: Electrical Components and Circuits,2.3: Alternating Current Circuits,https://chem.libretexts.org/Bookshelves/Analytical_Chemistry/Instrumental_Analysis_(LibreTexts)/02%3A_Electrical_Components_and_Circuits/2.03%3A_Alternating_Current_Circuits,Analytical & Instrumental,0.5820000000000001,0.58,1892,11
2: Electrical Components and Circuits,2.4: Semiconductors,https://chem.libretexts.org/Bookshelves/Analytical_Chemistry/Instrumental_Analysis_(LibreTexts)/02%3A_Electrical_Components_and_Circuits/2.04%3A_Semiconductors,Analytical & Instrumental,0.5820000000000001,0.58,968,4
3: Operational Amplifiers,3.1: Operational Amplifiers,https://chem.libretexts.org/Bookshelves/Analytical_Chemistry/Instrumental_Analysis_(LibreTexts)/03%3A_Operational_Amplifiers_in_Chemical_Instrumentation_(TBD)/3.01%3A_Properties_of_Operational_Amplifiers,Analytical & Instrumental,0.5820000000000001,0.58,840,2
3: Operational Amplifiers,3.2: Operational Amplifier Circuits,https://chem.libretexts.org/Bookshelves/Analytical_Chemistry/Instrumental_Analysis_(LibreTexts)/03%3A_Operational_Amplifiers_in_Chemical_Instrumentation_(TBD)/3.02%3A_Operational_Amplifier_Circuits,Analytical & Instrumental,0.5820000000000001,0.58,765,3
3: Operational Amplifiers,3.3: Amplification and Measurement of Signals,https://chem.libretexts.org/Bookshelves/Analytical_Chemistry/Instrumental_Analysis_(LibreTexts)/03%3A_Operational_Amplifiers_in_Chemical_Instrumentation_(TBD)/3.03%3A_Amplification_and_Measurement_of_Signals,Analytical & Instrumental,0.5820000000000001,0.58,1188,5
3: Operational Amplifiers,3.4: Mathematical Operations Using Operational Amplifiers,https://chem.libretexts.org/Bookshelves/Analytical_Chemistry/Instrumental_Analysis_(LibreTexts)/03%3A_Operational_Amplifiers_in_Chemical_Instrumentation_(TBD)/3.04%3A_Application_of_Operational_Amplifiers_to_Mathematical_Operations,Analytical & Instrumental,0.5820000000000001,0.58,826,6
4: Analog and Digital Data,4.1: Analog and Digital Data,https://chem.libretexts.org/Bookshelves/Analytical_Chemistry/Instrumental_Analysis_(LibreTexts)/04%3A_Digital_Electronics_and_Microcomputers_(TBD)/4.01%3A_Analog_and_Digital_Signals,Analytical & Instrumental,0.5820000000000001,0.58,684,5
4: Analog and Digital Data,4.2: Working With Binary Numbers,https://chem.libretexts.org/Bookshelves/Analytical_Chemistry/Instrumental_Analysis_(LibreTexts)/04%3A_Digital_Electronics_and_Microcomputers_(TBD)/4.02%3A_Working_With_Binary_Numbers,Analytical & Instrumental,0.5820000000000001,0.58,988,2
4: Analog and Digital Data,4.3: Cleaning Up Signals and Counting Events,https://chem.libretexts.org/Bookshelves/Analytical_Chemistry/Instrumental_Analysis_(LibreTexts)/04%3A_Digital_Electronics_and_Microcomputers_(TBD)/4.03%3A_Basic_Digital_Circuit_Components,Analytical & Instrumental,0.5820000000000001,0.58,560,4
5: Signals and Noise,5.1: The Signal-to-Noise Ratio,https://chem.libretexts.org/Bookshelves/Analytical_Chemistry/Instrumental_Analysis_(LibreTexts)/05%3A_Signals_and_Noise_(TBD)/5.01%3A_The_Signal-to-Noise_Ratio,Analytical & Instrumental,0.5820000000000001,0.58,530,2
5: Signals and Noise,5.2: Sources of Instrumental Noise,https://chem.libretexts.org/Bookshelves/Analytical_Chemistry/Instrumental_Analysis_(LibreTexts)/05%3A_Signals_and_Noise_(TBD)/5.02%3A_Sources_of_Noise,Analytical & Instrumental,0.5820000000000001,0.58,829,1
5: Signals and Noise,5.3: Signal-to-Noise Enhancement,https://chem.libretexts.org/Bookshelves/Analytical_Chemistry/Instrumental_Analysis_(LibreTexts)/05%3A_Signals_and_Noise_(TBD)/5.03%3A_Signal-to-Noise_Enhancement,Analytical & Instrumental,0.5820000000000001,0.58,2007,8
6: An Introduction to Spectrophotometric Methods,6.1: General Properties of Electromagnetic Radiation,https://chem.libretexts.org/Bookshelves/Analytical_Chemistry/Instrumental_Analysis_(LibreTexts)/06%3A_An_Introduction_to_Spectrophotometric_Methods/6.01%3A_General_Properties_of_Electromagnetic_Radiation,Analytical & Instrumental,0.5820000000000001,0.58,320,3
6: An Introduction to Spectrophotometric Methods,6.2: Wave Properties of Electromagnetic Radiation,https://chem.libretexts.org/Bookshelves/Analytical_Chemistry/Instrumental_Analysis_(LibreTexts)/06%3A_An_Introduction_to_Spectrophotometric_Methods/6.02%3A_Wave_Properties_of_Electromagnetic_Radiation,Analytical & Instrumental,0.5820000000000001,0.58,1507,5
6: An Introduction to Spectrophotometric Methods,6.3: Quantum Mechanical Properties of Electromagnetic Radiation,https://chem.libretexts.org/Bookshelves/Analytical_Chemistry/Instrumental_Analysis_(LibreTexts)/06%3A_An_Introduction_to_Spectrophotometric_Methods/6.03%3A_Quantum_Mechanical_Properties_of_Electromagnetic_Radiation,Analytical & Instrumental,0.5820000000000001,0.58,958,6
6: An Introduction to Spectrophotometric Methods,6.4: Emission and Absorbance Spectra,https://chem.libretexts.org/Bookshelves/Analytical_Chemistry/Instrumental_Analysis_(LibreTexts)/06%3A_An_Introduction_to_Spectrophotometric_Methods/6.04%3A_Spectra,Analytical & Instrumental,0.5820000000000001,0.58,786,7
6: An Introduction to Spectrophotometric Methods,6.5: Quantitative Considerations,https://chem.libretexts.org/Bookshelves/Analytical_Chemistry/Instrumental_Analysis_(LibreTexts)/06%3A_An_Introduction_to_Spectrophotometric_Methods/6.05%3A_Quantitative_Considerations,Analytical & Instrumental,0.5820000000000001,0.58,193,1
7: Components of Optical Instruments,7.1: General Design of Optical Instruments,https://chem.libretexts.org/Bookshelves/Analytical_Chemistry/Instrumental_Analysis_(LibreTexts)/07%3A_Components_of_Optical_Instruments/7.01%3A_General_Design_of_Optical_Instruments,Analytical & Instrumental,0.5820000000000001,0.58,238,2
7: Components of Optical Instruments,7.2: Sources of Radiation,https://chem.libretexts.org/Bookshelves/Analytical_Chemistry/Instrumental_Analysis_(LibreTexts)/07%3A_Components_of_Optical_Instruments/7.02%3A_Sources_of_Radiation,Analytical & Instrumental,0.5820000000000001,0.58,1065,7
7: Components of Optical Instruments,7.3: Wavelength Selectors,https://chem.libretexts.org/Bookshelves/Analytical_Chemistry/Instrumental_Analysis_(LibreTexts)/07%3A_Components_of_Optical_Instruments/7.03%3A_Wavelength_Selectors,Analytical & Instrumental,0.5820000000000001,0.58,2904,14
7: Components of Optical Instruments,7.4: Sample Containers,https://chem.libretexts.org/Bookshelves/Analytical_Chemistry/Instrumental_Analysis_(LibreTexts)/07%3A_Components_of_Optical_Instruments/7.04%3A_Sample_Containers,Analytical & Instrumental,0.5820000000000001,0.58,414,3
7: Components of Optical Instruments,7.5: Radiation Transducers,https://chem.libretexts.org/Bookshelves/Analytical_Chemistry/Instrumental_Analysis_(LibreTexts)/07%3A_Components_of_Optical_Instruments/7.05%3A_Radiation_Transducers,Analytical & Instrumental,0.5820000000000001,0.58,1351,8
7: Components of Optical Instruments,7.6: Fiber Optics,https://chem.libretexts.org/Bookshelves/Analytical_Chemistry/Instrumental_Analysis_(LibreTexts)/07%3A_Components_of_Optical_Instruments/7.06%3A_Fiber_Optics,Analytical & Instrumental,0.5820000000000001,0.58,342,2
7: Components of Optical Instruments,7.7: Fourier Transform Optical Spectroscopy,https://chem.libretexts.org/Bookshelves/Analytical_Chemistry/Instrumental_Analysis_(LibreTexts)/07%3A_Components_of_Optical_Instruments/7.07%3A_Types_of_Optical_Instruments,Analytical & Instrumental,0.5820000000000001,0.58,1125,4
8: An Introduction to Optical Atomic Spectroscopy,8.1: Optical Atomic Spectra,https://chem.libretexts.org/Bookshelves/Analytical_Chemistry/Instrumental_Analysis_(LibreTexts)/08%3A_An_Introduction_to_Optical_Atomic_Spectroscopy/8.01%3A_Optical_Atomic_Spectra,Analytical & Instrumental,0.5820000000000001,0.58,1787,7
8: An Introduction to Optical Atomic Spectroscopy,8.2: Atomization Methods,https://chem.libretexts.org/Bookshelves/Analytical_Chemistry/Instrumental_Analysis_(LibreTexts)/08%3A_An_Introduction_to_Optical_Atomic_Spectroscopy/8.02%3A_Atomization_Methods,Analytical & Instrumental,0.5820000000000001,0.58,262,1
8: An Introduction to Optical Atomic Spectroscopy,8.3: Sample Introduction Methods,https://chem.libretexts.org/Bookshelves/Analytical_Chemistry/Instrumental_Analysis_(LibreTexts)/08%3A_An_Introduction_to_Optical_Atomic_Spectroscopy/8.03%3A_Sample_Introduction_Methods,Analytical & Instrumental,0.5820000000000001,0.58,278,1
9: Atomic Absorption Spectrometry,9.1: Sample Atomization Techniques,https://chem.libretexts.org/Bookshelves/Analytical_Chemistry/Instrumental_Analysis_(LibreTexts)/09%3A_Atomic_Absorption_and_Atomic_Fluorescence_Spectrometry/9.01%3A_Sample_Atomization_Techniques,Analytical & Instrumental,0.5820000000000001,0.58,1659,5
9: Atomic Absorption Spectrometry,9.2: Atomic Absorption Instrumentation,https://chem.libretexts.org/Bookshelves/Analytical_Chemistry/Instrumental_Analysis_(LibreTexts)/09%3A_Atomic_Absorption_and_Atomic_Fluorescence_Spectrometry/9.02%3A_Atomic_Absorption_Instrumentation,Analytical & Instrumental,0.5820000000000001,0.58,1022,5
9: Atomic Absorption Spectrometry,9.3: Interferences in Absorption Spectroscopy,https://chem.libretexts.org/Bookshelves/Analytical_Chemistry/Instrumental_Analysis_(LibreTexts)/09%3A_Atomic_Absorption_and_Atomic_Fluorescence_Spectrometry/9.03%3A_Interferences_in_Absorption_Spectroscopy,Analytical & Instrumental,0.5820000000000001,0.58,1544,4
9: Atomic Absorption Spectrometry,9.4: Atomic Absorption Techniques,https://chem.libretexts.org/Bookshelves/Analytical_Chemistry/Instrumental_Analysis_(LibreTexts)/09%3A_Atomic_Absorption_and_Atomic_Fluorescence_Spectrometry/9.04%3A_Atomic_Absorption_Techniques,Analytical & Instrumental,0.5820000000000001,0.58,959,1
10: Atomic Emission Spectrometry,10.1: Emission Spectroscopy Based on Flame and Plasma Sources,https://chem.libretexts.org/Bookshelves/Analytical_Chemistry/Instrumental_Analysis_(LibreTexts)/10%3A_Atomic_Emission_Spectrometry/10.01%3A_Emission_Spectroscopy_Based_on_Plasma_Sources,Analytical & Instrumental,0.5820000000000001,0.58,2435,9
10: Atomic Emission Spectrometry,10.2: Emission Spectroscopy Based on Arc and Spark Sources,https://chem.libretexts.org/Bookshelves/Analytical_Chemistry/Instrumental_Analysis_(LibreTexts)/10%3A_Atomic_Emission_Spectrometry/10.02%3A_Emission_Spectroscopy_Based_on_Arc_and_Spark_Sources,Analytical & Instrumental,0.5820000000000001,0.58,516,4
11: Atomic Mass Spectrometry,11.1: General Features of Atomic Mass Spectrometry,https://chem.libretexts.org/Bookshelves/Analytical_Chemistry/Instrumental_Analysis_(LibreTexts)/11%3A_Atomic_Mass_Spectrometry/11.01%3A_General_Features_of_Atomic_Mass_Spectrometry,Analytical & Instrumental,0.5820000000000001,0.58,1740,1
11: Atomic Mass Spectrometry,11.2: Mass Spectrometers,https://chem.libretexts.org/Bookshelves/Analytical_Chemistry/Instrumental_Analysis_(LibreTexts)/11%3A_Atomic_Mass_Spectrometry/11.02%3A_Mass_Spectrometers,Analytical & Instrumental,0.5820000000000001,0.58,1476,6
11: Atomic Mass Spectrometry,11.3: Inductively Coupled Plasma Mass Spectrometer,https://chem.libretexts.org/Bookshelves/Analytical_Chemistry/Instrumental_Analysis_(LibreTexts)/11%3A_Atomic_Mass_Spectrometry/11.03%3A_Inductively_Coupled_Plasma_Mass_Spectrometer,Analytical & Instrumental,0.5820000000000001,0.58,1504,4
11: Atomic Mass Spectrometry,11.4: Other Forms of Atomic Mass Spectrometry,https://chem.libretexts.org/Bookshelves/Analytical_Chemistry/Instrumental_Analysis_(LibreTexts)/11%3A_Atomic_Mass_Spectrometry/11.04%3A_Spark_Source_Mass_Spectrometry,Analytical & Instrumental,0.5820000000000001,0.58,517,1
12: Atomic X-Ray Spectrometry,12.1: Fundamental Principles,https://chem.libretexts.org/Bookshelves/Analytical_Chemistry/Instrumental_Analysis_(LibreTexts)/12%3A_Atomic_X-Ray_Spectrometry/12.01%3A_Fundamental_Principles,Analytical & Instrumental,0.5820000000000001,0.58,2456,6
12: Atomic X-Ray Spectrometry,12.2: Instrument Components,https://chem.libretexts.org/Bookshelves/Analytical_Chemistry/Instrumental_Analysis_(LibreTexts)/12%3A_Atomic_X-Ray_Spectrometry/12.02%3A_Instrument_Components,Analytical & Instrumental,0.5820000000000001,0.58,1646,8
12: Atomic X-Ray Spectrometry,12.3: Atomic X-Ray Fluorescence Methods,https://chem.libretexts.org/Bookshelves/Analytical_Chemistry/Instrumental_Analysis_(LibreTexts)/12%3A_Atomic_X-Ray_Spectrometry/12.03%3A_X-Ray_Fluorescence,Analytical & Instrumental,0.5820000000000001,0.58,1137,2
12: Atomic X-Ray Spectrometry,12.4: Other X-Ray Methods,https://chem.libretexts.org/Bookshelves/Analytical_Chemistry/Instrumental_Analysis_(LibreTexts)/12%3A_Atomic_X-Ray_Spectrometry/12.04%3A_Other_X-Ray_Methods,Analytical & Instrumental,0.5820000000000001,0.58,371,3
13: Introduction to Ultraviolet/Visible Absorption Spectrometry,13.1: Transmittance and Absorbance,https://chem.libretexts.org/Bookshelves/Analytical_Chemistry/Instrumental_Analysis_(LibreTexts)/13%3A_Introduction_to_Ultraviolet_Visible_Absorption_Spectrometry/13.01%3A_Transmittance_and_Absorbance,Analytical & Instrumental,0.5820000000000001,0.58,464,2
13: Introduction to Ultraviolet/Visible Absorption Spectrometry,13.2: Beer's Law,https://chem.libretexts.org/Bookshelves/Analytical_Chemistry/Instrumental_Analysis_(LibreTexts)/13%3A_Introduction_to_Ultraviolet_Visible_Absorption_Spectrometry/13.02%3A_Beer's_Law,Analytical & Instrumental,0.5820000000000001,0.58,1746,4
13: Introduction to Ultraviolet/Visible Absorption Spectrometry,13.3: Effect of Noise on Transmittance and Absorbance Measurements,https://chem.libretexts.org/Bookshelves/Analytical_Chemistry/Instrumental_Analysis_(LibreTexts)/13%3A_Introduction_to_Ultraviolet_Visible_Absorption_Spectrometry/13.03%3A_Effect_of_Noise_on_Transmittance_and_Absorbance_Measurements,Analytical & Instrumental,0.5820000000000001,0.58,852,3
13: Introduction to Ultraviolet/Visible Absorption Spectrometry,13.4: Instrumentation,https://chem.libretexts.org/Bookshelves/Analytical_Chemistry/Instrumental_Analysis_(LibreTexts)/13%3A_Introduction_to_Ultraviolet_Visible_Absorption_Spectrometry/13.4%3A_Instrumentation,Analytical & Instrumental,0.5820000000000001,0.58,1547,8
14: Applications of Ultraviolet/Visible Molecular Absorption Spectrometry,14.1: What is Molar Absorptivity?,https://chem.libretexts.org/Bookshelves/Analytical_Chemistry/Instrumental_Analysis_(LibreTexts)/14%3A_Applications_of_Ultraviolet_Visible_Molecular_Absorption_Spectrometry/14.01%3A_What_is_Molar_Absorptivity,Analytical & Instrumental,0.5820000000000001,0.58,445,1
14: Applications of Ultraviolet/Visible Molecular Absorption Spectrometry,14.2: Absorbing Species,https://chem.libretexts.org/Bookshelves/Analytical_Chemistry/Instrumental_Analysis_(LibreTexts)/14%3A_Applications_of_Ultraviolet_Visible_Molecular_Absorption_Spectrometry/14.02%3A_Absorbing_Species,Analytical & Instrumental,0.5820000000000001,0.58,836,7
14: Applications of Ultraviolet/Visible Molecular Absorption Spectrometry,14.3: Qualitative and Characterization Applications,https://chem.libretexts.org/Bookshelves/Analytical_Chemistry/Instrumental_Analysis_(LibreTexts)/14%3A_Applications_of_Ultraviolet_Visible_Molecular_Absorption_Spectrometry/14.03%3A_Qualitative_Applications,Analytical & Instrumental,0.5820000000000001,0.58,2638,5
14: Applications of Ultraviolet/Visible Molecular Absorption Spectrometry,14.4: Quantitative Applications,https://chem.libretexts.org/Bookshelves/Analytical_Chemistry/Instrumental_Analysis_(LibreTexts)/14%3A_Applications_of_Ultraviolet_Visible_Molecular_Absorption_Spectrometry/14.04%3A_Quantitative_Applications,Analytical & Instrumental,0.5820000000000001,0.58,4034,12
14: Applications of Ultraviolet/Visible Molecular Absorption Spectrometry,14.5: Photometric Titrations,https://chem.libretexts.org/Bookshelves/Analytical_Chemistry/Instrumental_Analysis_(LibreTexts)/14%3A_Applications_of_Ultraviolet_Visible_Molecular_Absorption_Spectrometry/14.05%3A_Photometric_Titrations,Analytical & Instrumental,0.5820000000000001,0.58,351,2
15: Molecular Luminescence,15.1: Theory of Fluorescence and Phosphorescence,https://chem.libretexts.org/Bookshelves/Analytical_Chemistry/Instrumental_Analysis_(LibreTexts)/15%3A_Molecular_Luminescence/15.01%3A_Theory_of_Fluorescence_and_Phosphorescence,Analytical & Instrumental,0.5820000000000001,0.58,1843,6
15: Molecular Luminescence,15.2: Instruments for Measuring Fluorescence and Phosphorescence,https://chem.libretexts.org/Bookshelves/Analytical_Chemistry/Instrumental_Analysis_(LibreTexts)/15%3A_Molecular_Luminescence/15.02%3A_Instruments_for_Measuring_Fluorescence_and_Phosphorescence,Analytical & Instrumental,0.5820000000000001,0.58,725,4
15: Molecular Luminescence,15.3: Applications and Photoluminescence methods,https://chem.libretexts.org/Bookshelves/Analytical_Chemistry/Instrumental_Analysis_(LibreTexts)/15%3A_Molecular_Luminescence/15.03%3A_Applications_and_Photoluminescence_methods,Analytical & Instrumental,0.5820000000000001,0.58,1714,3
15: Molecular Luminescence,15.4: Chemiluminscence,https://chem.libretexts.org/Bookshelves/Analytical_Chemistry/Instrumental_Analysis_(LibreTexts)/15%3A_Molecular_Luminescence/15.04%3A_Chemiluminscence,Analytical & Instrumental,0.5820000000000001,0.58,428,1
15: Molecular Luminescence,15.5: Evaluation of Molecular Luminescence,https://chem.libretexts.org/Bookshelves/Analytical_Chemistry/Instrumental_Analysis_(LibreTexts)/15%3A_Molecular_Luminescence/15.05%3A_Evaluation_of_Molecular_Luminescence,Analytical & Instrumental,0.5820000000000001,0.58,616,2
16: An Introduction to Infrared Spectrometry,16.1: Theory of Infrared Absorption Spectrometry,https://chem.libretexts.org/Bookshelves/Analytical_Chemistry/Instrumental_Analysis_(LibreTexts)/16%3A_An_Introduction_to_Infrared_Spectrometry/16.01%3A_Theory_of_Infrared_Absorption_Spectrometry,Analytical & Instrumental,0.5820000000000001,0.58,1851,8
16: An Introduction to Infrared Spectrometry,16.2: Infrared Sources and Transducers,https://chem.libretexts.org/Bookshelves/Analytical_Chemistry/Instrumental_Analysis_(LibreTexts)/16%3A_An_Introduction_to_Infrared_Spectrometry/16.02%3A_Infrared_Sources_and_Transducers,Analytical & Instrumental,0.5820000000000001,0.58,519,1
16: An Introduction to Infrared Spectrometry,16.3: Infrared Instruments,https://chem.libretexts.org/Bookshelves/Analytical_Chemistry/Instrumental_Analysis_(LibreTexts)/16%3A_An_Introduction_to_Infrared_Spectrometry/16.03%3A_Infrared_Instruments,Analytical & Instrumental,0.5820000000000001,0.58,708,2
17: Applications of Infrared Spectrometry,17.1: Mid-Infrared Absorption Spectometry,https://chem.libretexts.org/Bookshelves/Analytical_Chemistry/Instrumental_Analysis_(LibreTexts)/17%3A_Applications_of_Infrared_Spectrometry/17.01%3A_Mid-Infrared_Absorption_Spectometry,Analytical & Instrumental,0.5820000000000001,0.58,1885,8
17: Applications of Infrared Spectrometry,17.2: Mid-Infrared Reflection Spectrometry,https://chem.libretexts.org/Bookshelves/Analytical_Chemistry/Instrumental_Analysis_(LibreTexts)/17%3A_Applications_of_Infrared_Spectrometry/17.02%3A_Mid-Infrared_Reflection_Spectrometry,Analytical & Instrumental,0.5820000000000001,0.58,774,5
17: Applications of Infrared Spectrometry,17.3: Near-Infrared and Far-Infrared Spectroscopy,https://chem.libretexts.org/Bookshelves/Analytical_Chemistry/Instrumental_Analysis_(LibreTexts)/17%3A_Applications_of_Infrared_Spectrometry/17.03%3A_Near_Far_IR,Analytical & Instrumental,0.5820000000000001,0.58,432,1
18: Raman Spectroscopy,18.1: Theory of Raman Spectroscopy,https://chem.libretexts.org/Bookshelves/Analytical_Chemistry/Instrumental_Analysis_(LibreTexts)/18%3A_Raman_Spectroscopy/18.01%3A_Theory_of_Raman_Spectroscopy,Analytical & Instrumental,0.5820000000000001,0.58,1759,5
18: Raman Spectroscopy,18.2: Instrumentation,https://chem.libretexts.org/Bookshelves/Analytical_Chemistry/Instrumental_Analysis_(LibreTexts)/18%3A_Raman_Spectroscopy/18.02%3A_Instrumentation,Analytical & Instrumental,0.5820000000000001,0.58,631,2
18: Raman Spectroscopy,18.3: Applications of Raman Spectroscopy,https://chem.libretexts.org/Bookshelves/Analytical_Chemistry/Instrumental_Analysis_(LibreTexts)/18%3A_Raman_Spectroscopy/18.03%3A_Applications_of_Raman_Spectroscopy,Analytical & Instrumental,0.5820000000000001,0.58,323,5
18: Raman Spectroscopy,18.4: Other Types of Raman Spectroscopy,https://chem.libretexts.org/Bookshelves/Analytical_Chemistry/Instrumental_Analysis_(LibreTexts)/18%3A_Raman_Spectroscopy/18.04%3A_Other_Types_of_Raman_Spectroscopy,Analytical & Instrumental,0.5820000000000001,0.58,393,1
19: Nuclear Magnetic Resonance Spectroscopy,19.1: Theory of Nuclear Magnetic Resonance,https://chem.libretexts.org/Bookshelves/Analytical_Chemistry/Instrumental_Analysis_(LibreTexts)/19%3A_Nuclear_Magnetic_Resonance_Spectroscopy/19.01%3A_Theory_of_Nuclear_Magnetic_Resonance,Analytical & Instrumental,0.5820000000000001,0.58,2167,7
19: Nuclear Magnetic Resonance Spectroscopy,19.2: Environmental Effects on NMR Spectra,https://chem.libretexts.org/Bookshelves/Analytical_Chemistry/Instrumental_Analysis_(LibreTexts)/19%3A_Nuclear_Magnetic_Resonance_Spectroscopy/19.02%3A_Environmental_Effects_on_NMR_Spectra,Analytical & Instrumental,0.5820000000000001,0.58,1945,7
19: Nuclear Magnetic Resonance Spectroscopy,19.3: NMR Spectrometers,https://chem.libretexts.org/Bookshelves/Analytical_Chemistry/Instrumental_Analysis_(LibreTexts)/19%3A_Nuclear_Magnetic_Resonance_Spectroscopy/19.03%3A_NMR_Spectrometers,Analytical & Instrumental,0.5820000000000001,0.58,1642,9
19: Nuclear Magnetic Resonance Spectroscopy,19.4: Applications of Proton NMR,https://chem.libretexts.org/Bookshelves/Analytical_Chemistry/Instrumental_Analysis_(LibreTexts)/19%3A_Nuclear_Magnetic_Resonance_Spectroscopy/19.04%3A_Applications_of_Proton_NMR,Analytical & Instrumental,0.5820000000000001,0.58,752,2
19: Nuclear Magnetic Resonance Spectroscopy,19.5: Carbon-13 NMR,https://chem.libretexts.org/Bookshelves/Analytical_Chemistry/Instrumental_Analysis_(LibreTexts)/19%3A_Nuclear_Magnetic_Resonance_Spectroscopy/19.05%3A_Carbon-13_NMR,Analytical & Instrumental,0.5820000000000001,0.58,1182,2
19: Nuclear Magnetic Resonance Spectroscopy,19.6: Two-Dimensional Fourier Transform NMR,https://chem.libretexts.org/Bookshelves/Analytical_Chemistry/Instrumental_Analysis_(LibreTexts)/19%3A_Nuclear_Magnetic_Resonance_Spectroscopy/19.06%3A_Two-Dimensional_Fourier_Transform_NMR,Analytical & Instrumental,0.5820000000000001,0.58,668,3
20: Molecular Mass Spectrometry,20.1: Molecular Mass Spectra,https://chem.libretexts.org/Bookshelves/Analytical_Chemistry/Instrumental_Analysis_(LibreTexts)/20%3A_Molecular_Mass_Spectrometry/20.01%3A_Molecular_Mass_Spectra,Analytical & Instrumental,0.5820000000000001,0.58,568,3
20: Molecular Mass Spectrometry,20.2: Ion Sources,https://chem.libretexts.org/Bookshelves/Analytical_Chemistry/Instrumental_Analysis_(LibreTexts)/20%3A_Molecular_Mass_Spectrometry/20.02%3A_Ion_Sources,Analytical & Instrumental,0.5820000000000001,0.58,1830,8
20: Molecular Mass Spectrometry,20.3: Mass Spectrometers,https://chem.libretexts.org/Bookshelves/Analytical_Chemistry/Instrumental_Analysis_(LibreTexts)/20%3A_Molecular_Mass_Spectrometry/20.03%3A_Mass_Spectrometers,Analytical & Instrumental,0.5820000000000001,0.58,2497,9
20: Molecular Mass Spectrometry,20.4: Applications of Molecular Mass Spectrometry,https://chem.libretexts.org/Bookshelves/Analytical_Chemistry/Instrumental_Analysis_(LibreTexts)/20%3A_Molecular_Mass_Spectrometry/20.04%3A_Applications_of_Molecular_Mass_Spectrometry,Analytical & Instrumental,0.5820000000000001,0.58,1216,2
21: Surface Characterization by Spectroscopy and Microscopy,21.1: Introduction to the Study of Surfaces,https://chem.libretexts.org/Bookshelves/Analytical_Chemistry/Instrumental_Analysis_(LibreTexts)/21%3A_Surface_Characterization_by_Spectroscopy_and_Microscopy/21.01%3A_Introduction_to_the_Study_of_Surfaces,Analytical & Instrumental,0.5820000000000001,0.58,1340,2
21: Surface Characterization by Spectroscopy and Microscopy,21.2: Spectroscopic Surface Methods,https://chem.libretexts.org/Bookshelves/Analytical_Chemistry/Instrumental_Analysis_(LibreTexts)/21%3A_Surface_Characterization_by_Spectroscopy_and_Microscopy/21.02%3A_Spectroscopic_Surface_Methods,Analytical & Instrumental,0.5820000000000001,0.58,2941,11
21: Surface Characterization by Spectroscopy and Microscopy,21.3: Scanning Electron Microscopy,https://chem.libretexts.org/Bookshelves/Analytical_Chemistry/Instrumental_Analysis_(LibreTexts)/21%3A_Surface_Characterization_by_Spectroscopy_and_Microscopy/21.03%3A_Scanning_Electron_Microscopy,Analytical & Instrumental,0.5820000000000001,0.58,961,4
21: Surface Characterization by Spectroscopy and Microscopy,21.4: Scanning Probe Microscopes,https://chem.libretexts.org/Bookshelves/Analytical_Chemistry/Instrumental_Analysis_(LibreTexts)/21%3A_Surface_Characterization_by_Spectroscopy_and_Microscopy/21.04%3A_Scanning_Probe_Microscopes,Analytical & Instrumental,0.5820000000000001,0.58,1120,6
22: An Introduction to Electroanalytical Chemistry,22.1: Electrochemical Cells,https://chem.libretexts.org/Bookshelves/Analytical_Chemistry/Instrumental_Analysis_(LibreTexts)/22%3A_An_Introduction_to_Electroanalytical_Chemistry/22.01%3A_Electrochemical_Cells,Analytical & Instrumental,0.5820000000000001,0.58,1743,5
22: An Introduction to Electroanalytical Chemistry,22.2: Potentials in Electroanalytical Cells,https://chem.libretexts.org/Bookshelves/Analytical_Chemistry/Instrumental_Analysis_(LibreTexts)/22%3A_An_Introduction_to_Electroanalytical_Chemistry/22.02%3A_Potentials_in_Electroanalytical_Cells,Analytical & Instrumental,0.5820000000000001,0.58,1028,2
22: An Introduction to Electroanalytical Chemistry,22.3: Electrode Potentials,https://chem.libretexts.org/Bookshelves/Analytical_Chemistry/Instrumental_Analysis_(LibreTexts)/22%3A_An_Introduction_to_Electroanalytical_Chemistry/22.03%3A_Electrode_Potentials,Analytical & Instrumental,0.5820000000000001,0.58,1646,2
22: An Introduction to Electroanalytical Chemistry,22.4: Calculation of Cell Potentials from Electrode Potentials,https://chem.libretexts.org/Bookshelves/Analytical_Chemistry/Instrumental_Analysis_(LibreTexts)/22%3A_An_Introduction_to_Electroanalytical_Chemistry/22.04%3A_Calculation_of_Cell_Potentials_from_Electrode_Potentials,Analytical & Instrumental,0.5820000000000001,0.58,496,1
22: An Introduction to Electroanalytical Chemistry,22.5: Currents in Electrochemical Cells,https://chem.libretexts.org/Bookshelves/Analytical_Chemistry/Instrumental_Analysis_(LibreTexts)/22%3A_An_Introduction_to_Electroanalytical_Chemistry/22.05%3A_Currents_in_Electrochemical_Cells,Analytical & Instrumental,0.5820000000000001,0.58,1068,2
22: An Introduction to Electroanalytical Chemistry,22.6: Types of Electroanalytical Methods,https://chem.libretexts.org/Bookshelves/Analytical_Chemistry/Instrumental_Analysis_(LibreTexts)/22%3A_An_Introduction_to_Electroanalytical_Chemistry/22.06%3A_Types_of_Electroanalytical_Methods,Analytical & Instrumental,0.5820000000000001,0.58,365,2
23: Potentiometry,23.1: Reference Electrodes,https://chem.libretexts.org/Bookshelves/Analytical_Chemistry/Instrumental_Analysis_(LibreTexts)/23%3A_Potentiometry/23.01%3A_Reference_Electrodes,Analytical & Instrumental,0.5820000000000001,0.58,1036,4
23: Potentiometry,23.2: Metallic Indicator Electrodes,https://chem.libretexts.org/Bookshelves/Analytical_Chemistry/Instrumental_Analysis_(LibreTexts)/23%3A_Potentiometry/23.02%3A_Metallic_Indicator_Electrodes,Analytical & Instrumental,0.5820000000000001,0.58,896,2
23: Potentiometry,23.3: Membrane Ion-Selective Electrodes,https://chem.libretexts.org/Bookshelves/Analytical_Chemistry/Instrumental_Analysis_(LibreTexts)/23%3A_Potentiometry/23.03%3A_Membrane_Indicator_Electrodes,Analytical & Instrumental,0.5820000000000001,0.58,3466,7
23: Potentiometry,23.4: Molecular-Selective Electrode Systems,https://chem.libretexts.org/Bookshelves/Analytical_Chemistry/Instrumental_Analysis_(LibreTexts)/23%3A_Potentiometry/23.04%3A_Molecular-Selective_Electrode_Systems,Analytical & Instrumental,0.5820000000000001,0.58,1003,4
23: Potentiometry,23.5: Instruments for Measuring Cell Potentials,https://chem.libretexts.org/Bookshelves/Analytical_Chemistry/Instrumental_Analysis_(LibreTexts)/23%3A_Potentiometry/23.05%3A_Instruments_for_Measuring_Cell_Potentials,Analytical & Instrumental,0.5820000000000001,0.58,703,2
23: Potentiometry,23.6: Quantitative Potentiometry,https://chem.libretexts.org/Bookshelves/Analytical_Chemistry/Instrumental_Analysis_(LibreTexts)/23%3A_Potentiometry/23.06%3A_Direct_Potentiometric_Measurements,Analytical & Instrumental,0.5820000000000001,0.58,2189,3
24: Coulometry,24.1: Introduction to Coulometry,https://chem.libretexts.org/Bookshelves/Analytical_Chemistry/Instrumental_Analysis_(LibreTexts)/24%3A_Coulometry/24.01%3A_Current-Voltage_Relationships_During_an_Electrolysis,Analytical & Instrumental,0.5820000000000001,0.58,411,1
24: Coulometry,24.2: Controlled-Potential Coulometry,https://chem.libretexts.org/Bookshelves/Analytical_Chemistry/Instrumental_Analysis_(LibreTexts)/24%3A_Coulometry/24.02%3A_An_Introduction_to_Coulometric_Methods_of_Analysis,Analytical & Instrumental,0.5820000000000001,0.58,2094,7
24: Coulometry,24.3: Controlled-Current Coulometry,https://chem.libretexts.org/Bookshelves/Analytical_Chemistry/Instrumental_Analysis_(LibreTexts)/24%3A_Coulometry/24.03%3A_Potentiostatic_Coulometry,Analytical & Instrumental,0.5820000000000001,0.58,2199,6
25: Voltammetry,25.1: Potential Excitation Signals and Currents in Voltammetry,https://chem.libretexts.org/Bookshelves/Analytical_Chemistry/Instrumental_Analysis_(LibreTexts)/25%3A_Voltammetry/25.01%3A_Excitation_Signals_in_Voltammetry,Analytical & Instrumental,0.5820000000000001,0.58,677,2
25: Voltammetry,25.2: Voltammetric Instrumentation,https://chem.libretexts.org/Bookshelves/Analytical_Chemistry/Instrumental_Analysis_(LibreTexts)/25%3A_Voltammetry/25.02%3A_Voltammetric_Instrumentation,Analytical & Instrumental,0.5820000000000001,0.58,984,6
25: Voltammetry,25.3: Linear Sweep Voltammetry,https://chem.libretexts.org/Bookshelves/Analytical_Chemistry/Instrumental_Analysis_(LibreTexts)/25%3A_Voltammetry/25.03%3A_Hydrodynamic_Voltammetry,Analytical & Instrumental,0.5820000000000001,0.58,2749,10
25: Voltammetry,25.4: Cyclic Voltammetry,https://chem.libretexts.org/Bookshelves/Analytical_Chemistry/Instrumental_Analysis_(LibreTexts)/25%3A_Voltammetry/25.04%3A_Cyclic_Voltammetry,Analytical & Instrumental,0.5820000000000001,0.58,526,3
25: Voltammetry,25.5: Polarography,https://chem.libretexts.org/Bookshelves/Analytical_Chemistry/Instrumental_Analysis_(LibreTexts)/25%3A_Voltammetry/25.05%3A_Polarography,Analytical & Instrumental,0.5820000000000001,0.58,993,3
25: Voltammetry,25.6: Stripping Methods,https://chem.libretexts.org/Bookshelves/Analytical_Chemistry/Instrumental_Analysis_(LibreTexts)/25%3A_Voltammetry/25.06%3A_Stripping_Methods,Analytical & Instrumental,0.5820000000000001,0.58,741,2
25: Voltammetry,25.7: Applications of Voltammetry,https://chem.libretexts.org/Bookshelves/Analytical_Chemistry/Instrumental_Analysis_(LibreTexts)/25%3A_Voltammetry/25.07%3A_Voltammetry_with_Ultramicroelectrodes,Analytical & Instrumental,0.5820000000000001,0.58,3637,6
26: Introduction to Chromatographic Separations,26.1: A General Description of Chromatography,https://chem.libretexts.org/Bookshelves/Analytical_Chemistry/Instrumental_Analysis_(LibreTexts)/26%3A_Introduction_to_Chromatographic_Separations/26.01%3A_A_General_Description_of_Chromatography,Analytical & Instrumental,0.5820000000000001,0.58,1095,6
26: Introduction to Chromatographic Separations,26.2: Migration Rates of Solutes,https://chem.libretexts.org/Bookshelves/Analytical_Chemistry/Instrumental_Analysis_(LibreTexts)/26%3A_Introduction_to_Chromatographic_Separations/26.02%3A_Migration_Rates_of_Solutes,Analytical & Instrumental,0.5820000000000001,0.58,1198,3
26: Introduction to Chromatographic Separations,26.3: Zone Broadening and Column Efficiency,https://chem.libretexts.org/Bookshelves/Analytical_Chemistry/Instrumental_Analysis_(LibreTexts)/26%3A_Introduction_to_Chromatographic_Separations/26.03%3A_Zone_Broadening_and_Column_Efficiency,Analytical & Instrumental,0.5820000000000001,0.58,2327,7
26: Introduction to Chromatographic Separations,26.4: Optimization and Column Performance,https://chem.libretexts.org/Bookshelves/Analytical_Chemistry/Instrumental_Analysis_(LibreTexts)/26%3A_Introduction_to_Chromatographic_Separations/26.04%3A_Optimization_and_Column_Performance,Analytical & Instrumental,0.5820000000000001,0.58,2256,5
26: Introduction to Chromatographic Separations,26.5: Summary of Important Relationships for Chromatography,https://chem.libretexts.org/Bookshelves/Analytical_Chemistry/Instrumental_Analysis_(LibreTexts)/26%3A_Introduction_to_Chromatographic_Separations/26.05%3A_Summary_of_Important_Relationships_for_Chromatography,Analytical & Instrumental,0.5820000000000001,0.58,180,1
26: Introduction to Chromatographic Separations,26.6: Applications of Chromatography,https://chem.libretexts.org/Bookshelves/Analytical_Chemistry/Instrumental_Analysis_(LibreTexts)/26%3A_Introduction_to_Chromatographic_Separations/26.06%3A_Applications_of_Chromatography,Analytical & Instrumental,0.5820000000000001,0.58,465,1
27: Gas Chromatography,27.1: Principles of Gas Chromatography,https://chem.libretexts.org/Bookshelves/Analytical_Chemistry/Instrumental_Analysis_(LibreTexts)/27%3A_Gas_Chromatography/27.01%3A_Principles_of_Gas-Liquid_Chromatography,Analytical & Instrumental,0.5820000000000001,0.58,602,1
27: Gas Chromatography,27.2: Instruments for Gas Chromatography,https://chem.libretexts.org/Bookshelves/Analytical_Chemistry/Instrumental_Analysis_(LibreTexts)/27%3A_Gas_Chromatography/27.02%3A_Instruments_for_Gas-Liquid_Chromatography,Analytical & Instrumental,0.5820000000000001,0.58,2705,12
27: Gas Chromatography,27.3: Gas Chromatographic Columns and Stationary Phases,https://chem.libretexts.org/Bookshelves/Analytical_Chemistry/Instrumental_Analysis_(LibreTexts)/27%3A_Gas_Chromatography/27.03%3A_Gas_Chromatographic_Columns_and_Stationary_Phases,Analytical & Instrumental,0.5820000000000001,0.58,1043,6
27: Gas Chromatography,27.4: Applications of Gas Chromatography,https://chem.libretexts.org/Bookshelves/Analytical_Chemistry/Instrumental_Analysis_(LibreTexts)/27%3A_Gas_Chromatography/27.04%3A_Applications_of_Gas-Liquid_Chromatography,Analytical & Instrumental,0.5820000000000001,0.58,1814,4
28: High-Performance Liquid Chromatography,28.1: Scope of HPLC,https://chem.libretexts.org/Bookshelves/Analytical_Chemistry/Instrumental_Analysis_(LibreTexts)/28%3A_High-Performance_Liquid_Chromatography/28.01%3A_Scope_of_HPLC,Analytical & Instrumental,0.5820000000000001,0.58,363,1
28: High-Performance Liquid Chromatography,28.2: Column Efficiency in Liquid Chromatography,https://chem.libretexts.org/Bookshelves/Analytical_Chemistry/Instrumental_Analysis_(LibreTexts)/28%3A_High-Performance_Liquid_Chromatography/28.02%3A_Column_Efficiency_in_Liquid_Chromatography,Analytical & Instrumental,0.5820000000000001,0.58,337,1
28: High-Performance Liquid Chromatography,28.3: Instruments for Liquid Chromatography,https://chem.libretexts.org/Bookshelves/Analytical_Chemistry/Instrumental_Analysis_(LibreTexts)/28%3A_High-Performance_Liquid_Chromatography/28.03%3A_Instruments_for_Liquid_Chromatography,Analytical & Instrumental,0.5820000000000001,0.58,2093,9
28: High-Performance Liquid Chromatography,28.4: Partition Chromatography,https://chem.libretexts.org/Bookshelves/Analytical_Chemistry/Instrumental_Analysis_(LibreTexts)/28%3A_High-Performance_Liquid_Chromatography/28.04%3A_Partition_Chromatography,Analytical & Instrumental,0.5820000000000001,0.58,2773,10
28: High-Performance Liquid Chromatography,28.5: Adsorption Chromatography,https://chem.libretexts.org/Bookshelves/Analytical_Chemistry/Instrumental_Analysis_(LibreTexts)/28%3A_High-Performance_Liquid_Chromatography/28.05%3A_Adsorption_Chromatography,Analytical & Instrumental,0.5820000000000001,0.58,269,1
28: High-Performance Liquid Chromatography,28.6: Ion-Exchange Chromatography,https://chem.libretexts.org/Bookshelves/Analytical_Chemistry/Instrumental_Analysis_(LibreTexts)/28%3A_High-Performance_Liquid_Chromatography/28.06%3A_Ion-Exchange_Chromatography,Analytical & Instrumental,0.5820000000000001,0.58,1443,4
28: High-Performance Liquid Chromatography,28.7: Size-Exclusion Chromatography,https://chem.libretexts.org/Bookshelves/Analytical_Chemistry/Instrumental_Analysis_(LibreTexts)/28%3A_High-Performance_Liquid_Chromatography/28.07%3A_Size-Exclusion_Chromatography,Analytical & Instrumental,0.5820000000000001,0.58,636,2
29: Supercritical Fluid Chromatography,29.1: Properties of Supercritical Fluids,https://chem.libretexts.org/Bookshelves/Analytical_Chemistry/Instrumental_Analysis_(LibreTexts)/29%3A_Supercritical_Fluid_Chromatography/29.01%3A_Properties_of_Supercritical_Fluids,Analytical & Instrumental,0.5820000000000001,0.58,351,2
29: Supercritical Fluid Chromatography,29.2: Supercritical Fluid Chromatography,https://chem.libretexts.org/Bookshelves/Analytical_Chemistry/Instrumental_Analysis_(LibreTexts)/29%3A_Supercritical_Fluid_Chromatography/29.02%3A_Supercritical_Fluid_Chromatography,Analytical & Instrumental,0.5820000000000001,0.58,249,1
30: Capillary Electrophoresis and Capillary Electrochromatography,30.1: An Overview of Electrophoresis,https://chem.libretexts.org/Bookshelves/Analytical_Chemistry/Instrumental_Analysis_(LibreTexts)/30%3A_Capillary_Electrophoresis_and_Capillary_Electrochromatography/30.01%3A_An_Overview_of_Electrophoresis,Analytical & Instrumental,0.5820000000000001,0.58,397,1
30: Capillary Electrophoresis and Capillary Electrochromatography,30.2: Capillary Electrophoresis,https://chem.libretexts.org/Bookshelves/Analytical_Chemistry/Instrumental_Analysis_(LibreTexts)/30%3A_Capillary_Electrophoresis_and_Capillary_Electrochromatography/30.02%3A_Capillary_Electrophoresis,Analytical & Instrumental,0.5820000000000001,0.58,3209,8
30: Capillary Electrophoresis and Capillary Electrochromatography,30.3: Applications of Capillary Electrophoresis,https://chem.libretexts.org/Bookshelves/Analytical_Chemistry/Instrumental_Analysis_(LibreTexts)/30%3A_Capillary_Electrophoresis_and_Capillary_Electrochromatography/30.03%3A_Applications_of_Capillary_Electrophoresis,Analytical & Instrumental,0.5820000000000001,0.58,1004,4
31: Thermal Methods,31.1: Thermogravimetry,https://chem.libretexts.org/Bookshelves/Analytical_Chemistry/Instrumental_Analysis_(LibreTexts)/31%3A_Thermal_Methods/31.01%3A_Thermogravimetric_Methods,Analytical & Instrumental,0.5820000000000001,0.58,1222,4
31: Thermal Methods,31.2: Differential Thermal Analysis and Differential Scanning Calorimetry,https://chem.libretexts.org/Bookshelves/Analytical_Chemistry/Instrumental_Analysis_(LibreTexts)/31%3A_Thermal_Methods/31.02%3A_Differential_Thermal_Analysis,Analytical & Instrumental,0.5820000000000001,0.58,585,3
32: Radiochemical Methods,32.1: Radioactive Isotopes,https://chem.libretexts.org/Bookshelves/Analytical_Chemistry/Instrumental_Analysis_(LibreTexts)/32%3A_Radiochemical_Methods/32.01%3A_Radioactive_Isotopes,Analytical & Instrumental,0.5820000000000001,0.58,1938,1
32: Radiochemical Methods,32.2: Instrumentation,https://chem.libretexts.org/Bookshelves/Analytical_Chemistry/Instrumental_Analysis_(LibreTexts)/32%3A_Radiochemical_Methods/32.02%3A_Instrumentation,Analytical & Instrumental,0.5820000000000001,0.58,315,1
32: Radiochemical Methods,32.3: Neutron Activation Methods,https://chem.libretexts.org/Bookshelves/Analytical_Chemistry/Instrumental_Analysis_(LibreTexts)/32%3A_Radiochemical_Methods/32.03%3A_Neutron_Activation_Methods,Analytical & Instrumental,0.5820000000000001,0.58,827,2
32: Radiochemical Methods,32.4: Isotope Dilution Methods,https://chem.libretexts.org/Bookshelves/Analytical_Chemistry/Instrumental_Analysis_(LibreTexts)/32%3A_Radiochemical_Methods/32.04%3A_Isotope_Dilution_Methods,Analytical & Instrumental,0.5820000000000001,0.58,730,1
33: Automated Methods of Analysis,33.1: Overview of Automated Methods of Analysis,https://chem.libretexts.org/Bookshelves/Analytical_Chemistry/Instrumental_Analysis_(LibreTexts)/33%3A_Automated_Methods_of_Analysis/33.01%3A_Overview_of_Automated_Methods_of_Analysis,Analytical & Instrumental,0.5820000000000001,0.58,363,2
33: Automated Methods of Analysis,33.2: Flow-Injection Analysis,https://chem.libretexts.org/Bookshelves/Analytical_Chemistry/Instrumental_Analysis_(LibreTexts)/33%3A_Automated_Methods_of_Analysis/33.02%3A_Flow-Injection_Analysis,Analytical & Instrumental,0.5820000000000001,0.58,3597,13
33: Automated Methods of Analysis,33.3: Other Automated Methods of Analysis,https://chem.libretexts.org/Bookshelves/Analytical_Chemistry/Instrumental_Analysis_(LibreTexts)/33%3A_Automated_Methods_of_Analysis/33.03%3A_Other_Automated_Methods_of_Analysis,Analytical & Instrumental,0.5820000000000001,0.58,625,4
34: Particle Size Determination,34.1: Overview,https://chem.libretexts.org/Bookshelves/Analytical_Chemistry/Instrumental_Analysis_(LibreTexts)/34%3A_Particle_Size_Determination/34.01%3A_Overview,Analytical & Instrumental,0.5820000000000001,0.58,947,4
34: Particle Size Determination,34.2: Measuring Particle Size Using Sieves,https://chem.libretexts.org/Bookshelves/Analytical_Chemistry/Instrumental_Analysis_(LibreTexts)/34%3A_Particle_Size_Determination/34.02%3A_Measuring_Particle_Size_Using_Sieves,Analytical & Instrumental,0.5820000000000001,0.58,338,2
34: Particle Size Determination,34.3: Measuring Particle Size by Sedimentation,https://chem.libretexts.org/Bookshelves/Analytical_Chemistry/Instrumental_Analysis_(LibreTexts)/34%3A_Particle_Size_Determination/34.03%3A_Measuring_Particle_Size_by_Sedimentation,Analytical & Instrumental,0.5820000000000001,0.58,372,3
34: Particle Size Determination,34.4: Measuring Particle Size Using Image Analysis,https://chem.libretexts.org/Bookshelves/Analytical_Chemistry/Instrumental_Analysis_(LibreTexts)/34%3A_Particle_Size_Determination/34.04%3A_Measuring_Particle_Size_Using_Image_Analysis,Analytical & Instrumental,0.5820000000000001,0.58,426,2
34: Particle Size Determination,34.5: Measuring Particle Size Using Light Scattering,https://chem.libretexts.org/Bookshelves/Analytical_Chemistry/Instrumental_Analysis_(LibreTexts)/34%3A_Particle_Size_Determination/34.05%3A_Measuring_Particle_Size_Using_Light_Scattering,Analytical & Instrumental,0.5820000000000001,0.58,1182,5
35: Appendicies,35.1: Evaluation of Analytical Data,https://chem.libretexts.org/Bookshelves/Analytical_Chemistry/Instrumental_Analysis_(LibreTexts)/35%3A_Appendicies/35.01%3A_Evaluation_of_Analytical_Data,Analytical & Instrumental,0.5820000000000001,0.58,18109,35
35: Appendicies,35.2: Single-Sided Normal Distribution,https://chem.libretexts.org/Bookshelves/Analytical_Chemistry/Instrumental_Analysis_(LibreTexts)/35%3A_Appendicies/35.02%3A_Single-Sided_Normal_Distribution,Analytical & Instrumental,0.5820000000000001,0.58,475,3
35: Appendicies,35.3: Critical Values for t-Test,https://chem.libretexts.org/Bookshelves/Analytical_Chemistry/Instrumental_Analysis_(LibreTexts)/35%3A_Appendicies/35.03%3A_Critical_Values_for_t-Test,Analytical & Instrumental,0.5820000000000001,0.58,327,1
35: Appendicies,35.4: Critical Values for F-Test,https://chem.libretexts.org/Bookshelves/Analytical_Chemistry/Instrumental_Analysis_(LibreTexts)/35%3A_Appendicies/35.04%3A_Critical_Values_for_F-Test,Analytical & Instrumental,0.5820000000000001,0.58,225,1
35: Appendicies,35.5: Critical Values for Dixon's Q-Test,https://chem.libretexts.org/Bookshelves/Analytical_Chemistry/Instrumental_Analysis_(LibreTexts)/35%3A_Appendicies/35.05%3A_Critical_Values_for_Dixon's_Q-Test,Analytical & Instrumental,0.5820000000000001,0.58,304,1
35: Appendicies,35.6: Critical Values for Grubb's Test,https://chem.libretexts.org/Bookshelves/Analytical_Chemistry/Instrumental_Analysis_(LibreTexts)/35%3A_Appendicies/35.06%3A_Critical_Values_for_Grubb's_Test,Analytical & Instrumental,0.5820000000000001,0.58,260,1
35: Appendicies,35.7: Activity Coefficients,https://chem.libretexts.org/Bookshelves/Analytical_Chemistry/Instrumental_Analysis_(LibreTexts)/35%3A_Appendicies/35.07%3A_Activity_Coefficients,Analytical & Instrumental,0.5820000000000001,0.58,2451,3
35: Appendicies,35.8: Standard Reduction Potentials & Polarographic Half-wave Potentials,https://chem.libretexts.org/Bookshelves/Analytical_Chemistry/Instrumental_Analysis_(LibreTexts)/35%3A_Appendicies/35.08%3A_Standard_and_Formal_Electrode_Potentials,Analytical & Instrumental,0.5820000000000001,0.58,600,1
35: Appendicies,35.9: Recommended Primary Standards,https://chem.libretexts.org/Bookshelves/Analytical_Chemistry/Instrumental_Analysis_(LibreTexts)/35%3A_Appendicies/35.09%3A_Recommended_Primary_Standards,Analytical & Instrumental,0.5820000000000001,0.58,207,1
35: Appendicies,35.10: Acronyms and Abbreviations,https://chem.libretexts.org/Bookshelves/Analytical_Chemistry/Instrumental_Analysis_(LibreTexts)/35%3A_Appendicies/35.10%3A_Acronyms_and_Abbreviations,Analytical & Instrumental,0.5820000000000001,0.58,157,1
1: The Dawn of the Quantum Theory,1.1: Blackbody Radiation Cannot Be Explained Classically,https://chem.libretexts.org/Bookshelves/Physical_and_Theoretical_Chemistry_Textbook_Maps/Physical_Chemistry_(LibreTexts)/01%3A_The_Dawn_of_the_Quantum_Theory/1.01%3A_Blackbody_Radiation_Cannot_Be_Explained_Classically,Physical & Theoretical,0.59,0.6,2515,6
1: The Dawn of the Quantum Theory,1.2: Quantum Hypothesis Used for Blackbody Radiation Law,https://chem.libretexts.org/Bookshelves/Physical_and_Theoretical_Chemistry_Textbook_Maps/Physical_Chemistry_(LibreTexts)/01%3A_The_Dawn_of_the_Quantum_Theory/1.02%3A_Quantum_Hypothesis_Used_for_Blackbody_Radiation_Law,Physical & Theoretical,0.59,0.6,1673,5
1: The Dawn of the Quantum Theory,1.3: Photoelectric Effect Explained with Quantum Hypothesis,https://chem.libretexts.org/Bookshelves/Physical_and_Theoretical_Chemistry_Textbook_Maps/Physical_Chemistry_(LibreTexts)/01%3A_The_Dawn_of_the_Quantum_Theory/1.03%3A_Photoelectric_Effect_Explained_with_Quantum_Hypothesis,Physical & Theoretical,0.59,0.6,2462,4
1: The Dawn of the Quantum Theory,1.4: The Hydrogen Atomic Spectrum,https://chem.libretexts.org/Bookshelves/Physical_and_Theoretical_Chemistry_Textbook_Maps/Physical_Chemistry_(LibreTexts)/01%3A_The_Dawn_of_the_Quantum_Theory/1.04%3A_The_Hydrogen_Atomic_Spectrum,Physical & Theoretical,0.59,0.6,1703,7
1: The Dawn of the Quantum Theory,1.5: The Rydberg Formula and the Hydrogen Atomic Spectrum,https://chem.libretexts.org/Bookshelves/Physical_and_Theoretical_Chemistry_Textbook_Maps/Physical_Chemistry_(LibreTexts)/01%3A_The_Dawn_of_the_Quantum_Theory/1.05%3A_The_Rydberg_Formula_and_the_Hydrogen_Atomic_Spectrum,Physical & Theoretical,0.59,0.6,937,1
1: The Dawn of the Quantum Theory,1.6: Matter Has Wavelike Properties,https://chem.libretexts.org/Bookshelves/Physical_and_Theoretical_Chemistry_Textbook_Maps/Physical_Chemistry_(LibreTexts)/01%3A_The_Dawn_of_the_Quantum_Theory/1.06%3A_Matter_Has_Wavelike_Properties,Physical & Theoretical,0.59,0.6,1270,1
1: The Dawn of the Quantum Theory,1.7: de Broglie Waves can be Experimentally Observed,https://chem.libretexts.org/Bookshelves/Physical_and_Theoretical_Chemistry_Textbook_Maps/Physical_Chemistry_(LibreTexts)/01%3A_The_Dawn_of_the_Quantum_Theory/1.07%3A_de_Broglie_Waves_can_be_Experimentally_Observed,Physical & Theoretical,0.59,0.6,1475,8
1: The Dawn of the Quantum Theory,1.8: The Bohr Theory of the Hydrogen Atom,https://chem.libretexts.org/Bookshelves/Physical_and_Theoretical_Chemistry_Textbook_Maps/Physical_Chemistry_(LibreTexts)/01%3A_The_Dawn_of_the_Quantum_Theory/1.08%3A_The_Bohr_Theory_of_the_Hydrogen_Atom,Physical & Theoretical,0.59,0.6,3028,10
1: The Dawn of the Quantum Theory,1.9: The Heisenberg Uncertainty Principle,https://chem.libretexts.org/Bookshelves/Physical_and_Theoretical_Chemistry_Textbook_Maps/Physical_Chemistry_(LibreTexts)/01%3A_The_Dawn_of_the_Quantum_Theory/1.09%3A_The_Heisenberg_Uncertainty_Principle,Physical & Theoretical,0.59,0.6,2088,2
1: The Dawn of the Quantum Theory,1.E: The Dawn of the Quantum Theory (Exercises),https://chem.libretexts.org/Bookshelves/Physical_and_Theoretical_Chemistry_Textbook_Maps/Physical_Chemistry_(LibreTexts)/01%3A_The_Dawn_of_the_Quantum_Theory/1.E%3A_The_Dawn_of_the_Quantum_Theory_(Exercises),Physical & Theoretical,0.59,0.6,139,0
2: The Classical Wave Equation,2.1: The One-Dimensional Wave Equation,https://chem.libretexts.org/Bookshelves/Physical_and_Theoretical_Chemistry_Textbook_Maps/Physical_Chemistry_(LibreTexts)/02%3A_The_Classical_Wave_Equation/2.01%3A_The_One-Dimensional_Wave_Equation,Physical & Theoretical,0.59,0.6,1361,6
2: The Classical Wave Equation,2.2: The Method of Separation of Variables,https://chem.libretexts.org/Bookshelves/Physical_and_Theoretical_Chemistry_Textbook_Maps/Physical_Chemistry_(LibreTexts)/02%3A_The_Classical_Wave_Equation/2.02%3A_The_Method_of_Separation_of_Variables,Physical & Theoretical,0.59,0.6,1507,1
2: The Classical Wave Equation,2.3: Oscillatory Solutions to Differential Equations,https://chem.libretexts.org/Bookshelves/Physical_and_Theoretical_Chemistry_Textbook_Maps/Physical_Chemistry_(LibreTexts)/02%3A_The_Classical_Wave_Equation/2.03%3A_Oscillatory_Solutions_to_Differential_Equations,Physical & Theoretical,0.59,0.6,912,2
2: The Classical Wave Equation,2.4: The General Solution is a Superposition of Normal Modes,https://chem.libretexts.org/Bookshelves/Physical_and_Theoretical_Chemistry_Textbook_Maps/Physical_Chemistry_(LibreTexts)/02%3A_The_Classical_Wave_Equation/2.04%3A_The_General_Solution_is_a_Superposition_of_Normal_Modes,Physical & Theoretical,0.59,0.6,1704,3
2: The Classical Wave Equation,2.5: A Vibrating Membrane,https://chem.libretexts.org/Bookshelves/Physical_and_Theoretical_Chemistry_Textbook_Maps/Physical_Chemistry_(LibreTexts)/02%3A_The_Classical_Wave_Equation/2.05%3A_A_Vibrating_Membrane,Physical & Theoretical,0.59,0.6,1493,8
2: The Classical Wave Equation,2.E: The Classical Wave Equation (Exercises),https://chem.libretexts.org/Bookshelves/Physical_and_Theoretical_Chemistry_Textbook_Maps/Physical_Chemistry_(LibreTexts)/02%3A_The_Classical_Wave_Equation/2.E%3A_The_Classical_Wave_Equation_(Exercises),Physical & Theoretical,0.59,0.6,137,0
3: The Schrödinger Equation and a Particle in a Box,3.1: The Schrödinger Equation,https://chem.libretexts.org/Bookshelves/Physical_and_Theoretical_Chemistry_Textbook_Maps/Physical_Chemistry_(LibreTexts)/03%3A_The_Schrodinger_Equation_and_a_Particle_in_a_Box/3.01%3A_The_Schrodinger_Equation,Physical & Theoretical,0.59,0.6,1705,1
3: The Schrödinger Equation and a Particle in a Box,3.2: Linear Operators in Quantum Mechanics,https://chem.libretexts.org/Bookshelves/Physical_and_Theoretical_Chemistry_Textbook_Maps/Physical_Chemistry_(LibreTexts)/03%3A_The_Schrodinger_Equation_and_a_Particle_in_a_Box/3.02%3A_Linear_Operators_in_Quantum_Mechanics,Physical & Theoretical,0.59,0.6,1014,1
3: The Schrödinger Equation and a Particle in a Box,3.3: The Schrödinger Equation is an Eigenvalue Problem,https://chem.libretexts.org/Bookshelves/Physical_and_Theoretical_Chemistry_Textbook_Maps/Physical_Chemistry_(LibreTexts)/03%3A_The_Schrodinger_Equation_and_a_Particle_in_a_Box/3.03%3A_The_Schrodinger_Equation_is_an_Eigenvalue_Problem,Physical & Theoretical,0.59,0.6,1691,1
3: The Schrödinger Equation and a Particle in a Box,3.4: Wavefunctions Have a Probabilistic Interpretation,https://chem.libretexts.org/Bookshelves/Physical_and_Theoretical_Chemistry_Textbook_Maps/Physical_Chemistry_(LibreTexts)/03%3A_The_Schrodinger_Equation_and_a_Particle_in_a_Box/3.04%3A_Wavefunctions_Have_a_Probabilistic_Interpretation,Physical & Theoretical,0.59,0.6,757,1
3: The Schrödinger Equation and a Particle in a Box,3.5: The Energy of a Particle in a Box is Quantized,https://chem.libretexts.org/Bookshelves/Physical_and_Theoretical_Chemistry_Textbook_Maps/Physical_Chemistry_(LibreTexts)/03%3A_The_Schrodinger_Equation_and_a_Particle_in_a_Box/3.05%3A_The_Energy_of_a_Particle_in_a_Box_is_Quantized,Physical & Theoretical,0.59,0.6,2326,6
3: The Schrödinger Equation and a Particle in a Box,3.6: Wavefunctions Must Be Normalized,https://chem.libretexts.org/Bookshelves/Physical_and_Theoretical_Chemistry_Textbook_Maps/Physical_Chemistry_(LibreTexts)/03%3A_The_Schrodinger_Equation_and_a_Particle_in_a_Box/3.06%3A_Wavefunctions_Must_Be_Normalized,Physical & Theoretical,0.59,0.6,1493,4
3: The Schrödinger Equation and a Particle in a Box,3.7: The Average Momentum of a Particle in a Box is Zero,https://chem.libretexts.org/Bookshelves/Physical_and_Theoretical_Chemistry_Textbook_Maps/Physical_Chemistry_(LibreTexts)/03%3A_The_Schrodinger_Equation_and_a_Particle_in_a_Box/3.07%3A_The_Average_Momentum_of_a_Particle_in_a_Box_is_Zero,Physical & Theoretical,0.59,0.6,3317,3
3: The Schrödinger Equation and a Particle in a Box,3.8: The Uncertainty Principle - Estimating Uncertainties from Wavefunctions,https://chem.libretexts.org/Bookshelves/Physical_and_Theoretical_Chemistry_Textbook_Maps/Physical_Chemistry_(LibreTexts)/03%3A_The_Schrodinger_Equation_and_a_Particle_in_a_Box/3.08%3A_The_Uncertainty_Principle_-_Estimating_Uncertainties_from_Wavefunctions,Physical & Theoretical,0.59,0.6,1100,1
3: The Schrödinger Equation and a Particle in a Box,3.9: A Particle in a Three-Dimensional Box,https://chem.libretexts.org/Bookshelves/Physical_and_Theoretical_Chemistry_Textbook_Maps/Physical_Chemistry_(LibreTexts)/03%3A_The_Schrodinger_Equation_and_a_Particle_in_a_Box/3.09%3A_A_Particle_in_a_Three-Dimensional_Box,Physical & Theoretical,0.59,0.6,1173,2
3: The Schrödinger Equation and a Particle in a Box,3.E: The Schrödinger Equation and a Particle in a Box (Exercises),https://chem.libretexts.org/Bookshelves/Physical_and_Theoretical_Chemistry_Textbook_Maps/Physical_Chemistry_(LibreTexts)/03%3A_The_Schrodinger_Equation_and_a_Particle_in_a_Box/3.E%3A_The_Schrodinger_Equation_and_a_Particle_in_a_Box_(Exercises),Physical & Theoretical,0.59,0.6,142,0
3: The Schrödinger Equation and a Particle in a Box,3.S: The Schrödinger Equation and a Particle in a Box (Summary),https://chem.libretexts.org/Bookshelves/Physical_and_Theoretical_Chemistry_Textbook_Maps/Physical_Chemistry_(LibreTexts)/03%3A_The_Schrodinger_Equation_and_a_Particle_in_a_Box/3.S%3A_The_Schrodinger_Equation_and_a_Particle_in_a_Box_(Summary),Physical & Theoretical,0.59,0.6,644,5
4: Postulates and Principles of Quantum Mechanics,4.1: The Wavefunction Specifies the State of a System,https://chem.libretexts.org/Bookshelves/Physical_and_Theoretical_Chemistry_Textbook_Maps/Physical_Chemistry_(LibreTexts)/04%3A_Postulates_and_Principles_of_Quantum_Mechanics/4.01%3A_The_Wavefunction_Specifies_the_State_of_a_System,Physical & Theoretical,0.59,0.6,1158,9
4: Postulates and Principles of Quantum Mechanics,4.2: Quantum Operators Represent Classical Variables,https://chem.libretexts.org/Bookshelves/Physical_and_Theoretical_Chemistry_Textbook_Maps/Physical_Chemistry_(LibreTexts)/04%3A_Postulates_and_Principles_of_Quantum_Mechanics/4.02%3A_Quantum_Operators_Represent_Classical_Variables,Physical & Theoretical,0.59,0.6,576,0
4: Postulates and Principles of Quantum Mechanics,4.3: Observable Quantities Must Be Eigenvalues of Quantum Mechanical Operators,https://chem.libretexts.org/Bookshelves/Physical_and_Theoretical_Chemistry_Textbook_Maps/Physical_Chemistry_(LibreTexts)/04%3A_Postulates_and_Principles_of_Quantum_Mechanics/4.03%3A_Observable_Quantities_Must_Be_Eigenvalues_of_Quantum_Mechanical_Operators,Physical & Theoretical,0.59,0.6,1741,3
4: Postulates and Principles of Quantum Mechanics,4.4: The Time-Dependent Schrödinger Equation,https://chem.libretexts.org/Bookshelves/Physical_and_Theoretical_Chemistry_Textbook_Maps/Physical_Chemistry_(LibreTexts)/04%3A_Postulates_and_Principles_of_Quantum_Mechanics/4.04%3A_The_Time-Dependent_Schrodinger_Equation,Physical & Theoretical,0.59,0.6,1038,1
4: Postulates and Principles of Quantum Mechanics,4.5: Eigenfunctions of Operators are Orthogonal,https://chem.libretexts.org/Bookshelves/Physical_and_Theoretical_Chemistry_Textbook_Maps/Physical_Chemistry_(LibreTexts)/04%3A_Postulates_and_Principles_of_Quantum_Mechanics/4.05%3A_Eigenfunctions_of_Operators_are_Orthogonal,Physical & Theoretical,0.59,0.6,1647,1
4: Postulates and Principles of Quantum Mechanics,4.6: Commuting Operators Allow Infinite Precision,https://chem.libretexts.org/Bookshelves/Physical_and_Theoretical_Chemistry_Textbook_Maps/Physical_Chemistry_(LibreTexts)/04%3A_Postulates_and_Principles_of_Quantum_Mechanics/4.06%3A_Commuting_Operators_Allow_Infinite_Precision,Physical & Theoretical,0.59,0.6,1298,1
4: Postulates and Principles of Quantum Mechanics,4.E: Postulates and Principles of Quantum Mechanics (Exercises),https://chem.libretexts.org/Bookshelves/Physical_and_Theoretical_Chemistry_Textbook_Maps/Physical_Chemistry_(LibreTexts)/04%3A_Postulates_and_Principles_of_Quantum_Mechanics/4.E%3A_Postulates_and_Principles_of_Quantum_Mechanics_(Exercises),Physical & Theoretical,0.59,0.6,139,0
4: Postulates and Principles of Quantum Mechanics,4.S: Postulates and Principles of Quantum Mechanics (Summary),https://chem.libretexts.org/Bookshelves/Physical_and_Theoretical_Chemistry_Textbook_Maps/Physical_Chemistry_(LibreTexts)/04%3A_Postulates_and_Principles_of_Quantum_Mechanics/4.S%3A_Postulates_and_Principles_of_Quantum_Mechanics_(Summary),Physical & Theoretical,0.59,0.6,143,1
5: The Harmonic Oscillator and the Rigid Rotor,5.1: A Harmonic Oscillator Obeys Hooke's Law,https://chem.libretexts.org/Bookshelves/Physical_and_Theoretical_Chemistry_Textbook_Maps/Physical_Chemistry_(LibreTexts)/05%3A_The_Harmonic_Oscillator_and_the_Rigid_Rotor/5.01%3A_A_Harmonic_Oscillator_Obeys_Hooke's_Law,Physical & Theoretical,0.59,0.6,2263,7
5: The Harmonic Oscillator and the Rigid Rotor,5.2: The Equation for a Harmonic-Oscillator Model of a Diatomic Molecule Contains the Reduced Mass of the Molecule,https://chem.libretexts.org/Bookshelves/Physical_and_Theoretical_Chemistry_Textbook_Maps/Physical_Chemistry_(LibreTexts)/05%3A_The_Harmonic_Oscillator_and_the_Rigid_Rotor/5.02%3A_The_Equation_for_a_Harmonic-Oscillator_Model_of_a_Diatomic_Molecule_Contains_the_Reduced_Mass_of_the_Molecule,Physical & Theoretical,0.59,0.6,1049,1
5: The Harmonic Oscillator and the Rigid Rotor,5.3: The Harmonic Oscillator Approximates Molecular Vibrations,https://chem.libretexts.org/Bookshelves/Physical_and_Theoretical_Chemistry_Textbook_Maps/Physical_Chemistry_(LibreTexts)/05%3A_The_Harmonic_Oscillator_and_the_Rigid_Rotor/5.03%3A_The_Harmonic_Oscillator_Approximates_Molecular_Vibrations,Physical & Theoretical,0.59,0.6,888,4
5: The Harmonic Oscillator and the Rigid Rotor,5.4: The Harmonic Oscillator Energy Levels,https://chem.libretexts.org/Bookshelves/Physical_and_Theoretical_Chemistry_Textbook_Maps/Physical_Chemistry_(LibreTexts)/05%3A_The_Harmonic_Oscillator_and_the_Rigid_Rotor/5.04%3A_The_Harmonic_Oscillator_Energy_Levels,Physical & Theoretical,0.59,0.6,1352,2
5: The Harmonic Oscillator and the Rigid Rotor,5.5: The Harmonic Oscillator and Infrared Spectra,https://chem.libretexts.org/Bookshelves/Physical_and_Theoretical_Chemistry_Textbook_Maps/Physical_Chemistry_(LibreTexts)/05%3A_The_Harmonic_Oscillator_and_the_Rigid_Rotor/5.05%3A_The_Harmonic_Oscillator_and_Infrared_Spectra,Physical & Theoretical,0.59,0.6,2579,2
5: The Harmonic Oscillator and the Rigid Rotor,5.6: The Harmonic Oscillator Wavefunctions involve Hermite Polynomials,https://chem.libretexts.org/Bookshelves/Physical_and_Theoretical_Chemistry_Textbook_Maps/Physical_Chemistry_(LibreTexts)/05%3A_The_Harmonic_Oscillator_and_the_Rigid_Rotor/5.06%3A_The_Harmonic_Oscillator_Wavefunctions_involve_Hermite_Polynomials,Physical & Theoretical,0.59,0.6,2395,10
5: The Harmonic Oscillator and the Rigid Rotor,5.7: Hermite Polynomials are either Even or Odd Functions,https://chem.libretexts.org/Bookshelves/Physical_and_Theoretical_Chemistry_Textbook_Maps/Physical_Chemistry_(LibreTexts)/05%3A_The_Harmonic_Oscillator_and_the_Rigid_Rotor/5.07%3A_Hermite_Polynomials_are_either_Even_or_Odd_Functions,Physical & Theoretical,0.59,0.6,1135,7
5: The Harmonic Oscillator and the Rigid Rotor,5.8: The Energy Levels of a Rigid Rotor,https://chem.libretexts.org/Bookshelves/Physical_and_Theoretical_Chemistry_Textbook_Maps/Physical_Chemistry_(LibreTexts)/05%3A_The_Harmonic_Oscillator_and_the_Rigid_Rotor/5.08%3A_The_Energy_Levels_of_a_Rigid_Rotor,Physical & Theoretical,0.59,0.6,3163,4
5: The Harmonic Oscillator and the Rigid Rotor,5.9: The Rigid Rotator is a Model for a Rotating Diatomic Molecule,https://chem.libretexts.org/Bookshelves/Physical_and_Theoretical_Chemistry_Textbook_Maps/Physical_Chemistry_(LibreTexts)/05%3A_The_Harmonic_Oscillator_and_the_Rigid_Rotor/5.09%3A_The_Rigid_Rotator_is_a_Model_for_a_Rotating_Diatomic_Molecule,Physical & Theoretical,0.59,0.6,2046,6
5: The Harmonic Oscillator and the Rigid Rotor,5.E: The Harmonic Oscillator and the Rigid Rotor (Exercises),https://chem.libretexts.org/Bookshelves/Physical_and_Theoretical_Chemistry_Textbook_Maps/Physical_Chemistry_(LibreTexts)/05%3A_The_Harmonic_Oscillator_and_the_Rigid_Rotor/5.E%3A_The_Harmonic_Oscillator_and_the_Rigid_Rotor_(Exercises),Physical & Theoretical,0.59,0.6,140,0
5: The Harmonic Oscillator and the Rigid Rotor,5.S: The Harmonic Oscillator and the Rigid Rotor (Summary),https://chem.libretexts.org/Bookshelves/Physical_and_Theoretical_Chemistry_Textbook_Maps/Physical_Chemistry_(LibreTexts)/05%3A_The_Harmonic_Oscillator_and_the_Rigid_Rotor/5.S%3A_The_Harmonic_Oscillator_and_the_Rigid_Rotor_(Summary),Physical & Theoretical,0.59,0.6,1060,5
6: The Hydrogen Atom,6.1: The Schrodinger Equation for the Hydrogen Atom Can Be Solved Exactly,https://chem.libretexts.org/Bookshelves/Physical_and_Theoretical_Chemistry_Textbook_Maps/Physical_Chemistry_(LibreTexts)/06%3A_The_Hydrogen_Atom/6.01%3A_The_Schrodinger_Equation_for_the_Hydrogen_Atom_Can_Be_Solved_Exactly,Physical & Theoretical,0.59,0.6,1514,1
6: The Hydrogen Atom,6.2: The Wavefunctions of a Rigid Rotator are Called Spherical Harmonics,https://chem.libretexts.org/Bookshelves/Physical_and_Theoretical_Chemistry_Textbook_Maps/Physical_Chemistry_(LibreTexts)/06%3A_The_Hydrogen_Atom/6.02%3A_The_Wavefunctions_of_a_Rigid_Rotator_are_Called_Spherical_Harmonics,Physical & Theoretical,0.59,0.6,1961,7
6: The Hydrogen Atom,6.3: The Three Components of Angular Momentum Cannot be Measured Simultaneously with Arbitrary Precision,https://chem.libretexts.org/Bookshelves/Physical_and_Theoretical_Chemistry_Textbook_Maps/Physical_Chemistry_(LibreTexts)/06%3A_The_Hydrogen_Atom/6.03%3A_The_Three_Components_of_Angular_Momentum_Cannot_be_Measured_Simultaneously_with_Arbitrary_Precision,Physical & Theoretical,0.59,0.6,1869,2
6: The Hydrogen Atom,6.4: Hydrogen Atomic Orbitals Depend upon Three Quantum Numbers,https://chem.libretexts.org/Bookshelves/Physical_and_Theoretical_Chemistry_Textbook_Maps/Physical_Chemistry_(LibreTexts)/06%3A_The_Hydrogen_Atom/6.04%3A_Hydrogen_Atomic_Orbitals_Depend_upon_Three_Quantum_Numbers,Physical & Theoretical,0.59,0.6,1210,2
6: The Hydrogen Atom,6.5: s-orbitals are Spherically Symmetric,https://chem.libretexts.org/Bookshelves/Physical_and_Theoretical_Chemistry_Textbook_Maps/Physical_Chemistry_(LibreTexts)/06%3A_The_Hydrogen_Atom/6.05%3A_s-orbitals_are_Spherically_Symmetric,Physical & Theoretical,0.59,0.6,2811,7
6: The Hydrogen Atom,6.6: Orbital Angular Momentum and the p-Orbitals,https://chem.libretexts.org/Bookshelves/Physical_and_Theoretical_Chemistry_Textbook_Maps/Physical_Chemistry_(LibreTexts)/06%3A_The_Hydrogen_Atom/6.06%3A_Orbital_Angular_Momentum_and_the_p-Orbitals,Physical & Theoretical,0.59,0.6,2536,4
6: The Hydrogen Atom,6.7: The Helium Atom Cannot Be Solved Exactly,https://chem.libretexts.org/Bookshelves/Physical_and_Theoretical_Chemistry_Textbook_Maps/Physical_Chemistry_(LibreTexts)/06%3A_The_Hydrogen_Atom/6.07%3A_The_Helium_Atom_Cannot_Be_Solved_Exactly,Physical & Theoretical,0.59,0.6,1615,2
6: The Hydrogen Atom,6.E: The Hydrogen Atom (Exercises),https://chem.libretexts.org/Bookshelves/Physical_and_Theoretical_Chemistry_Textbook_Maps/Physical_Chemistry_(LibreTexts)/06%3A_The_Hydrogen_Atom/6.E%3A_The_Hydrogen_Atom_(Exercises),Physical & Theoretical,0.59,0.6,136,0
6: The Hydrogen Atom,6.S: The Hydrogen Atom (Summary),https://chem.libretexts.org/Bookshelves/Physical_and_Theoretical_Chemistry_Textbook_Maps/Physical_Chemistry_(LibreTexts)/06%3A_The_Hydrogen_Atom/6.S%3A_The_Hydrogen_Atom_(Summary),Physical & Theoretical,0.59,0.6,387,1
7: Approximation Methods,7.1: The Variational Method Approximation,https://chem.libretexts.org/Bookshelves/Physical_and_Theoretical_Chemistry_Textbook_Maps/Physical_Chemistry_(LibreTexts)/07%3A_Approximation_Methods/7.01%3A_The_Variational_Method_Approximation,Physical & Theoretical,0.59,0.6,1896,4
7: Approximation Methods,7.2: Linear Variational Method and the Secular Determinant,https://chem.libretexts.org/Bookshelves/Physical_and_Theoretical_Chemistry_Textbook_Maps/Physical_Chemistry_(LibreTexts)/07%3A_Approximation_Methods/7.02%3A_Linear_Variational_Method_and_the_Secular_Determinant,Physical & Theoretical,0.59,0.6,1821,3
7: Approximation Methods,7.3: Trial Functions Can Be Linear Combinations of Functions That Also Contain Variational Parameters,https://chem.libretexts.org/Bookshelves/Physical_and_Theoretical_Chemistry_Textbook_Maps/Physical_Chemistry_(LibreTexts)/07%3A_Approximation_Methods/7.03%3A_Trial_Functions_Can_Be_Linear_Combinations_of_Functions_That_Also_Contain_Variational_Parameters,Physical & Theoretical,0.59,0.6,1146,1
7: Approximation Methods,7.E: Approximation Methods (Exercises),https://chem.libretexts.org/Bookshelves/Physical_and_Theoretical_Chemistry_Textbook_Maps/Physical_Chemistry_(LibreTexts)/07%3A_Approximation_Methods/7.E%3A_Approximation_Methods_(Exercises),Physical & Theoretical,0.59,0.6,135,0
7: Approximation Methods,7.S: Approximation Methods (Summary),https://chem.libretexts.org/Bookshelves/Physical_and_Theoretical_Chemistry_Textbook_Maps/Physical_Chemistry_(LibreTexts)/07%3A_Approximation_Methods/7.S%3A_Approximation_Methods_(Summary),Physical & Theoretical,0.59,0.6,1165,1
8: Multielectron Atoms,8.1: Atomic and Molecular Calculations are Expressed in Atomic Units,https://chem.libretexts.org/Bookshelves/Physical_and_Theoretical_Chemistry_Textbook_Maps/Physical_Chemistry_(LibreTexts)/08%3A_Multielectron_Atoms/8.01%3A_Atomic_and_Molecular_Calculations_are_Expressed_in_Atomic_Units,Physical & Theoretical,0.59,0.6,515,1
8: Multielectron Atoms,8.2: Perturbation Theory and the Variational Method for Helium,https://chem.libretexts.org/Bookshelves/Physical_and_Theoretical_Chemistry_Textbook_Maps/Physical_Chemistry_(LibreTexts)/08%3A_Multielectron_Atoms/8.02%3A_Perturbation_Theory_and_the_Variational_Method_for_Helium,Physical & Theoretical,0.59,0.6,2280,1
8: Multielectron Atoms,8.3: Hartree-Fock Equations are Solved by the Self-Consistent Field Method,https://chem.libretexts.org/Bookshelves/Physical_and_Theoretical_Chemistry_Textbook_Maps/Physical_Chemistry_(LibreTexts)/08%3A_Multielectron_Atoms/8.03%3A_Hartree-Fock_Equations_are_Solved_by_the_Self-Consistent_Field_Method,Physical & Theoretical,0.59,0.6,1468,4
8: Multielectron Atoms,8.4: An Electron has an Intrinsic Spin Angular Momentum,https://chem.libretexts.org/Bookshelves/Physical_and_Theoretical_Chemistry_Textbook_Maps/Physical_Chemistry_(LibreTexts)/08%3A_Multielectron_Atoms/8.04%3A_An_Electron_has_an_Intrinsic_Spin_Angular_Momentum,Physical & Theoretical,0.59,0.6,2616,6
8: Multielectron Atoms,8.5: Wavefunctions must be Antisymmetric to Interchange of any Two Electrons,https://chem.libretexts.org/Bookshelves/Physical_and_Theoretical_Chemistry_Textbook_Maps/Physical_Chemistry_(LibreTexts)/08%3A_Multielectron_Atoms/8.05%3A_Wavefunctions_must_be_Antisymmetric_to_Interchange_of_any_Two_Electrons,Physical & Theoretical,0.59,0.6,1905,2
8: Multielectron Atoms,8.6: Antisymmetric Wavefunctions can be Represented by Slater Determinants,https://chem.libretexts.org/Bookshelves/Physical_and_Theoretical_Chemistry_Textbook_Maps/Physical_Chemistry_(LibreTexts)/08%3A_Multielectron_Atoms/8.06%3A_Antisymmetric_Wavefunctions_can_be_Represented_by_Slater_Determinants,Physical & Theoretical,0.59,0.6,2913,3
8: Multielectron Atoms,8.7: Hartree-Fock Calculations Give Good Agreement with Experimental Data,https://chem.libretexts.org/Bookshelves/Physical_and_Theoretical_Chemistry_Textbook_Maps/Physical_Chemistry_(LibreTexts)/08%3A_Multielectron_Atoms/8.07%3A_Hartree-Fock_Calculations_Give_Good_Agreement_with_Experimental_Data,Physical & Theoretical,0.59,0.6,2272,2
8: Multielectron Atoms,8.8: Term Symbols Gives a Detailed Description of an Electron Configuration,https://chem.libretexts.org/Bookshelves/Physical_and_Theoretical_Chemistry_Textbook_Maps/Physical_Chemistry_(LibreTexts)/08%3A_Multielectron_Atoms/8.08%3A_Term_Symbols_Gives_a_Detailed_Description_of_an_Electron_Configuration,Physical & Theoretical,0.59,0.6,2714,9
8: Multielectron Atoms,8.9: The Allowed Values of J - the Total Angular Momentum Quantum Number,https://chem.libretexts.org/Bookshelves/Physical_and_Theoretical_Chemistry_Textbook_Maps/Physical_Chemistry_(LibreTexts)/08%3A_Multielectron_Atoms/8.09%3A_The_Allowed_Values_of_J_-_the_Total_Angular_Momentum_Quantum_Number,Physical & Theoretical,0.59,0.6,1095,3
8: Multielectron Atoms,8.10: Hund's Rules Determine the Term Symbols of the Ground Electronic States,https://chem.libretexts.org/Bookshelves/Physical_and_Theoretical_Chemistry_Textbook_Maps/Physical_Chemistry_(LibreTexts)/08%3A_Multielectron_Atoms/8.10%3A_Hund's_Rules_Determine_the_Term_Symbols_of_the_Ground_Electronic_States,Physical & Theoretical,0.59,0.6,879,2
8: Multielectron Atoms,8.11: Using Atomic Term Symbols to Interpret Atomic Spectra,https://chem.libretexts.org/Bookshelves/Physical_and_Theoretical_Chemistry_Textbook_Maps/Physical_Chemistry_(LibreTexts)/08%3A_Multielectron_Atoms/8.11%3A_Using_Atomic_Term_Symbols_to_Interpret_Atomic_Spectra,Physical & Theoretical,0.59,0.6,1984,5
8: Multielectron Atoms,8.E: Multielectron Atoms (Exercises),https://chem.libretexts.org/Bookshelves/Physical_and_Theoretical_Chemistry_Textbook_Maps/Physical_Chemistry_(LibreTexts)/08%3A_Multielectron_Atoms/8.E%3A_Multielectron_Atoms_(Exercises),Physical & Theoretical,0.59,0.6,135,0
8: Multielectron Atoms,8.S: Multielectron Atoms (Summary),https://chem.libretexts.org/Bookshelves/Physical_and_Theoretical_Chemistry_Textbook_Maps/Physical_Chemistry_(LibreTexts)/08%3A_Multielectron_Atoms/8.S%3A_Multielectron_Atoms_(Summary),Physical & Theoretical,0.59,0.6,139,1
9: Chemical Bonding in Diatomic Molecules,9.1: The Born-Oppenheimer Approximation Simplifies the Schrödinger Equation for Molecules,https://chem.libretexts.org/Bookshelves/Physical_and_Theoretical_Chemistry_Textbook_Maps/Physical_Chemistry_(LibreTexts)/09%3A_Chemical_Bonding_in_Diatomic_Molecules/9.01%3A_The_Born-Oppenheimer_Approximation_Simplifies_the_Schrodinger_Equation_for_Molecules,Physical & Theoretical,0.59,0.6,2185,3
9: Chemical Bonding in Diatomic Molecules,9.2: The H₂⁺ Prototypical Species,https://chem.libretexts.org/Bookshelves/Physical_and_Theoretical_Chemistry_Textbook_Maps/Physical_Chemistry_(LibreTexts)/09%3A_Chemical_Bonding_in_Diatomic_Molecules/9.02%3A_The_H_Prototypical_Species,Physical & Theoretical,0.59,0.6,1166,3
9: Chemical Bonding in Diatomic Molecules,9.3: The Overlap Integral,https://chem.libretexts.org/Bookshelves/Physical_and_Theoretical_Chemistry_Textbook_Maps/Physical_Chemistry_(LibreTexts)/09%3A_Chemical_Bonding_in_Diatomic_Molecules/9.03%3A_The_Overlap_Integral,Physical & Theoretical,0.59,0.6,1326,2
9: Chemical Bonding in Diatomic Molecules,9.4: Chemical Bond Stability,https://chem.libretexts.org/Bookshelves/Physical_and_Theoretical_Chemistry_Textbook_Maps/Physical_Chemistry_(LibreTexts)/09%3A_Chemical_Bonding_in_Diatomic_Molecules/9.04%3A_Chemical_Bond_Stability,Physical & Theoretical,0.59,0.6,1933,2
9: Chemical Bonding in Diatomic Molecules,9.5: Bonding and Antibonding Orbitals,https://chem.libretexts.org/Bookshelves/Physical_and_Theoretical_Chemistry_Textbook_Maps/Physical_Chemistry_(LibreTexts)/09%3A_Chemical_Bonding_in_Diatomic_Molecules/9.05%3A_Bonding_and_Antibonding_Orbitals,Physical & Theoretical,0.59,0.6,1534,2
9: Chemical Bonding in Diatomic Molecules,9.6: A Simple Molecular-Orbital Treatment of H₂ Places Both Electrons in a Bonding Orbital,https://chem.libretexts.org/Bookshelves/Physical_and_Theoretical_Chemistry_Textbook_Maps/Physical_Chemistry_(LibreTexts)/09%3A_Chemical_Bonding_in_Diatomic_Molecules/9.06%3A_A_Simple_Molecular-Orbital_Treatment_of_H_Places_Both_Electrons_in_a_Bonding_Orbital,Physical & Theoretical,0.59,0.6,1321,1
9: Chemical Bonding in Diatomic Molecules,9.7: Molecular Orbitals Can Be Ordered According to Their Energies,https://chem.libretexts.org/Bookshelves/Physical_and_Theoretical_Chemistry_Textbook_Maps/Physical_Chemistry_(LibreTexts)/09%3A_Chemical_Bonding_in_Diatomic_Molecules/9.07%3A_Molecular_Orbitals_Can_Be_Ordered_According_to_Their_Energies,Physical & Theoretical,0.59,0.6,2683,9
9: Chemical Bonding in Diatomic Molecules,9.8: Molecular-Orbital Theory Does not Predict a Stable Diatomic Helium Molecule,https://chem.libretexts.org/Bookshelves/Physical_and_Theoretical_Chemistry_Textbook_Maps/Physical_Chemistry_(LibreTexts)/09%3A_Chemical_Bonding_in_Diatomic_Molecules/9.08%3A_Molecular-Orbital_Theory_Does_not_Predict_a_Stable_Diatomic_Helium_Molecule,Physical & Theoretical,0.59,0.6,1551,4
9: Chemical Bonding in Diatomic Molecules,9.9: Electrons Populate Molecular Orbitals According to the Pauli Exclusion Principle,https://chem.libretexts.org/Bookshelves/Physical_and_Theoretical_Chemistry_Textbook_Maps/Physical_Chemistry_(LibreTexts)/09%3A_Chemical_Bonding_in_Diatomic_Molecules/9.09%3A_Electrons_Populate_Molecular_Orbitals_According_to_the_Pauli_Exclusion_Principle,Physical & Theoretical,0.59,0.6,1024,1
9: Chemical Bonding in Diatomic Molecules,9.10: Molecular Orbital Theory Predicts that Molecular Oxygen is Paramagnetic,https://chem.libretexts.org/Bookshelves/Physical_and_Theoretical_Chemistry_Textbook_Maps/Physical_Chemistry_(LibreTexts)/09%3A_Chemical_Bonding_in_Diatomic_Molecules/9.10%3A_Molecular_Orbital_Theory_Predicts_that_Molecular_Oxygen_is_Paramagnetic,Physical & Theoretical,0.59,0.6,837,4
9: Chemical Bonding in Diatomic Molecules,9.11: Photoelectron Spectra Support the Existence of Molecular Orbitals,https://chem.libretexts.org/Bookshelves/Physical_and_Theoretical_Chemistry_Textbook_Maps/Physical_Chemistry_(LibreTexts)/09%3A_Chemical_Bonding_in_Diatomic_Molecules/9.11%3A_Photoelectron_Spectra_Support_the_Existence_of_Molecular_Orbitals,Physical & Theoretical,0.59,0.6,688,0
9: Chemical Bonding in Diatomic Molecules,9.12: Molecular-Orbital Theory Also Applies to Heteronuclear Diatomic Molecules,https://chem.libretexts.org/Bookshelves/Physical_and_Theoretical_Chemistry_Textbook_Maps/Physical_Chemistry_(LibreTexts)/09%3A_Chemical_Bonding_in_Diatomic_Molecules/9.12%3A_Molecular-Orbital_Theory_Also_Applies_to_Heteronuclear_Diatomic_Molecules,Physical & Theoretical,0.59,0.6,1549,5
9: Chemical Bonding in Diatomic Molecules,9.13: SCF-LCAO-MO Wavefunctions are Molecular Orbitals formed from a Linear Combination of Atomic Orbitals and Whose Coefficients Are Determined Self-Consistently,https://chem.libretexts.org/Bookshelves/Physical_and_Theoretical_Chemistry_Textbook_Maps/Physical_Chemistry_(LibreTexts)/09%3A_Chemical_Bonding_in_Diatomic_Molecules/9.13%3A_SCF-LCAO-MO_Wavefunctions_are_Molecular_Orbitals_formed_from_a_Linear_Combination_of_Atomic_Orbitals_and_Whose_Coefficients_Are_Determined_Self-Consistently,Physical & Theoretical,0.59,0.6,151,0
9: Chemical Bonding in Diatomic Molecules,9.14: Molecular Term Symbols Describe Electronic States of Molecules,https://chem.libretexts.org/Bookshelves/Physical_and_Theoretical_Chemistry_Textbook_Maps/Physical_Chemistry_(LibreTexts)/09%3A_Chemical_Bonding_in_Diatomic_Molecules/9.14%3A_Molecular_Term_Symbols_Describe_Electronic_States_of_Molecules,Physical & Theoretical,0.59,0.6,630,2
9: Chemical Bonding in Diatomic Molecules,9.15: Molecular Term Symbols Designate Symmetry,https://chem.libretexts.org/Bookshelves/Physical_and_Theoretical_Chemistry_Textbook_Maps/Physical_Chemistry_(LibreTexts)/09%3A_Chemical_Bonding_in_Diatomic_Molecules/9.15%3A_Molecular_Term_Symbols_Designate_Symmetry,Physical & Theoretical,0.59,0.6,849,5
9: Chemical Bonding in Diatomic Molecules,9.16: Most Molecules Have Excited Electronic States,https://chem.libretexts.org/Bookshelves/Physical_and_Theoretical_Chemistry_Textbook_Maps/Physical_Chemistry_(LibreTexts)/09%3A_Chemical_Bonding_in_Diatomic_Molecules/9.16%3A_Most_Molecules_Have_Excited_Electronic_States,Physical & Theoretical,0.59,0.6,138,0
9: Chemical Bonding in Diatomic Molecules,9.E: Chemical Bond in Diatomic Molecules (Exercises),https://chem.libretexts.org/Bookshelves/Physical_and_Theoretical_Chemistry_Textbook_Maps/Physical_Chemistry_(LibreTexts)/09%3A_Chemical_Bonding_in_Diatomic_Molecules/9.E%3A_Chemical_Bond_in_Diatomic_Molecules_(Exercises),Physical & Theoretical,0.59,0.6,138,0
9: Chemical Bonding in Diatomic Molecules,9.S: Chemical Bonding in Diatomic Molecules (Summary),https://chem.libretexts.org/Bookshelves/Physical_and_Theoretical_Chemistry_Textbook_Maps/Physical_Chemistry_(LibreTexts)/09%3A_Chemical_Bonding_in_Diatomic_Molecules/9.S%3A_Chemical_Bonding_in_Diatomic_Molecules_(Summary),Physical & Theoretical,0.59,0.6,142,1
10: Bonding in Polyatomic Molecules,10.1: Hybrid Orbitals Account for Molecular Shape,https://chem.libretexts.org/Bookshelves/Physical_and_Theoretical_Chemistry_Textbook_Maps/Physical_Chemistry_(LibreTexts)/10%3A_Bonding_in_Polyatomic_Molecules/10.01%3A_Hybrid_Orbitals_Account_for_Molecular_Shape,Physical & Theoretical,0.59,0.6,3028,8
10: Bonding in Polyatomic Molecules,10.2: Hybrid Orbitals in Water,https://chem.libretexts.org/Bookshelves/Physical_and_Theoretical_Chemistry_Textbook_Maps/Physical_Chemistry_(LibreTexts)/10%3A_Bonding_in_Polyatomic_Molecules/10.02%3A_Hybrid_Orbitals_in_Water,Physical & Theoretical,0.59,0.6,1661,6
10: Bonding in Polyatomic Molecules,10.3: BeH₂ is Linear and H₂O is Bent,https://chem.libretexts.org/Bookshelves/Physical_and_Theoretical_Chemistry_Textbook_Maps/Physical_Chemistry_(LibreTexts)/10%3A_Bonding_in_Polyatomic_Molecules/10.03%3A_BeH_is_Linear_and_HO_is_Bent,Physical & Theoretical,0.59,0.6,1942,6
10: Bonding in Polyatomic Molecules,10.4: Photoelectron Spectroscopy,https://chem.libretexts.org/Bookshelves/Physical_and_Theoretical_Chemistry_Textbook_Maps/Physical_Chemistry_(LibreTexts)/10%3A_Bonding_in_Polyatomic_Molecules/10.04%3A_Photoelectron_Spectroscopy,Physical & Theoretical,0.59,0.6,1875,11
10: Bonding in Polyatomic Molecules,10.5: The pi-Electron Approximation of Conjugation (Hückel Theory),https://chem.libretexts.org/Bookshelves/Physical_and_Theoretical_Chemistry_Textbook_Maps/Physical_Chemistry_(LibreTexts)/10%3A_Bonding_in_Polyatomic_Molecules/10.05%3A_The_pi-Electron_Approximation_of_Conjugation_(Huckel_Theory),Physical & Theoretical,0.59,0.6,2102,7
10: Bonding in Polyatomic Molecules,10.6: Butadiene is Stabilized by a Delocalization Energy,https://chem.libretexts.org/Bookshelves/Physical_and_Theoretical_Chemistry_Textbook_Maps/Physical_Chemistry_(LibreTexts)/10%3A_Bonding_in_Polyatomic_Molecules/10.06%3A_Butadiene_is_Stabilized_by_a_Delocalization_Energy,Physical & Theoretical,0.59,0.6,1225,5
10: Bonding in Polyatomic Molecules,10.7: Benzene and Aromaticity,https://chem.libretexts.org/Bookshelves/Physical_and_Theoretical_Chemistry_Textbook_Maps/Physical_Chemistry_(LibreTexts)/10%3A_Bonding_in_Polyatomic_Molecules/10.07%3A_Benzene_and_Aromaticity,Physical & Theoretical,0.59,0.6,963,6
10: Bonding in Polyatomic Molecules,10.E: Bonding in Polyatomic Molecules (Exercises),https://chem.libretexts.org/Bookshelves/Physical_and_Theoretical_Chemistry_Textbook_Maps/Physical_Chemistry_(LibreTexts)/10%3A_Bonding_in_Polyatomic_Molecules/10.E%3A_Bonding_in_Polyatomic_Molecules_(Exercises),Physical & Theoretical,0.59,0.6,137,0
10: Bonding in Polyatomic Molecules,10.S: Bonding in Polyatomic Molecules (Summary),https://chem.libretexts.org/Bookshelves/Physical_and_Theoretical_Chemistry_Textbook_Maps/Physical_Chemistry_(LibreTexts)/10%3A_Bonding_in_Polyatomic_Molecules/10.S%3A_Bonding_in_Polyatomic_Molecules_(Summary),Physical & Theoretical,0.59,0.6,342,1
11: Computational Quantum Chemistry,11.1: Overview of Quantum Calculations,https://chem.libretexts.org/Bookshelves/Physical_and_Theoretical_Chemistry_Textbook_Maps/Physical_Chemistry_(LibreTexts)/11%3A_Computational_Quantum_Chemistry/11.01%3A_Overview_of_Quantum_Calculations,Physical & Theoretical,0.59,0.6,1755,1
11: Computational Quantum Chemistry,11.2: Gaussian Basis Sets,https://chem.libretexts.org/Bookshelves/Physical_and_Theoretical_Chemistry_Textbook_Maps/Physical_Chemistry_(LibreTexts)/11%3A_Computational_Quantum_Chemistry/11.02%3A_Gaussian_Basis_Sets,Physical & Theoretical,0.59,0.6,2005,4
11: Computational Quantum Chemistry,11.3: Extended Basis Sets,https://chem.libretexts.org/Bookshelves/Physical_and_Theoretical_Chemistry_Textbook_Maps/Physical_Chemistry_(LibreTexts)/11%3A_Computational_Quantum_Chemistry/11.03%3A_Extended_Basis_Sets,Physical & Theoretical,0.59,0.6,793,0
11: Computational Quantum Chemistry,11.4: Orbital Polarization Terms in Basis Sets,https://chem.libretexts.org/Bookshelves/Physical_and_Theoretical_Chemistry_Textbook_Maps/Physical_Chemistry_(LibreTexts)/11%3A_Computational_Quantum_Chemistry/11.04%3A_Orbital_Polarization_Terms_in_Basis_Sets,Physical & Theoretical,0.59,0.6,605,2
11: Computational Quantum Chemistry,11.E: Computational Quantum Chemistry (Exercises),https://chem.libretexts.org/Bookshelves/Physical_and_Theoretical_Chemistry_Textbook_Maps/Physical_Chemistry_(LibreTexts)/11%3A_Computational_Quantum_Chemistry/11.E%3A_Computational_Quantum_Chemistry_(Exercises),Physical & Theoretical,0.59,0.6,136,0
12: Group Theory - The Exploitation of Symmetry,12.1: The Exploitation of Symmetry Can Help Simplify Numerical Calculations,https://chem.libretexts.org/Bookshelves/Physical_and_Theoretical_Chemistry_Textbook_Maps/Physical_Chemistry_(LibreTexts)/12%3A_Group_Theory_-_The_Exploitation_of_Symmetry/12.01%3A_The_Exploitation_of_Symmetry_Can_Help_Simplify_Numerical_Calculations,Physical & Theoretical,0.59,0.6,1355,1
12: Group Theory - The Exploitation of Symmetry,12.2: Symmetry Elements and Operations Define the Point Groups,https://chem.libretexts.org/Bookshelves/Physical_and_Theoretical_Chemistry_Textbook_Maps/Physical_Chemistry_(LibreTexts)/12%3A_Group_Theory_-_The_Exploitation_of_Symmetry/12.02%3A_Symmetry_Elements_and_Operations_Define_the_Point_Groups,Physical & Theoretical,0.59,0.6,2435,19
12: Group Theory - The Exploitation of Symmetry,12.3: Symmetry Operations Define Groups,https://chem.libretexts.org/Bookshelves/Physical_and_Theoretical_Chemistry_Textbook_Maps/Physical_Chemistry_(LibreTexts)/12%3A_Group_Theory_-_The_Exploitation_of_Symmetry/12.03%3A_Symmetry_Operations_Define_Groups,Physical & Theoretical,0.59,0.6,1074,2
12: Group Theory - The Exploitation of Symmetry,12.4: Symmetry Operations as Matrices,https://chem.libretexts.org/Bookshelves/Physical_and_Theoretical_Chemistry_Textbook_Maps/Physical_Chemistry_(LibreTexts)/12%3A_Group_Theory_-_The_Exploitation_of_Symmetry/12.04%3A_Symmetry_Operations_as_Matrices,Physical & Theoretical,0.59,0.6,1365,2
12: Group Theory - The Exploitation of Symmetry,12.5: Molecules can be Represented by Reducible Representations,https://chem.libretexts.org/Bookshelves/Physical_and_Theoretical_Chemistry_Textbook_Maps/Physical_Chemistry_(LibreTexts)/12%3A_Group_Theory_-_The_Exploitation_of_Symmetry/12.05%3A_Molecules_can_be_Represented_by_Reducible_Representations,Physical & Theoretical,0.59,0.6,840,1
12: Group Theory - The Exploitation of Symmetry,12.6: Character Tables Summarize the Properties of a Point Group,https://chem.libretexts.org/Bookshelves/Physical_and_Theoretical_Chemistry_Textbook_Maps/Physical_Chemistry_(LibreTexts)/12%3A_Group_Theory_-_The_Exploitation_of_Symmetry/12.06%3A_Character_Tables_Summarize_the_Properties_of_a_Point_Group,Physical & Theoretical,0.59,0.6,1404,0
12: Group Theory - The Exploitation of Symmetry,12.7: Characters of Irreducible Representations,https://chem.libretexts.org/Bookshelves/Physical_and_Theoretical_Chemistry_Textbook_Maps/Physical_Chemistry_(LibreTexts)/12%3A_Group_Theory_-_The_Exploitation_of_Symmetry/12.07%3A_Characters_of_Irreducible_Representations,Physical & Theoretical,0.59,0.6,954,0
12: Group Theory - The Exploitation of Symmetry,12.8: Using Symmetry to Solve Secular Determinants,https://chem.libretexts.org/Bookshelves/Physical_and_Theoretical_Chemistry_Textbook_Maps/Physical_Chemistry_(LibreTexts)/12%3A_Group_Theory_-_The_Exploitation_of_Symmetry/12.08%3A_Using_Symmetry_to_Solve_Secular_Determinants,Physical & Theoretical,0.59,0.6,1738,2
12: Group Theory - The Exploitation of Symmetry,12.9: Generating Operators,https://chem.libretexts.org/Bookshelves/Physical_and_Theoretical_Chemistry_Textbook_Maps/Physical_Chemistry_(LibreTexts)/12%3A_Group_Theory_-_The_Exploitation_of_Symmetry/12.09%3A_Generating_Operators,Physical & Theoretical,0.59,0.6,134,0
12: Group Theory - The Exploitation of Symmetry,12.10: Molecular Motions of a Molecule can be Represented by a Reducible Reperesentation,https://chem.libretexts.org/Bookshelves/Physical_and_Theoretical_Chemistry_Textbook_Maps/Physical_Chemistry_(LibreTexts)/12%3A_Group_Theory_-_The_Exploitation_of_Symmetry/12.10%3A_Molecular_Motions_of_a_Molecule_can_be_Represented_by_a_Reducible_Reperesentation,Physical & Theoretical,0.59,0.6,1219,2
12: Group Theory - The Exploitation of Symmetry,12.11: Reducible Representations are Comprised of Irreducible Representations,https://chem.libretexts.org/Bookshelves/Physical_and_Theoretical_Chemistry_Textbook_Maps/Physical_Chemistry_(LibreTexts)/12%3A_Group_Theory_-_The_Exploitation_of_Symmetry/12.11%3A_Reducible_Representations_are_Comprised_of_Irreducible_Representations,Physical & Theoretical,0.59,0.6,428,0
12: Group Theory - The Exploitation of Symmetry,12.12: Normal Modes of Vibrations Describe how Molecules Vibrate,https://chem.libretexts.org/Bookshelves/Physical_and_Theoretical_Chemistry_Textbook_Maps/Physical_Chemistry_(LibreTexts)/12%3A_Group_Theory_-_The_Exploitation_of_Symmetry/12.12%3A_Normal_Modes_of_Vibrations_Describe_how_Molecules_Vibrate,Physical & Theoretical,0.59,0.6,1072,2
12: Group Theory - The Exploitation of Symmetry,12.13: Symmetry of Vibrations Describes their Spectroscopic Behavior,https://chem.libretexts.org/Bookshelves/Physical_and_Theoretical_Chemistry_Textbook_Maps/Physical_Chemistry_(LibreTexts)/12%3A_Group_Theory_-_The_Exploitation_of_Symmetry/12.13%3A_Symmetry_of_Vibrations_Describes_their_Spectroscopic_Behavior,Physical & Theoretical,0.59,0.6,1310,4
12: Group Theory - The Exploitation of Symmetry,12.14: Symmetry Adapted Linear Combinations are the Sum over all Basis functions,https://chem.libretexts.org/Bookshelves/Physical_and_Theoretical_Chemistry_Textbook_Maps/Physical_Chemistry_(LibreTexts)/12%3A_Group_Theory_-_The_Exploitation_of_Symmetry/12.14%3A_Symmetry_Adapted_Linear_Combinations_are_the_Sum_over_all_Basis_functions,Physical & Theoretical,0.59,0.6,3003,17
12: Group Theory - The Exploitation of Symmetry,12.15: Molecular Orbitals can be Constructed on the Basis of Symmetry,https://chem.libretexts.org/Bookshelves/Physical_and_Theoretical_Chemistry_Textbook_Maps/Physical_Chemistry_(LibreTexts)/12%3A_Group_Theory_-_The_Exploitation_of_Symmetry/12.15%3A_Molecular_Orbitals_can_be_Constructed_on_the_Basis_of_Symmetry,Physical & Theoretical,0.59,0.6,3556,6
12: Group Theory - The Exploitation of Symmetry,12.E: Group Theory - The Exploitation of Symmetry (Exercises),https://chem.libretexts.org/Bookshelves/Physical_and_Theoretical_Chemistry_Textbook_Maps/Physical_Chemistry_(LibreTexts)/12%3A_Group_Theory_-_The_Exploitation_of_Symmetry/12.E%3A_Group_Theory_-_The_Exploitation_of_Symmetry_(Exercises),Physical & Theoretical,0.59,0.6,140,0
12: Group Theory - The Exploitation of Symmetry,12.S: Group Theory - The Exploitation of Symmetry (Summary),https://chem.libretexts.org/Bookshelves/Physical_and_Theoretical_Chemistry_Textbook_Maps/Physical_Chemistry_(LibreTexts)/12%3A_Group_Theory_-_The_Exploitation_of_Symmetry/12.S%3A_Group_Theory_-_The_Exploitation_of_Symmetry_(Summary),Physical & Theoretical,0.59,0.6,534,1
12: Group Theory - The Exploitation of Symmetry,12.T: Character Tables,https://chem.libretexts.org/Bookshelves/Physical_and_Theoretical_Chemistry_Textbook_Maps/Physical_Chemistry_(LibreTexts)/12%3A_Group_Theory_-_The_Exploitation_of_Symmetry/12.T%3A_Character_Tables,Physical & Theoretical,0.59,0.6,237,0
12: Group Theory - The Exploitation of Symmetry,12.T: Correlation Tables,https://chem.libretexts.org/Bookshelves/Physical_and_Theoretical_Chemistry_Textbook_Maps/Physical_Chemistry_(LibreTexts)/12%3A_Group_Theory_-_The_Exploitation_of_Symmetry/12.T%3A_Correlation_Tables,Physical & Theoretical,0.59,0.6,133,0
13: Molecular Spectroscopy,13.1: The Electromagnetic Spectrum,https://chem.libretexts.org/Bookshelves/Physical_and_Theoretical_Chemistry_Textbook_Maps/Physical_Chemistry_(LibreTexts)/13%3A_Molecular_Spectroscopy/13.01%3A_The_Electromagnetic_Spectrum,Physical & Theoretical,0.59,0.6,1175,3
13: Molecular Spectroscopy,13.2: Rotations Accompany Vibrational Transitions,https://chem.libretexts.org/Bookshelves/Physical_and_Theoretical_Chemistry_Textbook_Maps/Physical_Chemistry_(LibreTexts)/13%3A_Molecular_Spectroscopy/13.02%3A_Rotations_Accompany_Vibrational_Transitions,Physical & Theoretical,0.59,0.6,1306,4
13: Molecular Spectroscopy,13.3: Unequal Spacings in Vibration-Rotation Spectra,https://chem.libretexts.org/Bookshelves/Physical_and_Theoretical_Chemistry_Textbook_Maps/Physical_Chemistry_(LibreTexts)/13%3A_Molecular_Spectroscopy/13.03%3A_Unequal_Spacings_in_Vibration-Rotation_Spectra,Physical & Theoretical,0.59,0.6,824,2
13: Molecular Spectroscopy,13.4: Unequal Spacings in Pure Rotational Spectra,https://chem.libretexts.org/Bookshelves/Physical_and_Theoretical_Chemistry_Textbook_Maps/Physical_Chemistry_(LibreTexts)/13%3A_Molecular_Spectroscopy/13.04%3A_Unequal_Spacings_in_Pure_Rotational_Spectra,Physical & Theoretical,0.59,0.6,864,2
13: Molecular Spectroscopy,13.5: Vibrational Overtones,https://chem.libretexts.org/Bookshelves/Physical_and_Theoretical_Chemistry_Textbook_Maps/Physical_Chemistry_(LibreTexts)/13%3A_Molecular_Spectroscopy/13.05%3A_Vibrational_Overtones,Physical & Theoretical,0.59,0.6,1198,6
13: Molecular Spectroscopy,"13.6: Electronic Spectra Contain Electronic, Vibrational, and Rotational Information",https://chem.libretexts.org/Bookshelves/Physical_and_Theoretical_Chemistry_Textbook_Maps/Physical_Chemistry_(LibreTexts)/13%3A_Molecular_Spectroscopy/13.06%3A_Electronic_Spectra_Contain_Electronic_Vibrational_and_Rotational_Information,Physical & Theoretical,0.59,0.6,1116,3
13: Molecular Spectroscopy,13.7: The Franck-Condon Principle,https://chem.libretexts.org/Bookshelves/Physical_and_Theoretical_Chemistry_Textbook_Maps/Physical_Chemistry_(LibreTexts)/13%3A_Molecular_Spectroscopy/13.07%3A_The_Franck-Condon_Principle,Physical & Theoretical,0.59,0.6,1903,9
13: Molecular Spectroscopy,13.8: Rotational Spectra of Polyatomic Molecules,https://chem.libretexts.org/Bookshelves/Physical_and_Theoretical_Chemistry_Textbook_Maps/Physical_Chemistry_(LibreTexts)/13%3A_Molecular_Spectroscopy/13.08%3A_Rotational_Spectra_of_Polyatomic_Molecules,Physical & Theoretical,0.59,0.6,1700,2
13: Molecular Spectroscopy,13.9: Normal Modes in Polyatomic Molecules,https://chem.libretexts.org/Bookshelves/Physical_and_Theoretical_Chemistry_Textbook_Maps/Physical_Chemistry_(LibreTexts)/13%3A_Molecular_Spectroscopy/13.09%3A_Normal_Modes_in_Polyatomic_Molecules,Physical & Theoretical,0.59,0.6,929,7
13: Molecular Spectroscopy,13.10: Irreducible Representation of Point Groups,https://chem.libretexts.org/Bookshelves/Physical_and_Theoretical_Chemistry_Textbook_Maps/Physical_Chemistry_(LibreTexts)/13%3A_Molecular_Spectroscopy/13.10%3A_Irreducible_Representation_of_Point_Groups,Physical & Theoretical,0.59,0.6,556,3
13: Molecular Spectroscopy,13.11: Time-Dependent Perturbation Theory,https://chem.libretexts.org/Bookshelves/Physical_and_Theoretical_Chemistry_Textbook_Maps/Physical_Chemistry_(LibreTexts)/13%3A_Molecular_Spectroscopy/13.11%3A_Time-Dependent_Perturbation_Theory,Physical & Theoretical,0.59,0.6,1081,3
13: Molecular Spectroscopy,13.12: The Selection Rule for the Rigid Rotor,https://chem.libretexts.org/Bookshelves/Physical_and_Theoretical_Chemistry_Textbook_Maps/Physical_Chemistry_(LibreTexts)/13%3A_Molecular_Spectroscopy/13.12%3A_The_Selection_Rule_for_the_Rigid_Rotor,Physical & Theoretical,0.59,0.6,646,0
13: Molecular Spectroscopy,13.13: The Harmonic Oscillator Selection Rule,https://chem.libretexts.org/Bookshelves/Physical_and_Theoretical_Chemistry_Textbook_Maps/Physical_Chemistry_(LibreTexts)/13%3A_Molecular_Spectroscopy/13.13%3A_The_Harmonic_Oscillator_Selection_Rule,Physical & Theoretical,0.59,0.6,512,0
13: Molecular Spectroscopy,13.14: Group Theory Determines Infrared Activity,https://chem.libretexts.org/Bookshelves/Physical_and_Theoretical_Chemistry_Textbook_Maps/Physical_Chemistry_(LibreTexts)/13%3A_Molecular_Spectroscopy/13.14%3A_Group_Theory_Determines_Infrared_Activity,Physical & Theoretical,0.59,0.6,1068,1
13: Molecular Spectroscopy,13.E: Molecular Spectroscopy (Exercises),https://chem.libretexts.org/Bookshelves/Physical_and_Theoretical_Chemistry_Textbook_Maps/Physical_Chemistry_(LibreTexts)/13%3A_Molecular_Spectroscopy/13.E%3A_Molecular_Spectroscopy_(Exercises),Physical & Theoretical,0.59,0.6,135,0
13: Molecular Spectroscopy,13.S: Molecular Spectroscopy (Summary),https://chem.libretexts.org/Bookshelves/Physical_and_Theoretical_Chemistry_Textbook_Maps/Physical_Chemistry_(LibreTexts)/13%3A_Molecular_Spectroscopy/13.S%3A_Molecular_Spectroscopy_(Summary),Physical & Theoretical,0.59,0.6,305,1
14: Nuclear Magnetic Resonance Spectroscopy,14.1: Nuclei Have Intrinsic Spin Angular Momenta,https://chem.libretexts.org/Bookshelves/Physical_and_Theoretical_Chemistry_Textbook_Maps/Physical_Chemistry_(LibreTexts)/14%3A_Nuclear_Magnetic_Resonance_Spectroscopy/14.01%3A_Nuclei_Have_Intrinsic_Spin_Angular_Momenta,Physical & Theoretical,0.59,0.6,381,0
14: Nuclear Magnetic Resonance Spectroscopy,14.2: Magnetic Moments Interact with Magnetic Fields,https://chem.libretexts.org/Bookshelves/Physical_and_Theoretical_Chemistry_Textbook_Maps/Physical_Chemistry_(LibreTexts)/14%3A_Nuclear_Magnetic_Resonance_Spectroscopy/14.02%3A_Magnetic_Moments_Interact_with_Magnetic_Fields,Physical & Theoretical,0.59,0.6,686,0
14: Nuclear Magnetic Resonance Spectroscopy,14.3: Proton NMR Spectrometers Operate at Frequencies Between 60 MHz and 750 MHz,https://chem.libretexts.org/Bookshelves/Physical_and_Theoretical_Chemistry_Textbook_Maps/Physical_Chemistry_(LibreTexts)/14%3A_Nuclear_Magnetic_Resonance_Spectroscopy/14.03%3A_Proton_NMR_Spectrometers_Operate_at_Frequencies_Between_60_MHz_and_750_MHz,Physical & Theoretical,0.59,0.6,692,0
14: Nuclear Magnetic Resonance Spectroscopy,14.4: The Magnetic Field Acting upon Nuclei in Molecules is Shielded,https://chem.libretexts.org/Bookshelves/Physical_and_Theoretical_Chemistry_Textbook_Maps/Physical_Chemistry_(LibreTexts)/14%3A_Nuclear_Magnetic_Resonance_Spectroscopy/14.04%3A_The_Magnetic_Field_Acting_upon_Nuclei_in_Molecules_is_Shielded,Physical & Theoretical,0.59,0.6,258,0
14: Nuclear Magnetic Resonance Spectroscopy,14.5: Chemical Shifts Depend upon the Chemical Environment of the Nucleus,https://chem.libretexts.org/Bookshelves/Physical_and_Theoretical_Chemistry_Textbook_Maps/Physical_Chemistry_(LibreTexts)/14%3A_Nuclear_Magnetic_Resonance_Spectroscopy/14.05%3A_Chemical_Shifts_Depend_upon_the_Chemical_Environment_of_the_Nucleus,Physical & Theoretical,0.59,0.6,519,0
14: Nuclear Magnetic Resonance Spectroscopy,14.6: Spin-Spin Coupling Can Lead to Multiplets in NMR Spectra,https://chem.libretexts.org/Bookshelves/Physical_and_Theoretical_Chemistry_Textbook_Maps/Physical_Chemistry_(LibreTexts)/14%3A_Nuclear_Magnetic_Resonance_Spectroscopy/14.06%3A_Spin-Spin_Coupling_Can_Lead_to_Multiplets_in_NMR_Spectra,Physical & Theoretical,0.59,0.6,2580,23
14: Nuclear Magnetic Resonance Spectroscopy,14.7: Spin-Spin Coupling Between Chemically Equivalent Protons is Not Observed,https://chem.libretexts.org/Bookshelves/Physical_and_Theoretical_Chemistry_Textbook_Maps/Physical_Chemistry_(LibreTexts)/14%3A_Nuclear_Magnetic_Resonance_Spectroscopy/14.07%3A_Spin-Spin_Coupling_Between_Chemically_Equivalent_Protons_is_Not_Observed,Physical & Theoretical,0.59,0.6,2148,3
14: Nuclear Magnetic Resonance Spectroscopy,14.8: The n+1 Rule Applies Only to First-Order Spectra,https://chem.libretexts.org/Bookshelves/Physical_and_Theoretical_Chemistry_Textbook_Maps/Physical_Chemistry_(LibreTexts)/14%3A_Nuclear_Magnetic_Resonance_Spectroscopy/14.08%3A_The_n1_Rule_Applies_Only_to_First-Order_Spectra,Physical & Theoretical,0.59,0.6,603,10
14: Nuclear Magnetic Resonance Spectroscopy,14.9: Second-Order Spectra Can Be Calculated Exactly Using the Variational Method,https://chem.libretexts.org/Bookshelves/Physical_and_Theoretical_Chemistry_Textbook_Maps/Physical_Chemistry_(LibreTexts)/14%3A_Nuclear_Magnetic_Resonance_Spectroscopy/14.09%3A_Second-Order_Spectra_Can_Be_Calculated_Exactly_Using_the_Variational_Method,Physical & Theoretical,0.59,0.6,144,0
14: Nuclear Magnetic Resonance Spectroscopy,14.E: Nuclear Magnetic Resonance Spectroscopy (Exercises),https://chem.libretexts.org/Bookshelves/Physical_and_Theoretical_Chemistry_Textbook_Maps/Physical_Chemistry_(LibreTexts)/14%3A_Nuclear_Magnetic_Resonance_Spectroscopy/14.E%3A_Nuclear_Magnetic_Resonance_Spectroscopy_(Exercises),Physical & Theoretical,0.59,0.6,137,0
14: Nuclear Magnetic Resonance Spectroscopy,14.S: Nuclear Magnetic Resonance Spectroscopy (Summary),https://chem.libretexts.org/Bookshelves/Physical_and_Theoretical_Chemistry_Textbook_Maps/Physical_Chemistry_(LibreTexts)/14%3A_Nuclear_Magnetic_Resonance_Spectroscopy/14.S%3A_Nuclear_Magnetic_Resonance_Spectroscopy_(Summary),Physical & Theoretical,0.59,0.6,417,0
"15: Lasers, Laser Spectroscopy, and Photochemistry",15.1: Electronically Excited Molecules can Relax by a Number of Processes,https://chem.libretexts.org/Bookshelves/Physical_and_Theoretical_Chemistry_Textbook_Maps/Physical_Chemistry_(LibreTexts)/15%3A_Lasers_Laser_Spectroscopy_and_Photochemistry/15.01%3A_Electronically_Excited_Molecules_can_Relax_by_a_Number_of_Processes,Physical & Theoretical,0.59,0.6,3040,11
"15: Lasers, Laser Spectroscopy, and Photochemistry",15.2: The Dynamics of Transitions can be Modeled by Rate Equations,https://chem.libretexts.org/Bookshelves/Physical_and_Theoretical_Chemistry_Textbook_Maps/Physical_Chemistry_(LibreTexts)/15%3A_Lasers_Laser_Spectroscopy_and_Photochemistry/15.02%3A_The_Dynamics_of_Transitions_can_be_Modeled_by_Rate_Equations,Physical & Theoretical,0.59,0.6,1989,1
"15: Lasers, Laser Spectroscopy, and Photochemistry",15.3: A Two-Level System Cannot Achieve a Population Inversion,https://chem.libretexts.org/Bookshelves/Physical_and_Theoretical_Chemistry_Textbook_Maps/Physical_Chemistry_(LibreTexts)/15%3A_Lasers_Laser_Spectroscopy_and_Photochemistry/15.03%3A_A_Two-Level_System_Cannot_Achieve_a_Population_Inversion,Physical & Theoretical,0.59,0.6,805,1
"15: Lasers, Laser Spectroscopy, and Photochemistry",15.4: Population Inversion can be Achieved in a Three-Level System,https://chem.libretexts.org/Bookshelves/Physical_and_Theoretical_Chemistry_Textbook_Maps/Physical_Chemistry_(LibreTexts)/15%3A_Lasers_Laser_Spectroscopy_and_Photochemistry/15.04%3A_Population_Inversion_can_be_Achieved_in_a_Three-Level_System,Physical & Theoretical,0.59,0.6,1407,5
"15: Lasers, Laser Spectroscopy, and Photochemistry",15.5: What is Inside a Laser?,https://chem.libretexts.org/Bookshelves/Physical_and_Theoretical_Chemistry_Textbook_Maps/Physical_Chemistry_(LibreTexts)/15%3A_Lasers_Laser_Spectroscopy_and_Photochemistry/15.05%3A_What_is_Inside_a_Laser,Physical & Theoretical,0.59,0.6,1077,5
"15: Lasers, Laser Spectroscopy, and Photochemistry",15.6: The Helium-Neon Laser,https://chem.libretexts.org/Bookshelves/Physical_and_Theoretical_Chemistry_Textbook_Maps/Physical_Chemistry_(LibreTexts)/15%3A_Lasers_Laser_Spectroscopy_and_Photochemistry/15.06%3A_The_Helium-Neon_Laser,Physical & Theoretical,0.59,0.6,875,3
"15: Lasers, Laser Spectroscopy, and Photochemistry",15.7: Modern Applications of Laser Spectroscopy,https://chem.libretexts.org/Bookshelves/Physical_and_Theoretical_Chemistry_Textbook_Maps/Physical_Chemistry_(LibreTexts)/15%3A_Lasers_Laser_Spectroscopy_and_Photochemistry/15.07%3A_Modern_Applications_of_Laser_Spectroscopy,Physical & Theoretical,0.59,0.6,1088,0
"15: Lasers, Laser Spectroscopy, and Photochemistry","15.E: Lasers, Laser Spectroscopy, and Photochemistry (Exercises)",https://chem.libretexts.org/Bookshelves/Physical_and_Theoretical_Chemistry_Textbook_Maps/Physical_Chemistry_(LibreTexts)/15%3A_Lasers_Laser_Spectroscopy_and_Photochemistry/15.E%3A_Lasers_Laser_Spectroscopy_and_Photochemistry_(Exercises),Physical & Theoretical,0.59,0.6,138,0
"15: Lasers, Laser Spectroscopy, and Photochemistry","15.S: Lasers, Laser Spectroscopy, and Photochemistry (Summary)",https://chem.libretexts.org/Bookshelves/Physical_and_Theoretical_Chemistry_Textbook_Maps/Physical_Chemistry_(LibreTexts)/15%3A_Lasers_Laser_Spectroscopy_and_Photochemistry/15.S%3A_Lasers_Laser_Spectroscopy_and_Photochemistry_(Summary),Physical & Theoretical,0.59,0.6,243,1
16: The Properties of Gases,16.1: All Dilute Gases Behave Ideally,https://chem.libretexts.org/Bookshelves/Physical_and_Theoretical_Chemistry_Textbook_Maps/Physical_Chemistry_(LibreTexts)/16%3A_The_Properties_of_Gases/16.01%3A_All_Dilute_Gases_Behave_Ideally,Physical & Theoretical,0.59,0.6,1148,5
16: The Properties of Gases,16.2: van der Waals and Redlich-Kwong Equations of State,https://chem.libretexts.org/Bookshelves/Physical_and_Theoretical_Chemistry_Textbook_Maps/Physical_Chemistry_(LibreTexts)/16%3A_The_Properties_of_Gases/16.02%3A_van_der_Waals_and_Redlich-Kwong_Equations_of_State,Physical & Theoretical,0.59,0.6,1589,2
16: The Properties of Gases,16.3: A Cubic Equation of State,https://chem.libretexts.org/Bookshelves/Physical_and_Theoretical_Chemistry_Textbook_Maps/Physical_Chemistry_(LibreTexts)/16%3A_The_Properties_of_Gases/16.03%3A_A_Cubic_Equation_of_State,Physical & Theoretical,0.59,0.6,1600,4
16: The Properties of Gases,16.4: The Law of Corresponding States,https://chem.libretexts.org/Bookshelves/Physical_and_Theoretical_Chemistry_Textbook_Maps/Physical_Chemistry_(LibreTexts)/16%3A_The_Properties_of_Gases/16.04%3A_The_Law_of_Corresponding_States,Physical & Theoretical,0.59,0.6,973,1
16: The Properties of Gases,16.5: The Second Virial Coefficient,https://chem.libretexts.org/Bookshelves/Physical_and_Theoretical_Chemistry_Textbook_Maps/Physical_Chemistry_(LibreTexts)/16%3A_The_Properties_of_Gases/16.05%3A_The_Second_Virial_Coefficient,Physical & Theoretical,0.59,0.6,804,0
16: The Properties of Gases,16.6: The Repulsive Term in the Lennard-Jones Potential,https://chem.libretexts.org/Bookshelves/Physical_and_Theoretical_Chemistry_Textbook_Maps/Physical_Chemistry_(LibreTexts)/16%3A_The_Properties_of_Gases/16.06%3A_The_Repulsive_Term_in_the_Lennard-Jones_Potential,Physical & Theoretical,0.59,0.6,1231,3
16: The Properties of Gases,16.7: Van der Waals Constants in Terms of Molecular Parameters,https://chem.libretexts.org/Bookshelves/Physical_and_Theoretical_Chemistry_Textbook_Maps/Physical_Chemistry_(LibreTexts)/16%3A_The_Properties_of_Gases/16.07%3A_Van_der_Waals_Constants_in_Terms_of_Molecular_Parameters,Physical & Theoretical,0.59,0.6,367,0
16: The Properties of Gases,16.E: The Properties of Gases (Exercises),https://chem.libretexts.org/Bookshelves/Physical_and_Theoretical_Chemistry_Textbook_Maps/Physical_Chemistry_(LibreTexts)/16%3A_The_Properties_of_Gases/16.E%3A_The_Properties_of_Gases_(Exercises),Physical & Theoretical,0.59,0.6,137,0
16: The Properties of Gases,16.S: The Properties of Gases (Summary),https://chem.libretexts.org/Bookshelves/Physical_and_Theoretical_Chemistry_Textbook_Maps/Physical_Chemistry_(LibreTexts)/16%3A_The_Properties_of_Gases/16.S%3A_The_Properties_of_Gases_(Summary),Physical & Theoretical,0.59,0.6,434,2
17: Boltzmann Factor and Partition Functions,17.1: The Boltzmann Factor is used to Approximate the Fraction of Particles in a Large System,https://chem.libretexts.org/Bookshelves/Physical_and_Theoretical_Chemistry_Textbook_Maps/Physical_Chemistry_(LibreTexts)/17%3A_Boltzmann_Factor_and_Partition_Functions/17.01%3A_The_Boltzmann_Factor_is_used_to_Approximate_the_Fraction_of_Particles_in_a_Large_System,Physical & Theoretical,0.59,0.6,1427,0
17: Boltzmann Factor and Partition Functions,17.2: The Boltzmann Distribution represents a Thermally Equilibrated Distribution,https://chem.libretexts.org/Bookshelves/Physical_and_Theoretical_Chemistry_Textbook_Maps/Physical_Chemistry_(LibreTexts)/17%3A_Boltzmann_Factor_and_Partition_Functions/17.02%3A_The_Boltzmann_Distribution_represents_a_Thermally_Equilibrated_Distribution,Physical & Theoretical,0.59,0.6,1550,2
17: Boltzmann Factor and Partition Functions,17.3: The Average Ensemble Energy is Equal to the Observed Energy of a System,https://chem.libretexts.org/Bookshelves/Physical_and_Theoretical_Chemistry_Textbook_Maps/Physical_Chemistry_(LibreTexts)/17%3A_Boltzmann_Factor_and_Partition_Functions/17.03%3A_The_Average_Ensemble_Energy_is_Equal_to_the_Observed_Energy_of_a_System,Physical & Theoretical,0.59,0.6,492,0
17: Boltzmann Factor and Partition Functions,17.4: Heat Capacity at Constant Volume is the Change in Internal Energy with Temperature,https://chem.libretexts.org/Bookshelves/Physical_and_Theoretical_Chemistry_Textbook_Maps/Physical_Chemistry_(LibreTexts)/17%3A_Boltzmann_Factor_and_Partition_Functions/17.04%3A_Heat_Capacity_at_Constant_Volume_is_the_Change_in_Internal_Energy_with_Temperature,Physical & Theoretical,0.59,0.6,1255,5
17: Boltzmann Factor and Partition Functions,17.5: Pressure can be Expressed in Terms of the Canonical Partition Function,https://chem.libretexts.org/Bookshelves/Physical_and_Theoretical_Chemistry_Textbook_Maps/Physical_Chemistry_(LibreTexts)/17%3A_Boltzmann_Factor_and_Partition_Functions/17.05%3A_Pressure_can_be_Expressed_in_Terms_of_the_Canonical_Partition_Function,Physical & Theoretical,0.59,0.6,986,1
17: Boltzmann Factor and Partition Functions,"17.6: The Partition Function of Distinguishable, Independent Molecules is the Product of the Molecular Partition Functions",https://chem.libretexts.org/Bookshelves/Physical_and_Theoretical_Chemistry_Textbook_Maps/Physical_Chemistry_(LibreTexts)/17%3A_Boltzmann_Factor_and_Partition_Functions/17.06%3A_The_Partition_Function_of_Distinguishable_Independent_Molecules_is_the_Product_of_the_Molecular_Partition_Functions,Physical & Theoretical,0.59,0.6,518,0
17: Boltzmann Factor and Partition Functions,17.7: Partition Functions of Indistinguishable Molecules Must Avoid Over Counting States,https://chem.libretexts.org/Bookshelves/Physical_and_Theoretical_Chemistry_Textbook_Maps/Physical_Chemistry_(LibreTexts)/17%3A_Boltzmann_Factor_and_Partition_Functions/17.07%3A_Partition_Functions_of_Indistinguishable_Molecules_Must_Avoid_Over_Counting_States,Physical & Theoretical,0.59,0.6,505,2
17: Boltzmann Factor and Partition Functions,17.8: Partition Functions can be Decomposed into Partition Functions of Each Degree of Freedom,https://chem.libretexts.org/Bookshelves/Physical_and_Theoretical_Chemistry_Textbook_Maps/Physical_Chemistry_(LibreTexts)/17%3A_Boltzmann_Factor_and_Partition_Functions/17.08%3A_Partition_Functions_can_be_Decomposed_into_Partition_Functions_of_Each_Degree_of_Freedom,Physical & Theoretical,0.59,0.6,420,0
17: Boltzmann Factor and Partition Functions,17.E: Boltzmann Factor and Partition Functions (Exercises),https://chem.libretexts.org/Bookshelves/Physical_and_Theoretical_Chemistry_Textbook_Maps/Physical_Chemistry_(LibreTexts)/17%3A_Boltzmann_Factor_and_Partition_Functions/17.E%3A_Boltzmann_Factor_and_Partition_Functions_(Exercises),Physical & Theoretical,0.59,0.6,138,0
17: Boltzmann Factor and Partition Functions,17.S: Boltzmann Factor and Partition Functions (Summary),https://chem.libretexts.org/Bookshelves/Physical_and_Theoretical_Chemistry_Textbook_Maps/Physical_Chemistry_(LibreTexts)/17%3A_Boltzmann_Factor_and_Partition_Functions/17.S%3A_Boltzmann_Factor_and_Partition_Functions_(Summary),Physical & Theoretical,0.59,0.6,437,1
18: Partition Functions and Ideal Gases,18.1: Translational Partition Functions of Monotonic Gases,https://chem.libretexts.org/Bookshelves/Physical_and_Theoretical_Chemistry_Textbook_Maps/Physical_Chemistry_(LibreTexts)/18%3A_Partition_Functions_and_Ideal_Gases/18.01%3A_Translational_Partition_Functions_of_Monotonic_Gases,Physical & Theoretical,0.59,0.6,686,0
18: Partition Functions and Ideal Gases,18.2: Most Atoms are in the Ground Electronic State,https://chem.libretexts.org/Bookshelves/Physical_and_Theoretical_Chemistry_Textbook_Maps/Physical_Chemistry_(LibreTexts)/18%3A_Partition_Functions_and_Ideal_Gases/18.02%3A_Most_Atoms_are_in_the_Ground_Electronic_State,Physical & Theoretical,0.59,0.6,467,0
18: Partition Functions and Ideal Gases,18.3: The Energy of a Diatomic/Polyatomic Molecule Can Be Approximated as a Sum of Separate Terms,https://chem.libretexts.org/Bookshelves/Physical_and_Theoretical_Chemistry_Textbook_Maps/Physical_Chemistry_(LibreTexts)/18%3A_Partition_Functions_and_Ideal_Gases/18.03%3A_The_Energy_of_a_Diatomic_Polyatomic_Molecule_Can_Be_Approximated_as_a_Sum_of_Separate_Terms,Physical & Theoretical,0.59,0.6,376,0
18: Partition Functions and Ideal Gases,18.4: Most Molecules are in the Ground Vibrational State,https://chem.libretexts.org/Bookshelves/Physical_and_Theoretical_Chemistry_Textbook_Maps/Physical_Chemistry_(LibreTexts)/18%3A_Partition_Functions_and_Ideal_Gases/18.04%3A_Most_Molecules_are_in_the_Ground_Vibrational_State,Physical & Theoretical,0.59,0.6,853,2
18: Partition Functions and Ideal Gases,18.5: Most Molecules are Rotationally Excited at Ordinary Temperatures,https://chem.libretexts.org/Bookshelves/Physical_and_Theoretical_Chemistry_Textbook_Maps/Physical_Chemistry_(LibreTexts)/18%3A_Partition_Functions_and_Ideal_Gases/18.05%3A_Most_Molecules_are_Rotationally_Excited_at_Ordinary_Temperatures,Physical & Theoretical,0.59,0.6,590,1
18: Partition Functions and Ideal Gases,18.6: Rotational Partition Functions of Diatomic Gases Contain a Symmetry Number,https://chem.libretexts.org/Bookshelves/Physical_and_Theoretical_Chemistry_Textbook_Maps/Physical_Chemistry_(LibreTexts)/18%3A_Partition_Functions_and_Ideal_Gases/18.06%3A_Rotational_Partition_Functions_of_Diatomic_Gases_Contain_a_Symmetry_Number,Physical & Theoretical,0.59,0.6,643,0
18: Partition Functions and Ideal Gases,18.7: Vibrational Partition Functions of Polyatomic Molecules Include the Partition Function for Each Normal Coordinate,https://chem.libretexts.org/Bookshelves/Physical_and_Theoretical_Chemistry_Textbook_Maps/Physical_Chemistry_(LibreTexts)/18%3A_Partition_Functions_and_Ideal_Gases/18.07%3A_Vibrational_Partition_Functions_of_Polyatomic_Molecules_Include_the_Partition_Function_for_Each_Normal_Coordinate,Physical & Theoretical,0.59,0.6,1018,1
18: Partition Functions and Ideal Gases,18.8: Rotational Partition Functions of Polyatomic Molecules Depend on the Sphar of the Molecule,https://chem.libretexts.org/Bookshelves/Physical_and_Theoretical_Chemistry_Textbook_Maps/Physical_Chemistry_(LibreTexts)/18%3A_Partition_Functions_and_Ideal_Gases/18.08%3A_Rotational_Partition_Functions_of_Polyatomic_Molecules_Depend_on_the_Sphar_of_the_Molecule,Physical & Theoretical,0.59,0.6,1685,0
18: Partition Functions and Ideal Gases,18.9: Molar Heat Capacities,https://chem.libretexts.org/Bookshelves/Physical_and_Theoretical_Chemistry_Textbook_Maps/Physical_Chemistry_(LibreTexts)/18%3A_Partition_Functions_and_Ideal_Gases/18.09%3A_Molar_Heat_Capacities,Physical & Theoretical,0.59,0.6,962,1
18: Partition Functions and Ideal Gases,18.10: Ortho and Para Hydrogen,https://chem.libretexts.org/Bookshelves/Physical_and_Theoretical_Chemistry_Textbook_Maps/Physical_Chemistry_(LibreTexts)/18%3A_Partition_Functions_and_Ideal_Gases/18.10%3A_Ortho_and_Para_Hydrogen,Physical & Theoretical,0.59,0.6,1139,1
18: Partition Functions and Ideal Gases,18.11: The Equipartition Principle,https://chem.libretexts.org/Bookshelves/Physical_and_Theoretical_Chemistry_Textbook_Maps/Physical_Chemistry_(LibreTexts)/18%3A_Partition_Functions_and_Ideal_Gases/18.11%3A_The_Equipartition_Principle,Physical & Theoretical,0.59,0.6,1134,1
18: Partition Functions and Ideal Gases,18.E: Partition Functions and Ideal Gases (Exercises),https://chem.libretexts.org/Bookshelves/Physical_and_Theoretical_Chemistry_Textbook_Maps/Physical_Chemistry_(LibreTexts)/18%3A_Partition_Functions_and_Ideal_Gases/18.E%3A_Partition_Functions_and_Ideal_Gases_(Exercises),Physical & Theoretical,0.59,0.6,138,0
19: The First Law of Thermodynamics,19.1: Overview of Classical Thermodynamics,https://chem.libretexts.org/Bookshelves/Physical_and_Theoretical_Chemistry_Textbook_Maps/Physical_Chemistry_(LibreTexts)/19%3A_The_First_Law_of_Thermodynamics/19.01%3A_Overview_of_Classical_Thermodynamics,Physical & Theoretical,0.59,0.6,1654,4
19: The First Law of Thermodynamics,19.2: Pressure-Volume Work,https://chem.libretexts.org/Bookshelves/Physical_and_Theoretical_Chemistry_Textbook_Maps/Physical_Chemistry_(LibreTexts)/19%3A_The_First_Law_of_Thermodynamics/19.02%3A_Pressure-Volume_Work,Physical & Theoretical,0.59,0.6,718,3
19: The First Law of Thermodynamics,19.3: Work and Heat are not State Functions,https://chem.libretexts.org/Bookshelves/Physical_and_Theoretical_Chemistry_Textbook_Maps/Physical_Chemistry_(LibreTexts)/19%3A_The_First_Law_of_Thermodynamics/19.03%3A_Work_and_Heat_are_not_State_Functions,Physical & Theoretical,0.59,0.6,787,6
19: The First Law of Thermodynamics,19.4: Energy is a State Function,https://chem.libretexts.org/Bookshelves/Physical_and_Theoretical_Chemistry_Textbook_Maps/Physical_Chemistry_(LibreTexts)/19%3A_The_First_Law_of_Thermodynamics/19.04%3A_Energy_is_a_State_Function,Physical & Theoretical,0.59,0.6,404,0
19: The First Law of Thermodynamics,19.5: An Adiabatic Process is a Process in which No Energy as Heat is Transferred,https://chem.libretexts.org/Bookshelves/Physical_and_Theoretical_Chemistry_Textbook_Maps/Physical_Chemistry_(LibreTexts)/19%3A_The_First_Law_of_Thermodynamics/19.05%3A_An_Adiabatic_Process_is_a_Process_in_which_No_Energy_as_Heat_is_Transferred,Physical & Theoretical,0.59,0.6,779,5
19: The First Law of Thermodynamics,19.6: The Temperature of a Gas Decreases in a Reversible Adiabatic Expansion,https://chem.libretexts.org/Bookshelves/Physical_and_Theoretical_Chemistry_Textbook_Maps/Physical_Chemistry_(LibreTexts)/19%3A_The_First_Law_of_Thermodynamics/19.06%3A_The_Temperature_of_a_Gas_Decreases_in_a_Reversible_Adiabatic_Expansion,Physical & Theoretical,0.59,0.6,462,2
19: The First Law of Thermodynamics,19.7: Work and Heat Have a Simple Molecular Interpretation,https://chem.libretexts.org/Bookshelves/Physical_and_Theoretical_Chemistry_Textbook_Maps/Physical_Chemistry_(LibreTexts)/19%3A_The_First_Law_of_Thermodynamics/19.07%3A_Work_and_Heat_Have_a_Simple_Molecular_Interpretation,Physical & Theoretical,0.59,0.6,254,4
19: The First Law of Thermodynamics,19.8: Pressure-Volume Work,https://chem.libretexts.org/Bookshelves/Physical_and_Theoretical_Chemistry_Textbook_Maps/Physical_Chemistry_(LibreTexts)/19%3A_The_First_Law_of_Thermodynamics/19.08%3A_Pressure-Volume_Work,Physical & Theoretical,0.59,0.6,548,1
19: The First Law of Thermodynamics,19.9: Heat Capacity is a Path Function,https://chem.libretexts.org/Bookshelves/Physical_and_Theoretical_Chemistry_Textbook_Maps/Physical_Chemistry_(LibreTexts)/19%3A_The_First_Law_of_Thermodynamics/19.09%3A_Heat_Capacity_is_a_Path_Function,Physical & Theoretical,0.59,0.6,182,0
19: The First Law of Thermodynamics,19.10: Relative Enthalpies Can Be Determined from Heat Capacity Data and Heats of Transition,https://chem.libretexts.org/Bookshelves/Physical_and_Theoretical_Chemistry_Textbook_Maps/Physical_Chemistry_(LibreTexts)/19%3A_The_First_Law_of_Thermodynamics/19.10%3A_Relative_Enthalpies_Can_Be_Determined_from_Heat_Capacity_Data_and_Heats_of_Transition,Physical & Theoretical,0.59,0.6,799,2
19: The First Law of Thermodynamics,19.11: Enthalpy Changes for Chemical Equations are Additive,https://chem.libretexts.org/Bookshelves/Physical_and_Theoretical_Chemistry_Textbook_Maps/Physical_Chemistry_(LibreTexts)/19%3A_The_First_Law_of_Thermodynamics/19.11%3A_Enthalpy_Changes_for_Chemical_Equations_are_Additive,Physical & Theoretical,0.59,0.6,371,0
19: The First Law of Thermodynamics,19.12: Heats of Reactions Can Be Calculated from Tabulated Heats of Formation,https://chem.libretexts.org/Bookshelves/Physical_and_Theoretical_Chemistry_Textbook_Maps/Physical_Chemistry_(LibreTexts)/19%3A_The_First_Law_of_Thermodynamics/19.12%3A_Heats_of_Reactions_Can_Be_Calculated_from_Tabulated_Heats_of_Formation,Physical & Theoretical,0.59,0.6,1558,1
19: The First Law of Thermodynamics,19.13: The Temperature Dependence of ΔH,https://chem.libretexts.org/Bookshelves/Physical_and_Theoretical_Chemistry_Textbook_Maps/Physical_Chemistry_(LibreTexts)/19%3A_The_First_Law_of_Thermodynamics/19.13%3A_The_Temperature_Dependence_of_H,Physical & Theoretical,0.59,0.6,592,0
19: The First Law of Thermodynamics,19.14: Enthalpy is a State Function,https://chem.libretexts.org/Bookshelves/Physical_and_Theoretical_Chemistry_Textbook_Maps/Physical_Chemistry_(LibreTexts)/19%3A_The_First_Law_of_Thermodynamics/19.14%3A_Enthalpy_is_a_State_Function,Physical & Theoretical,0.59,0.6,171,0
19: The First Law of Thermodynamics,19.E: The First Law of Thermodynamics (Exercises),https://chem.libretexts.org/Bookshelves/Physical_and_Theoretical_Chemistry_Textbook_Maps/Physical_Chemistry_(LibreTexts)/19%3A_The_First_Law_of_Thermodynamics/19.E%3A_The_First_Law_of_Thermodynamics_(Exercises),Physical & Theoretical,0.59,0.6,686,0
20: Entropy and The Second Law of Thermodynamics,20.1: Energy Does not Determine Spontaneity,https://chem.libretexts.org/Bookshelves/Physical_and_Theoretical_Chemistry_Textbook_Maps/Physical_Chemistry_(LibreTexts)/20%3A_Entropy_and_The_Second_Law_of_Thermodynamics/20.01%3A_Energy_Does_not_Determine_Spontaneity,Physical & Theoretical,0.59,0.6,1495,3
20: Entropy and The Second Law of Thermodynamics,20.2: Nonequilibrium Isolated Systems Evolve in a Direction That Increases Their Energy Dispersal,https://chem.libretexts.org/Bookshelves/Physical_and_Theoretical_Chemistry_Textbook_Maps/Physical_Chemistry_(LibreTexts)/20%3A_Entropy_and_The_Second_Law_of_Thermodynamics/20.02%3A_Nonequilibrium_Isolated_Systems_Evolve_in_a_Direction_That_Increases_Their_Energy_Dispersal,Physical & Theoretical,0.59,0.6,497,0
20: Entropy and The Second Law of Thermodynamics,"20.3: Unlike heat, Entropy is a State Function",https://chem.libretexts.org/Bookshelves/Physical_and_Theoretical_Chemistry_Textbook_Maps/Physical_Chemistry_(LibreTexts)/20%3A_Entropy_and_The_Second_Law_of_Thermodynamics/20.03%3A_Unlike_heat_Entropy_is_a_State_Function,Physical & Theoretical,0.59,0.6,382,1
20: Entropy and The Second Law of Thermodynamics,20.4: The Second Law of Thermodynamics,https://chem.libretexts.org/Bookshelves/Physical_and_Theoretical_Chemistry_Textbook_Maps/Physical_Chemistry_(LibreTexts)/20%3A_Entropy_and_The_Second_Law_of_Thermodynamics/20.04%3A_The_Second_Law_of_Thermodynamics,Physical & Theoretical,0.59,0.6,705,2
20: Entropy and The Second Law of Thermodynamics,20.5: The Famous Equation of Statistical Thermodynamics is S=k ln W,https://chem.libretexts.org/Bookshelves/Physical_and_Theoretical_Chemistry_Textbook_Maps/Physical_Chemistry_(LibreTexts)/20%3A_Entropy_and_The_Second_Law_of_Thermodynamics/20.05%3A_The_Famous_Equation_of_Statistical_Thermodynamics_is_Sk_ln_W,Physical & Theoretical,0.59,0.6,436,2
20: Entropy and The Second Law of Thermodynamics,20.6: We Must Always Devise a Reversible Process to Calculate Entropy Changes,https://chem.libretexts.org/Bookshelves/Physical_and_Theoretical_Chemistry_Textbook_Maps/Physical_Chemistry_(LibreTexts)/20%3A_Entropy_and_The_Second_Law_of_Thermodynamics/20.06%3A_We_Must_Always_Devise_a_Reversible_Process_to_Calculate_Entropy_Changes,Physical & Theoretical,0.59,0.6,1015,2
20: Entropy and The Second Law of Thermodynamics,20.7: Thermodynamics Provides Insight into the Conversion of Heat into Work,https://chem.libretexts.org/Bookshelves/Physical_and_Theoretical_Chemistry_Textbook_Maps/Physical_Chemistry_(LibreTexts)/20%3A_Entropy_and_The_Second_Law_of_Thermodynamics/20.07%3A_Thermodynamics_Provides_Insight_into_the_Conversion_of_Heat_into_Work,Physical & Theoretical,0.59,0.6,1106,4
20: Entropy and The Second Law of Thermodynamics,20.8: Entropy Can Be Expressed in Terms of a Partition Function,https://chem.libretexts.org/Bookshelves/Physical_and_Theoretical_Chemistry_Textbook_Maps/Physical_Chemistry_(LibreTexts)/20%3A_Entropy_and_The_Second_Law_of_Thermodynamics/20.08%3A_Entropy_Can_Be_Expressed_in_Terms_of_a_Partition_Function,Physical & Theoretical,0.59,0.6,436,0
20: Entropy and The Second Law of Thermodynamics,20.9: The Statistical Definition of Entropy is Analogous to the Thermodynamic Definition,https://chem.libretexts.org/Bookshelves/Physical_and_Theoretical_Chemistry_Textbook_Maps/Physical_Chemistry_(LibreTexts)/20%3A_Entropy_and_The_Second_Law_of_Thermodynamics/20.09%3A_The_Statistical_Definition_of_Entropy_is_Analogous_to_the_Thermodynamic_Definition,Physical & Theoretical,0.59,0.6,602,0
20: Entropy and The Second Law of Thermodynamics,20.E: Entropy and The Second Law of Thermodynamics (Exercises),https://chem.libretexts.org/Bookshelves/Physical_and_Theoretical_Chemistry_Textbook_Maps/Physical_Chemistry_(LibreTexts)/20%3A_Entropy_and_The_Second_Law_of_Thermodynamics/20.E%3A_Entropy_and_The_Second_Law_of_Thermodynamics_(Exercises),Physical & Theoretical,0.59,0.6,140,0
21: Entropy and the Third Law of Thermodynamics,21.1: Entropy Increases with Increasing Temperature,https://chem.libretexts.org/Bookshelves/Physical_and_Theoretical_Chemistry_Textbook_Maps/Physical_Chemistry_(LibreTexts)/21%3A_Entropy_and_the_Third_Law_of_Thermodynamics/21.01%3A_Entropy_Increases_with_Increasing_Temperature,Physical & Theoretical,0.59,0.6,564,0
21: Entropy and the Third Law of Thermodynamics,21.2: The 3rd Law of Thermodynamics Puts Entropy on an Absolute Scale,https://chem.libretexts.org/Bookshelves/Physical_and_Theoretical_Chemistry_Textbook_Maps/Physical_Chemistry_(LibreTexts)/21%3A_Entropy_and_the_Third_Law_of_Thermodynamics/21.02%3A_The_3rd_Law_of_Thermodynamics_Puts_Entropy_on_an_Absolute_Scale,Physical & Theoretical,0.59,0.6,1348,3
21: Entropy and the Third Law of Thermodynamics,21.3: The Entropy of a Phase Transition can be Calculated from the Enthalpy of the Phase Transition,https://chem.libretexts.org/Bookshelves/Physical_and_Theoretical_Chemistry_Textbook_Maps/Physical_Chemistry_(LibreTexts)/21%3A_Entropy_and_the_Third_Law_of_Thermodynamics/21.03%3A_The_Entropy_of_a_Phase_Transition_can_be_Calculated_from_the_Enthalpy_of_the_Phase_Transition,Physical & Theoretical,0.59,0.6,343,0
21: Entropy and the Third Law of Thermodynamics,21.4: The Debye Function is Used to Calculate the Heat Capacity at Low Temperatures,https://chem.libretexts.org/Bookshelves/Physical_and_Theoretical_Chemistry_Textbook_Maps/Physical_Chemistry_(LibreTexts)/21%3A_Entropy_and_the_Third_Law_of_Thermodynamics/21.04%3A_The_Debye_Function_is_Used_to_Calculate_the_Heat_Capacity_at_Low_Temperatures,Physical & Theoretical,0.59,0.6,387,0
21: Entropy and the Third Law of Thermodynamics,21.5: Practical Absolute Entropies Can Be Determined Calorimetrically,https://chem.libretexts.org/Bookshelves/Physical_and_Theoretical_Chemistry_Textbook_Maps/Physical_Chemistry_(LibreTexts)/21%3A_Entropy_and_the_Third_Law_of_Thermodynamics/21.05%3A_Practical_Absolute_Entropies_Can_Be_Determined_Calorimetrically,Physical & Theoretical,0.59,0.6,456,1
21: Entropy and the Third Law of Thermodynamics,21.6: Practical Absolute Entropies of Gases Can Be Calculated from Partition Functions,https://chem.libretexts.org/Bookshelves/Physical_and_Theoretical_Chemistry_Textbook_Maps/Physical_Chemistry_(LibreTexts)/21%3A_Entropy_and_the_Third_Law_of_Thermodynamics/21.06%3A_Practical_Absolute_Entropies_of_Gases_Can_Be_Calculated_from_Partition_Functions,Physical & Theoretical,0.59,0.6,322,0
21: Entropy and the Third Law of Thermodynamics,21.7: Standard Entropies Depend Upon Molecular Mass and Structure,https://chem.libretexts.org/Bookshelves/Physical_and_Theoretical_Chemistry_Textbook_Maps/Physical_Chemistry_(LibreTexts)/21%3A_Entropy_and_the_Third_Law_of_Thermodynamics/21.07%3A_Standard_Entropies_Depend_Upon_Molecular_Mass_and_Structure,Physical & Theoretical,0.59,0.6,519,0
21: Entropy and the Third Law of Thermodynamics,21.8: Spectroscopic Entropies sometimes disgree with Calorimetric Entropies,https://chem.libretexts.org/Bookshelves/Physical_and_Theoretical_Chemistry_Textbook_Maps/Physical_Chemistry_(LibreTexts)/21%3A_Entropy_and_the_Third_Law_of_Thermodynamics/21.08%3A_Spectroscopic_Entropies_sometimes_disgree_with_Calorimetric_Entropies,Physical & Theoretical,0.59,0.6,259,0
21: Entropy and the Third Law of Thermodynamics,21.9: Standard Entropies Can Be Used to Calculate Entropy Changes of Chemical Reactions,https://chem.libretexts.org/Bookshelves/Physical_and_Theoretical_Chemistry_Textbook_Maps/Physical_Chemistry_(LibreTexts)/21%3A_Entropy_and_the_Third_Law_of_Thermodynamics/21.09%3A_Standard_Entropies_Can_Be_Used_to_Calculate_Entropy_Changes_of_Chemical_Reactions,Physical & Theoretical,0.59,0.6,275,0
21: Entropy and the Third Law of Thermodynamics,21.E: Entropy and the Third Law of Thermodynamics (Exercises),https://chem.libretexts.org/Bookshelves/Physical_and_Theoretical_Chemistry_Textbook_Maps/Physical_Chemistry_(LibreTexts)/21%3A_Entropy_and_the_Third_Law_of_Thermodynamics/21.E%3A_Entropy_and_the_Third_Law_of_Thermodynamics_(Exercises),Physical & Theoretical,0.59,0.6,168,0
22: Helmholtz and Gibbs Energies,22.1: Helmholtz Energy,https://chem.libretexts.org/Bookshelves/Physical_and_Theoretical_Chemistry_Textbook_Maps/Physical_Chemistry_(LibreTexts)/22%3A_Helmholtz_and_Gibbs_Energies/22.01%3A_Helmholtz_Energy,Physical & Theoretical,0.59,0.6,554,0
22: Helmholtz and Gibbs Energies,22.2: Gibbs Energy Determines the Direction of Spontaneity at Constant Pressure and Temperature,https://chem.libretexts.org/Bookshelves/Physical_and_Theoretical_Chemistry_Textbook_Maps/Physical_Chemistry_(LibreTexts)/22%3A_Helmholtz_and_Gibbs_Energies/22.02%3A_Gibbs_Energy_Determines_the_Direction_of_Spontaneity_at_Constant_Pressure_and_Temperature,Physical & Theoretical,0.59,0.6,779,0
22: Helmholtz and Gibbs Energies,22.3: The Maxwell Relations,https://chem.libretexts.org/Bookshelves/Physical_and_Theoretical_Chemistry_Textbook_Maps/Physical_Chemistry_(LibreTexts)/22%3A_Helmholtz_and_Gibbs_Energies/22.03%3A_The_Maxwell_Relations,Physical & Theoretical,0.59,0.6,997,1
22: Helmholtz and Gibbs Energies,22.4: The Enthalpy of an Ideal Gas is Independent of Pressure,https://chem.libretexts.org/Bookshelves/Physical_and_Theoretical_Chemistry_Textbook_Maps/Physical_Chemistry_(LibreTexts)/22%3A_Helmholtz_and_Gibbs_Energies/22.04%3A_The_Enthalpy_of_an_Ideal_Gas_is_Independent_of_Pressure,Physical & Theoretical,0.59,0.6,307,0
22: Helmholtz and Gibbs Energies,22.5: Thermodynamic Functions have Natural Variables,https://chem.libretexts.org/Bookshelves/Physical_and_Theoretical_Chemistry_Textbook_Maps/Physical_Chemistry_(LibreTexts)/22%3A_Helmholtz_and_Gibbs_Energies/22.05%3A_Thermodynamic_Functions_have_Natural_Variables,Physical & Theoretical,0.59,0.6,1601,0
22: Helmholtz and Gibbs Energies,22.6: The Standard State for a Gas is an Ideal Gas at 1 Bar,https://chem.libretexts.org/Bookshelves/Physical_and_Theoretical_Chemistry_Textbook_Maps/Physical_Chemistry_(LibreTexts)/22%3A_Helmholtz_and_Gibbs_Energies/22.06%3A_The_Standard_State_for_a_Gas_is_an_Ideal_Gas_at_1_Bar,Physical & Theoretical,0.59,0.6,224,0
22: Helmholtz and Gibbs Energies,22.7: The Gibbs-Helmholtz Equation,https://chem.libretexts.org/Bookshelves/Physical_and_Theoretical_Chemistry_Textbook_Maps/Physical_Chemistry_(LibreTexts)/22%3A_Helmholtz_and_Gibbs_Energies/22.07%3A_The_Gibbs-Helmholtz_Equation,Physical & Theoretical,0.59,0.6,991,0
22: Helmholtz and Gibbs Energies,22.8: Fugacity Measures Nonideality of a Gas,https://chem.libretexts.org/Bookshelves/Physical_and_Theoretical_Chemistry_Textbook_Maps/Physical_Chemistry_(LibreTexts)/22%3A_Helmholtz_and_Gibbs_Energies/22.08%3A_Fugacity_Measures_Nonideality_of_a_Gas,Physical & Theoretical,0.59,0.6,484,0
23: Phase Equilibria,23.1: A Phase Diagram Summarizes the Solid-Liquid-Gas Behavior of a Substance,https://chem.libretexts.org/Bookshelves/Physical_and_Theoretical_Chemistry_Textbook_Maps/Physical_Chemistry_(LibreTexts)/23%3A_Phase_Equilibria/23.01%3A_A_Phase_Diagram_Summarizes_the_Solid-Liquid-Gas_Behavior_of_a_Substance,Physical & Theoretical,0.59,0.6,2350,3
23: Phase Equilibria,23.2: Gibbs Energies and Phase Diagrams,https://chem.libretexts.org/Bookshelves/Physical_and_Theoretical_Chemistry_Textbook_Maps/Physical_Chemistry_(LibreTexts)/23%3A_Phase_Equilibria/23.02%3A_Gibbs_Energies_and_Phase_Diagrams,Physical & Theoretical,0.59,0.6,1086,6
23: Phase Equilibria,23.3: The Chemical Potentials of a Pure Substance in Two Phases in Equilibrium,https://chem.libretexts.org/Bookshelves/Physical_and_Theoretical_Chemistry_Textbook_Maps/Physical_Chemistry_(LibreTexts)/23%3A_Phase_Equilibria/23.03%3A_The_Chemical_Potentials_of_a_Pure_Substance_in_Two_Phases_in_Equilibrium,Physical & Theoretical,0.59,0.6,517,0
23: Phase Equilibria,23.4: The Clausius-Clapeyron Equation,https://chem.libretexts.org/Bookshelves/Physical_and_Theoretical_Chemistry_Textbook_Maps/Physical_Chemistry_(LibreTexts)/23%3A_Phase_Equilibria/23.04%3A_The_Clausius-Clapeyron_Equation,Physical & Theoretical,0.59,0.6,2017,1
23: Phase Equilibria,23.5: Chemical Potential Can be Evaluated From a Partition Function,https://chem.libretexts.org/Bookshelves/Physical_and_Theoretical_Chemistry_Textbook_Maps/Physical_Chemistry_(LibreTexts)/23%3A_Phase_Equilibria/23.05%3A_Chemical_Potential_Can_be_Evaluated_From_a_Partition_Function,Physical & Theoretical,0.59,0.6,390,0
23: Phase Equilibria,23.E: Phase Equilibria (Exercises),https://chem.libretexts.org/Bookshelves/Physical_and_Theoretical_Chemistry_Textbook_Maps/Physical_Chemistry_(LibreTexts)/23%3A_Phase_Equilibria/23.E%3A_Phase_Equilibria_(Exercises),Physical & Theoretical,0.59,0.6,135,0
24: Solutions I - Volatile Solutes,24.1: A Mixture is a Combination of Two or More Substances,https://chem.libretexts.org/Bookshelves/Physical_and_Theoretical_Chemistry_Textbook_Maps/Physical_Chemistry_(LibreTexts)/24%3A_Solutions_I_-_Volatile_Solutes/24.01%3A_A_Mixture_is_a_Combination_of_Two_or_More_Substances,Physical & Theoretical,0.59,0.6,1923,3
24: Solutions I - Volatile Solutes,24.2: The Gibbs-Duhem Equation Relates Chemical Potential and Composition at Equilibrium,https://chem.libretexts.org/Bookshelves/Physical_and_Theoretical_Chemistry_Textbook_Maps/Physical_Chemistry_(LibreTexts)/24%3A_Solutions_I_-_Volatile_Solutes/24.02%3A_The_Gibbs-Duhem_Equation_Relates_Chemical_Potential_and_Composition_at_Equilibrium,Physical & Theoretical,0.59,0.6,653,0
24: Solutions I - Volatile Solutes,24.3: Chemical Potential of Each Component Has the Same Value in Each Phase in Which the Component Appears,https://chem.libretexts.org/Bookshelves/Physical_and_Theoretical_Chemistry_Textbook_Maps/Physical_Chemistry_(LibreTexts)/24%3A_Solutions_I_-_Volatile_Solutes/24.03%3A_Chemical_Potential_of_Each_Component_Has_the_Same_Value_in_Each_Phase_in_Which_the_Component_Appears,Physical & Theoretical,0.59,0.6,896,0
24: Solutions I - Volatile Solutes,24.4: Ideal Solutions obey Raoult's Law,https://chem.libretexts.org/Bookshelves/Physical_and_Theoretical_Chemistry_Textbook_Maps/Physical_Chemistry_(LibreTexts)/24%3A_Solutions_I_-_Volatile_Solutes/24.04%3A_Ideal_Solutions_obey_Raoult's_Law,Physical & Theoretical,0.59,0.6,987,2
24: Solutions I - Volatile Solutes,24.5: Most Solutions are Not Ideal,https://chem.libretexts.org/Bookshelves/Physical_and_Theoretical_Chemistry_Textbook_Maps/Physical_Chemistry_(LibreTexts)/24%3A_Solutions_I_-_Volatile_Solutes/24.05%3A_Most_Solutions_are_Not_Ideal,Physical & Theoretical,0.59,0.6,424,1
24: Solutions I - Volatile Solutes,24.6: Vapor Pressures of Volatile Binary Solutions,https://chem.libretexts.org/Bookshelves/Physical_and_Theoretical_Chemistry_Textbook_Maps/Physical_Chemistry_(LibreTexts)/24%3A_Solutions_I_-_Volatile_Solutes/24.06%3A_Vapor_Pressures_of_Volatile_Binary_Solutions,Physical & Theoretical,0.59,0.6,1083,5
24: Solutions I - Volatile Solutes,24.7: Activities of Nonideal Solutions,https://chem.libretexts.org/Bookshelves/Physical_and_Theoretical_Chemistry_Textbook_Maps/Physical_Chemistry_(LibreTexts)/24%3A_Solutions_I_-_Volatile_Solutes/24.07%3A_Activities_of_Nonideal_Solutions,Physical & Theoretical,0.59,0.6,1287,0
24: Solutions I - Volatile Solutes,24.8: Activities are Calculated with Respect to Standard States,https://chem.libretexts.org/Bookshelves/Physical_and_Theoretical_Chemistry_Textbook_Maps/Physical_Chemistry_(LibreTexts)/24%3A_Solutions_I_-_Volatile_Solutes/24.08%3A_Activities_are_Calculated_with_Respect_to_Standard_States,Physical & Theoretical,0.59,0.6,251,0
24: Solutions I - Volatile Solutes,24.9: Gibbs Energy of Mixing of Binary Solutions in Terms of the Activity Coefficient,https://chem.libretexts.org/Bookshelves/Physical_and_Theoretical_Chemistry_Textbook_Maps/Physical_Chemistry_(LibreTexts)/24%3A_Solutions_I_-_Volatile_Solutes/24.09%3A_Gibbs_Energy_of_Mixing_of_Binary_Solutions_in_Terms_of_the_Activity_Coefficient,Physical & Theoretical,0.59,0.6,1383,0
24: Solutions I - Volatile Solutes,24.E: Solutions I- Liquid-Liquid Solutions (Exercises),https://chem.libretexts.org/Bookshelves/Physical_and_Theoretical_Chemistry_Textbook_Maps/Physical_Chemistry_(LibreTexts)/24%3A_Solutions_I_-_Volatile_Solutes/24.E%3A_Solutions_I-_Liquid-Liquid_Solutions_(Exercises),Physical & Theoretical,0.59,0.6,138,0
25: Solutions II - Nonvolatile Solutes,25.1: Standard State of Nonvolatile Solutions,https://chem.libretexts.org/Bookshelves/Physical_and_Theoretical_Chemistry_Textbook_Maps/Physical_Chemistry_(LibreTexts)/25%3A_Solutions_II_-_Nonvolatile_Solutes/25.01%3A_Standard_State_of_Nonvolatile_Solutions,Physical & Theoretical,0.59,0.6,252,0
25: Solutions II - Nonvolatile Solutes,25.2: The Activities of Nonvolatile Solutes,https://chem.libretexts.org/Bookshelves/Physical_and_Theoretical_Chemistry_Textbook_Maps/Physical_Chemistry_(LibreTexts)/25%3A_Solutions_II_-_Nonvolatile_Solutes/25.02%3A_The_Activities_of_Nonvolatile_Solutes,Physical & Theoretical,0.59,0.6,729,1
25: Solutions II - Nonvolatile Solutes,25.3: Colligative Properties Depend only on Number Density,https://chem.libretexts.org/Bookshelves/Physical_and_Theoretical_Chemistry_Textbook_Maps/Physical_Chemistry_(LibreTexts)/25%3A_Solutions_II_-_Nonvolatile_Solutes/25.03%3A_Colligative_Properties_Depend_only_on_Number_Density,Physical & Theoretical,0.59,0.6,2674,1
25: Solutions II - Nonvolatile Solutes,25.4: Osmotic Pressure can Determine Molecular Masses,https://chem.libretexts.org/Bookshelves/Physical_and_Theoretical_Chemistry_Textbook_Maps/Physical_Chemistry_(LibreTexts)/25%3A_Solutions_II_-_Nonvolatile_Solutes/25.04%3A_Osmotic_Pressure_can_Determine_Molecular_Masses,Physical & Theoretical,0.59,0.6,882,1
25: Solutions II - Nonvolatile Solutes,25.5: Electrolytes Solutions are Nonideal at Low Concentrations,https://chem.libretexts.org/Bookshelves/Physical_and_Theoretical_Chemistry_Textbook_Maps/Physical_Chemistry_(LibreTexts)/25%3A_Solutions_II_-_Nonvolatile_Solutes/25.05%3A_Electrolytes_Solutions_are_Nonideal_at_Low_Concentrations,Physical & Theoretical,0.59,0.6,946,0
25: Solutions II - Nonvolatile Solutes,25.6: The Debye-Hückel Theory,https://chem.libretexts.org/Bookshelves/Physical_and_Theoretical_Chemistry_Textbook_Maps/Physical_Chemistry_(LibreTexts)/25%3A_Solutions_II_-_Nonvolatile_Solutes/25.06%3A_The_Debye-Huckel_Theory,Physical & Theoretical,0.59,0.6,1195,3
25: Solutions II - Nonvolatile Solutes,25.7: Extending Debye-Hückel Theory to Higher Concentrations,https://chem.libretexts.org/Bookshelves/Physical_and_Theoretical_Chemistry_Textbook_Maps/Physical_Chemistry_(LibreTexts)/25%3A_Solutions_II_-_Nonvolatile_Solutes/25.07%3A_Extending_Debye-Huckel_Theory_to_Higher_Concentrations,Physical & Theoretical,0.59,0.6,1093,2
26: Chemical Equilibrium,26.1: Equilibrium Results when Gibbs Energy is Minimized,https://chem.libretexts.org/Bookshelves/Physical_and_Theoretical_Chemistry_Textbook_Maps/Physical_Chemistry_(LibreTexts)/26%3A_Chemical_Equilibrium/26.01%3A_Equilibrium_Results_when_Gibbs_Energy_is_Minimized,Physical & Theoretical,0.59,0.6,1117,1
26: Chemical Equilibrium,26.2: An Equilibrium Constant is a Function of Temperature Only,https://chem.libretexts.org/Bookshelves/Physical_and_Theoretical_Chemistry_Textbook_Maps/Physical_Chemistry_(LibreTexts)/26%3A_Chemical_Equilibrium/26.02%3A_An_Equilibrium_Constant_is_a_Function_of_Temperature_Only,Physical & Theoretical,0.59,0.6,813,0
26: Chemical Equilibrium,26.3: Standard Gibbs Energies of Formation Can Be Used to Calculate Equilibrium Constants,https://chem.libretexts.org/Bookshelves/Physical_and_Theoretical_Chemistry_Textbook_Maps/Physical_Chemistry_(LibreTexts)/26%3A_Chemical_Equilibrium/26.03%3A_Standard_Gibbs_Energies_of_Formation_Can_Be_Used_to_Calculate_Equilibrium_Constants,Physical & Theoretical,0.59,0.6,1522,1
26: Chemical Equilibrium,26.4: Gibbs Energy of a Reaction vs. Extent of Reaction is a Minimum at Equilibrium,https://chem.libretexts.org/Bookshelves/Physical_and_Theoretical_Chemistry_Textbook_Maps/Physical_Chemistry_(LibreTexts)/26%3A_Chemical_Equilibrium/26.04%3A_Gibbs_Energy_of_a_Reaction_vs._Extent_of_Reaction_is_a_Minimum_at_Equilibrium,Physical & Theoretical,0.59,0.6,1070,2
26: Chemical Equilibrium,26.5: Reaction Quotient and Equilibrium Constant Ratio Determines Reaction Direction,https://chem.libretexts.org/Bookshelves/Physical_and_Theoretical_Chemistry_Textbook_Maps/Physical_Chemistry_(LibreTexts)/26%3A_Chemical_Equilibrium/26.05%3A_Reaction_Quotient_and_Equilibrium_Constant_Ratio_Determines_Reaction_Direction,Physical & Theoretical,0.59,0.6,390,0
26: Chemical Equilibrium,26.6: The Sign of ΔG and not ΔG° Determines the Direction of Reaction Spontaneity,https://chem.libretexts.org/Bookshelves/Physical_and_Theoretical_Chemistry_Textbook_Maps/Physical_Chemistry_(LibreTexts)/26%3A_Chemical_Equilibrium/26.06%3A_The_Sign_of_G_and_not_G_Determines_the_Direction_of_Reaction_Spontaneity,Physical & Theoretical,0.59,0.6,337,0
26: Chemical Equilibrium,26.7: The van 't Hoff Equation,https://chem.libretexts.org/Bookshelves/Physical_and_Theoretical_Chemistry_Textbook_Maps/Physical_Chemistry_(LibreTexts)/26%3A_Chemical_Equilibrium/26.07%3A_The_van_'t_Hoff_Equation,Physical & Theoretical,0.59,0.6,445,3
26: Chemical Equilibrium,26.8: Equilibrium Constants in Terms of Partition Functions,https://chem.libretexts.org/Bookshelves/Physical_and_Theoretical_Chemistry_Textbook_Maps/Physical_Chemistry_(LibreTexts)/26%3A_Chemical_Equilibrium/26.08%3A_Equilibrium_Constants_in_Terms_of_Partition_Functions,Physical & Theoretical,0.59,0.6,1339,2
26: Chemical Equilibrium,26.9: Molecular Partition Functions and Related Thermodynamic Data Are Extensively Tabulated,https://chem.libretexts.org/Bookshelves/Physical_and_Theoretical_Chemistry_Textbook_Maps/Physical_Chemistry_(LibreTexts)/26%3A_Chemical_Equilibrium/26.09%3A_Molecular_Partition_Functions_and_Related_Thermodynamic_Data_Are_Extensively_Tabulated,Physical & Theoretical,0.59,0.6,323,0
26: Chemical Equilibrium,26.10: Real Gases Are Expressed in Terms of Partial Fugacities,https://chem.libretexts.org/Bookshelves/Physical_and_Theoretical_Chemistry_Textbook_Maps/Physical_Chemistry_(LibreTexts)/26%3A_Chemical_Equilibrium/26.10%3A_Real_Gases_Are_Expressed_in_Terms_of_Partial_Fugacities,Physical & Theoretical,0.59,0.6,553,0
26: Chemical Equilibrium,26.11: Thermodynamic Equilibrium Constants Are Expressed in Terms of Activities,https://chem.libretexts.org/Bookshelves/Physical_and_Theoretical_Chemistry_Textbook_Maps/Physical_Chemistry_(LibreTexts)/26%3A_Chemical_Equilibrium/26.11%3A_Thermodynamic_Equilibrium_Constants_Are_Expressed_in_Terms_of_Activities,Physical & Theoretical,0.59,0.6,714,0
26: Chemical Equilibrium,26.12: Activities are Important for Ionic Species,https://chem.libretexts.org/Bookshelves/Physical_and_Theoretical_Chemistry_Textbook_Maps/Physical_Chemistry_(LibreTexts)/26%3A_Chemical_Equilibrium/26.12%3A_Activities_are_Important_for_Ionic_Species,Physical & Theoretical,0.59,0.6,686,0
27: The Kinetic Theory of Gases,27.1: The Average Translational Kinetic Energy of a Gas,https://chem.libretexts.org/Bookshelves/Physical_and_Theoretical_Chemistry_Textbook_Maps/Physical_Chemistry_(LibreTexts)/27%3A_The_Kinetic_Theory_of_Gases/27.01%3A_The_Average_Translational_Kinetic_Energy_of_a_Gas,Physical & Theoretical,0.59,0.6,2130,2
27: The Kinetic Theory of Gases,27.2: The Gaussian Distribution of One Component of the Molecular Velocity,https://chem.libretexts.org/Bookshelves/Physical_and_Theoretical_Chemistry_Textbook_Maps/Physical_Chemistry_(LibreTexts)/27%3A_The_Kinetic_Theory_of_Gases/27.02%3A_The_Gaussian_Distribution_of_One_Component_of_the_Molecular_Velocity,Physical & Theoretical,0.59,0.6,1059,1
27: The Kinetic Theory of Gases,27.3: The Distribution of Molecular Speeds is Given by the Maxwell-Boltzmann Distribution,https://chem.libretexts.org/Bookshelves/Physical_and_Theoretical_Chemistry_Textbook_Maps/Physical_Chemistry_(LibreTexts)/27%3A_The_Kinetic_Theory_of_Gases/27.03%3A_The_Distribution_of_Molecular_Speeds_is_Given_by_the_Maxwell-Boltzmann_Distribution,Physical & Theoretical,0.59,0.6,1697,5
27: The Kinetic Theory of Gases,27.4: The Frequency of Collisions with a Wall,https://chem.libretexts.org/Bookshelves/Physical_and_Theoretical_Chemistry_Textbook_Maps/Physical_Chemistry_(LibreTexts)/27%3A_The_Kinetic_Theory_of_Gases/27.04%3A_The_Frequency_of_Collisions_with_a_Wall,Physical & Theoretical,0.59,0.6,879,1
27: The Kinetic Theory of Gases,27.5: The Maxwell-Boltzmann Distribution Has Been Verified Experimentally,https://chem.libretexts.org/Bookshelves/Physical_and_Theoretical_Chemistry_Textbook_Maps/Physical_Chemistry_(LibreTexts)/27%3A_The_Kinetic_Theory_of_Gases/27.05%3A_The_Maxwell-Boltzmann_Distribution_Has_Been_Verified_Experimentally,Physical & Theoretical,0.59,0.6,218,0
27: The Kinetic Theory of Gases,27.6: Mean Free Path,https://chem.libretexts.org/Bookshelves/Physical_and_Theoretical_Chemistry_Textbook_Maps/Physical_Chemistry_(LibreTexts)/27%3A_The_Kinetic_Theory_of_Gases/27.06%3A_Mean_Free_Path,Physical & Theoretical,0.59,0.6,2504,2
27: The Kinetic Theory of Gases,27.7: Rates of Gas-Phase Chemical Reactions,https://chem.libretexts.org/Bookshelves/Physical_and_Theoretical_Chemistry_Textbook_Maps/Physical_Chemistry_(LibreTexts)/27%3A_The_Kinetic_Theory_of_Gases/27.07%3A_Rates_of_Gas-Phase_Chemical_Reactions,Physical & Theoretical,0.59,0.6,790,1
27: The Kinetic Theory of Gases,27.E: The Kinetic Theory of Gases (Exercises),https://chem.libretexts.org/Bookshelves/Physical_and_Theoretical_Chemistry_Textbook_Maps/Physical_Chemistry_(LibreTexts)/27%3A_The_Kinetic_Theory_of_Gases/27.E%3A_The_Kinetic_Theory_of_Gases_(Exercises),Physical & Theoretical,0.59,0.6,138,0
28: Chemical Kinetics I - Rate Laws,28.1: The Time Dependence of a Chemical Reaction is Described by a Rate Law,https://chem.libretexts.org/Bookshelves/Physical_and_Theoretical_Chemistry_Textbook_Maps/Physical_Chemistry_(LibreTexts)/28%3A_Chemical_Kinetics_I_-_Rate_Laws/28.01%3A_The_Time_Dependence_of_a_Chemical_Reaction_is_Described_by_a_Rate_Law,Physical & Theoretical,0.59,0.6,638,0
28: Chemical Kinetics I - Rate Laws,28.2: Rate Laws Must Be Determined Experimentally,https://chem.libretexts.org/Bookshelves/Physical_and_Theoretical_Chemistry_Textbook_Maps/Physical_Chemistry_(LibreTexts)/28%3A_Chemical_Kinetics_I_-_Rate_Laws/28.02%3A_Rate_Laws_Must_Be_Determined_Experimentally,Physical & Theoretical,0.59,0.6,341,1
28: Chemical Kinetics I - Rate Laws,28.3: First-Order Reactions Show an Exponential Decay of Reactant Concentration with Time,https://chem.libretexts.org/Bookshelves/Physical_and_Theoretical_Chemistry_Textbook_Maps/Physical_Chemistry_(LibreTexts)/28%3A_Chemical_Kinetics_I_-_Rate_Laws/28.03%3A_First-Order_Reactions_Show_an_Exponential_Decay_of_Reactant_Concentration_with_Time,Physical & Theoretical,0.59,0.6,718,1
28: Chemical Kinetics I - Rate Laws,28.4: Different Rate Laws Predict Different Kinetics,https://chem.libretexts.org/Bookshelves/Physical_and_Theoretical_Chemistry_Textbook_Maps/Physical_Chemistry_(LibreTexts)/28%3A_Chemical_Kinetics_I_-_Rate_Laws/28.04%3A_Different_Rate_Laws_Predict_Different_Kinetics,Physical & Theoretical,0.59,0.6,1407,2
28: Chemical Kinetics I - Rate Laws,28.5: Reactions can also be Reversible,https://chem.libretexts.org/Bookshelves/Physical_and_Theoretical_Chemistry_Textbook_Maps/Physical_Chemistry_(LibreTexts)/28%3A_Chemical_Kinetics_I_-_Rate_Laws/28.05%3A_Reactions_can_also_be_Reversible,Physical & Theoretical,0.59,0.6,1814,1
28: Chemical Kinetics I - Rate Laws,28.6: The Rate Constants of a Reversible Reaction Can Be Determined Using Relaxation Techniques,https://chem.libretexts.org/Bookshelves/Physical_and_Theoretical_Chemistry_Textbook_Maps/Physical_Chemistry_(LibreTexts)/28%3A_Chemical_Kinetics_I_-_Rate_Laws/28.06%3A_The_Rate_Constants_of_a_Reversible_Reaction_Can_Be_Determined_Using_Relaxation_Techniques,Physical & Theoretical,0.59,0.6,1984,7
28: Chemical Kinetics I - Rate Laws,28.7: Rate Constants Are Usually Strongly Temperature Dependent,https://chem.libretexts.org/Bookshelves/Physical_and_Theoretical_Chemistry_Textbook_Maps/Physical_Chemistry_(LibreTexts)/28%3A_Chemical_Kinetics_I_-_Rate_Laws/28.07%3A_Rate_Constants_Are_Usually_Strongly_Temperature_Dependent,Physical & Theoretical,0.59,0.6,533,1
28: Chemical Kinetics I - Rate Laws,28.8: Transition-State Theory Can Be Used to Estimate Reaction Rate Constants,https://chem.libretexts.org/Bookshelves/Physical_and_Theoretical_Chemistry_Textbook_Maps/Physical_Chemistry_(LibreTexts)/28%3A_Chemical_Kinetics_I_-_Rate_Laws/28.08%3A_Transition-State_Theory_Can_Be_Used_to_Estimate_Reaction_Rate_Constants,Physical & Theoretical,0.59,0.6,1379,2
28: Chemical Kinetics I - Rate Laws,28.E: Chemical Kinetics I - Rate Laws (Exercises),https://chem.libretexts.org/Bookshelves/Physical_and_Theoretical_Chemistry_Textbook_Maps/Physical_Chemistry_(LibreTexts)/28%3A_Chemical_Kinetics_I_-_Rate_Laws/28.E%3A_Chemical_Kinetics_I_-_Rate_Laws_(Exercises),Physical & Theoretical,0.59,0.6,139,0
29: Chemical Kinetics II- Reaction Mechanisms,29.1: A Mechanism is a Sequence of Elementary Reactions,https://chem.libretexts.org/Bookshelves/Physical_and_Theoretical_Chemistry_Textbook_Maps/Physical_Chemistry_(LibreTexts)/29%3A_Chemical_Kinetics_II-_Reaction_Mechanisms/29.01%3A_A_Mechanism_is_a_Sequence_of_Elementary_Reactions,Physical & Theoretical,0.59,0.6,237,0
29: Chemical Kinetics II- Reaction Mechanisms,29.2: The Principle of Detailed Balance,https://chem.libretexts.org/Bookshelves/Physical_and_Theoretical_Chemistry_Textbook_Maps/Physical_Chemistry_(LibreTexts)/29%3A_Chemical_Kinetics_II-_Reaction_Mechanisms/29.02%3A_The_Principle_of_Detailed_Balance,Physical & Theoretical,0.59,0.6,354,0
29: Chemical Kinetics II- Reaction Mechanisms,29.3: Multiple Mechanisms are often Indistinguishable,https://chem.libretexts.org/Bookshelves/Physical_and_Theoretical_Chemistry_Textbook_Maps/Physical_Chemistry_(LibreTexts)/29%3A_Chemical_Kinetics_II-_Reaction_Mechanisms/29.03%3A_Multiple_Mechanisms_are_often_Indistinguishable,Physical & Theoretical,0.59,0.6,420,0
29: Chemical Kinetics II- Reaction Mechanisms,29.4: The Steady-State Approximation,https://chem.libretexts.org/Bookshelves/Physical_and_Theoretical_Chemistry_Textbook_Maps/Physical_Chemistry_(LibreTexts)/29%3A_Chemical_Kinetics_II-_Reaction_Mechanisms/29.04%3A_The_Steady-State_Approximation,Physical & Theoretical,0.59,0.6,521,1
29: Chemical Kinetics II- Reaction Mechanisms,29.5: Rate Laws Do Not Imply Unique Mechanism,https://chem.libretexts.org/Bookshelves/Physical_and_Theoretical_Chemistry_Textbook_Maps/Physical_Chemistry_(LibreTexts)/29%3A_Chemical_Kinetics_II-_Reaction_Mechanisms/29.05%3A_Rate_Laws_Do_Not_Imply_Unique_Mechanism,Physical & Theoretical,0.59,0.6,2047,0
29: Chemical Kinetics II- Reaction Mechanisms,29.6: The Lindemann Mechanism,https://chem.libretexts.org/Bookshelves/Physical_and_Theoretical_Chemistry_Textbook_Maps/Physical_Chemistry_(LibreTexts)/29%3A_Chemical_Kinetics_II-_Reaction_Mechanisms/29.06%3A_The_Lindemann_Mechanism,Physical & Theoretical,0.59,0.6,1103,0
29: Chemical Kinetics II- Reaction Mechanisms,29.7: Some Reaction Mechanisms Involve Chain Reactions,https://chem.libretexts.org/Bookshelves/Physical_and_Theoretical_Chemistry_Textbook_Maps/Physical_Chemistry_(LibreTexts)/29%3A_Chemical_Kinetics_II-_Reaction_Mechanisms/29.07%3A_Some_Reaction_Mechanisms_Involve_Chain_Reactions,Physical & Theoretical,0.59,0.6,852,0
29: Chemical Kinetics II- Reaction Mechanisms,29.8: A Catalyst Affects the Mechanism and Activation Energy,https://chem.libretexts.org/Bookshelves/Physical_and_Theoretical_Chemistry_Textbook_Maps/Physical_Chemistry_(LibreTexts)/29%3A_Chemical_Kinetics_II-_Reaction_Mechanisms/29.08%3A_A_Catalyst_Affects_the_Mechanism_and_Activation_Energy,Physical & Theoretical,0.59,0.6,1753,3
29: Chemical Kinetics II- Reaction Mechanisms,29.9: The Michaelis-Menten Mechanism for Enzyme Catalysis,https://chem.libretexts.org/Bookshelves/Physical_and_Theoretical_Chemistry_Textbook_Maps/Physical_Chemistry_(LibreTexts)/29%3A_Chemical_Kinetics_II-_Reaction_Mechanisms/29.09%3A_The_Michaelis-Menten_Mechanism_for_Enzyme_Catalysis,Physical & Theoretical,0.59,0.6,901,1
29: Chemical Kinetics II- Reaction Mechanisms,29.E: Chemical Kinetics II- Reaction Mechanisms (Exercises),https://chem.libretexts.org/Bookshelves/Physical_and_Theoretical_Chemistry_Textbook_Maps/Physical_Chemistry_(LibreTexts)/29%3A_Chemical_Kinetics_II-_Reaction_Mechanisms/29.E%3A_Chemical_Kinetics_II-_Reaction_Mechanisms_(Exercises),Physical & Theoretical,0.59,0.6,138,0
30: Gas-Phase Reaction Dynamics,30.1: The Rate of Bimolecular Gas-Phase Reaction Can Be Estimated Using Hard-Sphere Collision Theory and an Energy-Dependent Reaction Cross Section,https://chem.libretexts.org/Bookshelves/Physical_and_Theoretical_Chemistry_Textbook_Maps/Physical_Chemistry_(LibreTexts)/30%3A_Gas-Phase_Reaction_Dynamics/30.01%3A_The_Rate_of_Bimolecular_Gas-Phase_Reaction_Can_Be_Estimated_Using_Hard-Sphere_Collision_Theory_and_an_Energy-Dependent_Reaction_Cross_Section,Physical & Theoretical,0.59,0.6,856,0
30: Gas-Phase Reaction Dynamics,30.2: A Reaction Cross Section Depends Upon the Impact Parameter,https://chem.libretexts.org/Bookshelves/Physical_and_Theoretical_Chemistry_Textbook_Maps/Physical_Chemistry_(LibreTexts)/30%3A_Gas-Phase_Reaction_Dynamics/30.02%3A_A_Reaction_Cross_Section_Depends_Upon_the_Impact_Parameter,Physical & Theoretical,0.59,0.6,624,2
30: Gas-Phase Reaction Dynamics,30.3: The Rate Constant for a Gas-Phase Chemical Reaction May Depend on the Orientations of the Colliding Molecules,https://chem.libretexts.org/Bookshelves/Physical_and_Theoretical_Chemistry_Textbook_Maps/Physical_Chemistry_(LibreTexts)/30%3A_Gas-Phase_Reaction_Dynamics/30.03%3A_The_Rate_Constant_for_a_Gas-Phase_Chemical_Reaction_May_Depend_on_the_Orientations_of_the_Colliding_Molecules,Physical & Theoretical,0.59,0.6,273,1
30: Gas-Phase Reaction Dynamics,30.4: The Internal Energy of the Reactants Can Affect the Cross Section of a Reaction,https://chem.libretexts.org/Bookshelves/Physical_and_Theoretical_Chemistry_Textbook_Maps/Physical_Chemistry_(LibreTexts)/30%3A_Gas-Phase_Reaction_Dynamics/30.04%3A_The_Internal_Energy_of_the_Reactants_Can_Affect_the_Cross_Section_of_a_Reaction,Physical & Theoretical,0.59,0.6,304,0
30: Gas-Phase Reaction Dynamics,30.5: A Reactive Collision Can Be Described in a Center-of-Mass Coordinate System,https://chem.libretexts.org/Bookshelves/Physical_and_Theoretical_Chemistry_Textbook_Maps/Physical_Chemistry_(LibreTexts)/30%3A_Gas-Phase_Reaction_Dynamics/30.05%3A_A_Reactive_Collision_Can_Be_Described_in_a_Center-of-Mass_Coordinate_System,Physical & Theoretical,0.59,0.6,854,1
30: Gas-Phase Reaction Dynamics,30.6: Reactive Collisions Can be Studied Using Crossed Molecular Beam Machines,https://chem.libretexts.org/Bookshelves/Physical_and_Theoretical_Chemistry_Textbook_Maps/Physical_Chemistry_(LibreTexts)/30%3A_Gas-Phase_Reaction_Dynamics/30.06%3A_Reactive_Collisions_Can_be_Studied_Using_Crossed_Molecular_Beam_Machines,Physical & Theoretical,0.59,0.6,718,2
30: Gas-Phase Reaction Dynamics,30.7: Reactions Can Produce Vibrationally Excited Molecules,https://chem.libretexts.org/Bookshelves/Physical_and_Theoretical_Chemistry_Textbook_Maps/Physical_Chemistry_(LibreTexts)/30%3A_Gas-Phase_Reaction_Dynamics/30.07%3A_Reactions_Can_Produce_Vibrationally_Excited_Molecules,Physical & Theoretical,0.59,0.6,626,1
30: Gas-Phase Reaction Dynamics,30.8: The Velocity and Angular Distribution of the Products of a Reactive Collision,https://chem.libretexts.org/Bookshelves/Physical_and_Theoretical_Chemistry_Textbook_Maps/Physical_Chemistry_(LibreTexts)/30%3A_Gas-Phase_Reaction_Dynamics/30.08%3A_The_Velocity_and_Angular_Distribution_of_the_Products_of_a_Reactive_Collision,Physical & Theoretical,0.59,0.6,920,1
30: Gas-Phase Reaction Dynamics,30.9: Not All Gas-Phase Chemical Reactions are Rebound Reactions,https://chem.libretexts.org/Bookshelves/Physical_and_Theoretical_Chemistry_Textbook_Maps/Physical_Chemistry_(LibreTexts)/30%3A_Gas-Phase_Reaction_Dynamics/30.09%3A_Not_All_Gas-Phase_Chemical_Reactions_are_Rebound_Reactions,Physical & Theoretical,0.59,0.6,467,0
30: Gas-Phase Reaction Dynamics,30.10: The Potential-Energy Surface Can Be Calculated Using Quantum Mechanics,https://chem.libretexts.org/Bookshelves/Physical_and_Theoretical_Chemistry_Textbook_Maps/Physical_Chemistry_(LibreTexts)/30%3A_Gas-Phase_Reaction_Dynamics/30.10%3A_The_Potential-Energy_Surface_Can_Be_Calculated_Using_Quantum_Mechanics,Physical & Theoretical,0.59,0.6,2370,10
30: Gas-Phase Reaction Dynamics,30.E: Gas-Phase Reaction Dynamics (Exercises),https://chem.libretexts.org/Bookshelves/Physical_and_Theoretical_Chemistry_Textbook_Maps/Physical_Chemistry_(LibreTexts)/30%3A_Gas-Phase_Reaction_Dynamics/30.E%3A_Gas-Phase_Reaction_Dynamics_(Exercises),Physical & Theoretical,0.59,0.6,137,0
31: Solids and Surface Chemistry,31.1: The Unit Cell is the Fundamental Building Block of a Crystal,https://chem.libretexts.org/Bookshelves/Physical_and_Theoretical_Chemistry_Textbook_Maps/Physical_Chemistry_(LibreTexts)/31%3A_Solids_and_Surface_Chemistry/31.01%3A_The_Unit_Cell_is_the_Fundamental_Building_Block_of_a_Crystal,Physical & Theoretical,0.59,0.6,1850,11
31: Solids and Surface Chemistry,31.2: The Orientation of a Lattice Plane is Described by its Miller Indices,https://chem.libretexts.org/Bookshelves/Physical_and_Theoretical_Chemistry_Textbook_Maps/Physical_Chemistry_(LibreTexts)/31%3A_Solids_and_Surface_Chemistry/31.02%3A_The_Orientation_of_a_Lattice_Plane_is_Described_by_its_Miller_Indices,Physical & Theoretical,0.59,0.6,935,6
31: Solids and Surface Chemistry,31.3: The Spacing Between Lattice Planes Can Be Determined from X-Ray Diffraction Measurements,https://chem.libretexts.org/Bookshelves/Physical_and_Theoretical_Chemistry_Textbook_Maps/Physical_Chemistry_(LibreTexts)/31%3A_Solids_and_Surface_Chemistry/31.03%3A_The_Spacing_Between_Lattice_Planes_Can_Be_Determined_from_X-Ray_Diffraction_Measurements,Physical & Theoretical,0.59,0.6,1836,6
31: Solids and Surface Chemistry,31.4: The Total Scattering Intensity is Related to the Periodic Structure of the Electron Density in the Crystal,https://chem.libretexts.org/Bookshelves/Physical_and_Theoretical_Chemistry_Textbook_Maps/Physical_Chemistry_(LibreTexts)/31%3A_Solids_and_Surface_Chemistry/31.04%3A_The_Total_Scattering_Intensity_is_Related_to_the_Periodic_Structure_of_the_Electron_Density_in_the_Crystal,Physical & Theoretical,0.59,0.6,1876,2
31: Solids and Surface Chemistry,31.5: The Structure Factor and the Electron Density Are Related by a Fourier Transform,https://chem.libretexts.org/Bookshelves/Physical_and_Theoretical_Chemistry_Textbook_Maps/Physical_Chemistry_(LibreTexts)/31%3A_Solids_and_Surface_Chemistry/31.05%3A_The_Structure_Factor_and_the_Electron_Density_Are_Related_by_a_Fourier_Transform,Physical & Theoretical,0.59,0.6,661,2
31: Solids and Surface Chemistry,31.6: Atoms and Molecules can Physisorb or Chemisorb to a Surface,https://chem.libretexts.org/Bookshelves/Physical_and_Theoretical_Chemistry_Textbook_Maps/Physical_Chemistry_(LibreTexts)/31%3A_Solids_and_Surface_Chemistry/31.06%3A_Atoms_and_Molecules_can_Physisorb_or_Chemisorb_to_a_Surface,Physical & Theoretical,0.59,0.6,1645,18
31: Solids and Surface Chemistry,31.7: Isotherms are Plots of Surface Coverage as a Function of Gas Pressure at Constant Temperature,https://chem.libretexts.org/Bookshelves/Physical_and_Theoretical_Chemistry_Textbook_Maps/Physical_Chemistry_(LibreTexts)/31%3A_Solids_and_Surface_Chemistry/31.07%3A_Isotherms_are_Plots_of_Surface_Coverage_as_a_Function_of_Gas_Pressure_at_Constant_Temperature,Physical & Theoretical,0.59,0.6,1242,2
31: Solids and Surface Chemistry,31.8: Using Langmuir Isotherms to Derive Rate Laws for Surface-Catalyzed Gas-Phase Reactions,https://chem.libretexts.org/Bookshelves/Physical_and_Theoretical_Chemistry_Textbook_Maps/Physical_Chemistry_(LibreTexts)/31%3A_Solids_and_Surface_Chemistry/31.08%3A_Using_Langmuir_Isotherms_to_Derive_Rate_Laws_for_Surface-Catalyzed_Gas-Phase_Reactions,Physical & Theoretical,0.59,0.6,1207,1
31: Solids and Surface Chemistry,31.9: The Structure of a Surface is Different from that of a Bulk Solid,https://chem.libretexts.org/Bookshelves/Physical_and_Theoretical_Chemistry_Textbook_Maps/Physical_Chemistry_(LibreTexts)/31%3A_Solids_and_Surface_Chemistry/31.09%3A_The_Structure_of_a_Surface_is_Different_from_that_of_a_Bulk_Solid,Physical & Theoretical,0.59,0.6,813,3
31: Solids and Surface Chemistry,31.10: The Haber-Bosch Reaction Can Be Surface Catalyzed,https://chem.libretexts.org/Bookshelves/Physical_and_Theoretical_Chemistry_Textbook_Maps/Physical_Chemistry_(LibreTexts)/31%3A_Solids_and_Surface_Chemistry/31.10%3A_The_Haber-Bosch_Reaction_Can_Be_Surface_Catalyzed,Physical & Theoretical,0.59,0.6,1102,5
32: Math Chapters,32.1: Complex Numbers,https://chem.libretexts.org/Bookshelves/Physical_and_Theoretical_Chemistry_Textbook_Maps/Physical_Chemistry_(LibreTexts)/32%3A_Math_Chapters/32.01%3A_Complex_Numbers,Physical & Theoretical,0.59,0.6,1845,8
32: Math Chapters,32.2: Probability and Statistics,https://chem.libretexts.org/Bookshelves/Physical_and_Theoretical_Chemistry_Textbook_Maps/Physical_Chemistry_(LibreTexts)/32%3A_Math_Chapters/32.02%3A_Probability_and_Statistics,Physical & Theoretical,0.59,0.6,1181,1
32: Math Chapters,32.3: Partial Differentiation,https://chem.libretexts.org/Bookshelves/Physical_and_Theoretical_Chemistry_Textbook_Maps/Physical_Chemistry_(LibreTexts)/32%3A_Math_Chapters/32.03%3A_Partial_Differentiation,Physical & Theoretical,0.59,0.6,998,0
32: Math Chapters,32.4: Numerical Methods,https://chem.libretexts.org/Bookshelves/Physical_and_Theoretical_Chemistry_Textbook_Maps/Physical_Chemistry_(LibreTexts)/32%3A_Math_Chapters/32.04%3A_Numerical_Methods,Physical & Theoretical,0.59,0.6,134,0
32: Math Chapters,32.5: Vectors,https://chem.libretexts.org/Bookshelves/Physical_and_Theoretical_Chemistry_Textbook_Maps/Physical_Chemistry_(LibreTexts)/32%3A_Math_Chapters/32.05%3A_Vectors,Physical & Theoretical,0.59,0.6,1368,4
32: Math Chapters,32.6: Spherical Coordinates,https://chem.libretexts.org/Bookshelves/Physical_and_Theoretical_Chemistry_Textbook_Maps/Physical_Chemistry_(LibreTexts)/32%3A_Math_Chapters/32.06%3A_Spherical_Coordinates,Physical & Theoretical,0.59,0.6,1734,8
32: Math Chapters,32.7: Determinants,https://chem.libretexts.org/Bookshelves/Physical_and_Theoretical_Chemistry_Textbook_Maps/Physical_Chemistry_(LibreTexts)/32%3A_Math_Chapters/32.07%3A_Determinants,Physical & Theoretical,0.59,0.6,915,0
32: Math Chapters,32.8: Matrices,https://chem.libretexts.org/Bookshelves/Physical_and_Theoretical_Chemistry_Textbook_Maps/Physical_Chemistry_(LibreTexts)/32%3A_Math_Chapters/32.08%3A_Matrices,Physical & Theoretical,0.59,0.6,2330,1
32: Math Chapters,32.9: Series and Limits,https://chem.libretexts.org/Bookshelves/Physical_and_Theoretical_Chemistry_Textbook_Maps/Physical_Chemistry_(LibreTexts)/32%3A_Math_Chapters/32.09%3A_Series_and_Limits,Physical & Theoretical,0.59,0.6,3958,7
32: Math Chapters,32.10: Fourier Analysis,https://chem.libretexts.org/Bookshelves/Physical_and_Theoretical_Chemistry_Textbook_Maps/Physical_Chemistry_(LibreTexts)/32%3A_Math_Chapters/32.10%3A_Fourier_Analysis,Physical & Theoretical,0.59,0.6,717,1
32: Math Chapters,32.11: The Binomial Distribution and Stirling's Appromixation,https://chem.libretexts.org/Bookshelves/Physical_and_Theoretical_Chemistry_Textbook_Maps/Physical_Chemistry_(LibreTexts)/32%3A_Math_Chapters/32.11%3A_The_Binomial_Distribution_and_Stirling's_Appromixation,Physical & Theoretical,0.59,0.6,555,1
1: Introduction to Inorganic Chemistry,1.1: What is Inorganic Chemistry?,https://chem.libretexts.org/Bookshelves/Inorganic_Chemistry/Inorganic_Chemistry_(LibreTexts)/01%3A_Introduction_to_Inorganic_Chemistry/1.01%3A_What_is_Inorganic_Chemistry,Inorganic,0.5733333333333334,0.5666666666666667,481,2
1: Introduction to Inorganic Chemistry,1.2: Inorganic vs Organic Chemistry,https://chem.libretexts.org/Bookshelves/Inorganic_Chemistry/Inorganic_Chemistry_(LibreTexts)/01%3A_Introduction_to_Inorganic_Chemistry/1.02%3A_Inorganic_vs_Organic_Chemistry,Inorganic,0.5733333333333334,0.5666666666666667,468,3
1: Introduction to Inorganic Chemistry,1.3: History of Inorganic Chemistry,https://chem.libretexts.org/Bookshelves/Inorganic_Chemistry/Inorganic_Chemistry_(LibreTexts)/01%3A_Introduction_to_Inorganic_Chemistry/1.03%3A_History_of_Inorganic_Chemistry,Inorganic,0.5733333333333334,0.5666666666666667,951,2
1: Introduction to Inorganic Chemistry,1.4: Perspectives,https://chem.libretexts.org/Bookshelves/Inorganic_Chemistry/Inorganic_Chemistry_(LibreTexts)/01%3A_Introduction_to_Inorganic_Chemistry/1.04%3A_Perspectives,Inorganic,0.5733333333333334,0.5666666666666667,292,1
2: Atomic Structure,2.1: Historical Development of Atomic Theory,https://chem.libretexts.org/Bookshelves/Inorganic_Chemistry/Inorganic_Chemistry_(LibreTexts)/02%3A_Atomic_Structure/2.01%3A_Historical_Development_of_Atomic_Theory,Inorganic,0.5733333333333334,0.5666666666666667,3684,11
2: Atomic Structure,"2.2: The Schrödinger equation, particle in a box, and atomic wavefunctions",https://chem.libretexts.org/Bookshelves/Inorganic_Chemistry/Inorganic_Chemistry_(LibreTexts)/02%3A_Atomic_Structure/2.02%3A_The_Schrodinger_equation_particle_in_a_box_and_atomic_wavefunctions,Inorganic,0.5733333333333334,0.5666666666666667,1006,1
2: Atomic Structure,2.3: Periodic Properties of Atoms,https://chem.libretexts.org/Bookshelves/Inorganic_Chemistry/Inorganic_Chemistry_(LibreTexts)/02%3A_Atomic_Structure/2.03%3A_Periodic_Properties_of_Atoms,Inorganic,0.5733333333333334,0.5666666666666667,320,1
3: Simple Bonding Theory,3.1: Lewis Electron-Dot Diagrams,https://chem.libretexts.org/Bookshelves/Inorganic_Chemistry/Inorganic_Chemistry_(LibreTexts)/03%3A_Simple_Bonding_Theory/3.01%3A_Lewis_Electron-Dot_Diagrams,Inorganic,0.5733333333333334,0.5666666666666667,906,4
3: Simple Bonding Theory,3.2: Valence Shell Electron-Pair Repulsion,https://chem.libretexts.org/Bookshelves/Inorganic_Chemistry/Inorganic_Chemistry_(LibreTexts)/03%3A_Simple_Bonding_Theory/3.02%3A_Valence_Shell_Electron-Pair_Repulsion,Inorganic,0.5733333333333334,0.5666666666666667,1393,26
3: Simple Bonding Theory,3.3: Molecular Polarity,https://chem.libretexts.org/Bookshelves/Inorganic_Chemistry/Inorganic_Chemistry_(LibreTexts)/03%3A_Simple_Bonding_Theory/3.03%3A_Molecular_Polarity,Inorganic,0.5733333333333334,0.5666666666666667,1399,7
3: Simple Bonding Theory,3.4: Hydrogen Bonding,https://chem.libretexts.org/Bookshelves/Inorganic_Chemistry/Inorganic_Chemistry_(LibreTexts)/03%3A_Simple_Bonding_Theory/3.04%3A_Hydrogen_Bonding,Inorganic,0.5733333333333334,0.5666666666666667,2260,16
4: Symmetry and Group Theory,4.1: Symmetry Elements and Operations,https://chem.libretexts.org/Bookshelves/Inorganic_Chemistry/Inorganic_Chemistry_(LibreTexts)/04%3A_Symmetry_and_Group_Theory/4.01%3A_Symmetry_Elements_and_Operations,Inorganic,0.5733333333333334,0.5666666666666667,530,2
4: Symmetry and Group Theory,4.2: Point Groups,https://chem.libretexts.org/Bookshelves/Inorganic_Chemistry/Inorganic_Chemistry_(LibreTexts)/04%3A_Symmetry_and_Group_Theory/4.02%3A_Point_Groups,Inorganic,0.5733333333333334,0.5666666666666667,273,2
4: Symmetry and Group Theory,4.3: Properties and Representations of Groups,https://chem.libretexts.org/Bookshelves/Inorganic_Chemistry/Inorganic_Chemistry_(LibreTexts)/04%3A_Symmetry_and_Group_Theory/4.03%3A_Properties_and_Representations_of_Groups,Inorganic,0.5733333333333334,0.5666666666666667,634,3
4: Symmetry and Group Theory,4.4: Examples and Applications of Symmetry,https://chem.libretexts.org/Bookshelves/Inorganic_Chemistry/Inorganic_Chemistry_(LibreTexts)/04%3A_Symmetry_and_Group_Theory/4.04%3A_Examples_and_Applications_of_Symmetry,Inorganic,0.5733333333333334,0.5666666666666667,267,1
5: Molecular Orbitals,5.1: Formation of Molecular Orbitals from Atomic Orbitals,https://chem.libretexts.org/Bookshelves/Inorganic_Chemistry/Inorganic_Chemistry_(LibreTexts)/05%3A_Molecular_Orbitals/5.01%3A_Formation_of_Molecular_Orbitals_from_Atomic_Orbitals,Inorganic,0.5733333333333334,0.5666666666666667,302,1
5: Molecular Orbitals,5.2: Homonuclear Diatomic Molecules,https://chem.libretexts.org/Bookshelves/Inorganic_Chemistry/Inorganic_Chemistry_(LibreTexts)/05%3A_Molecular_Orbitals/5.02%3A_Homonuclear_Diatomic_Molecules,Inorganic,0.5733333333333334,0.5666666666666667,308,1
5: Molecular Orbitals,5.3: Heteronuclear Diatomic Molecules,https://chem.libretexts.org/Bookshelves/Inorganic_Chemistry/Inorganic_Chemistry_(LibreTexts)/05%3A_Molecular_Orbitals/5.03%3A_Heteronuclear_Diatomic_Molecules,Inorganic,0.5733333333333334,0.5666666666666667,442,1
5: Molecular Orbitals,5.4: Larger (Polyatomic) Molecules,https://chem.libretexts.org/Bookshelves/Inorganic_Chemistry/Inorganic_Chemistry_(LibreTexts)/05%3A_Molecular_Orbitals/5.04%3A_Larger_(Polyatomic)_Molecules,Inorganic,0.5733333333333334,0.5666666666666667,652,1
6: Acid-Base and Donor-Acceptor Chemistry,6.1: Acid-Base Models as Organizing Concepts,https://chem.libretexts.org/Bookshelves/Inorganic_Chemistry/Inorganic_Chemistry_(LibreTexts)/06%3A_Acid-Base_and_Donor-Acceptor_Chemistry/6.01%3A_Acid-Base_Models_as_Organizing_Concepts,Inorganic,0.5733333333333334,0.5666666666666667,475,2
6: Acid-Base and Donor-Acceptor Chemistry,6.2: Arrhenius Concept,https://chem.libretexts.org/Bookshelves/Inorganic_Chemistry/Inorganic_Chemistry_(LibreTexts)/06%3A_Acid-Base_and_Donor-Acceptor_Chemistry/6.02%3A_Arrhenius_Concept,Inorganic,0.5733333333333334,0.5666666666666667,829,1
6: Acid-Base and Donor-Acceptor Chemistry,6.3: Brønsted-Lowry Concept,https://chem.libretexts.org/Bookshelves/Inorganic_Chemistry/Inorganic_Chemistry_(LibreTexts)/06%3A_Acid-Base_and_Donor-Acceptor_Chemistry/6.03%3A_Brnsted-Lowry_Concept,Inorganic,0.5733333333333334,0.5666666666666667,816,1
6: Acid-Base and Donor-Acceptor Chemistry,6.4: Lewis Concept and Frontier Orbitals,https://chem.libretexts.org/Bookshelves/Inorganic_Chemistry/Inorganic_Chemistry_(LibreTexts)/06%3A_Acid-Base_and_Donor-Acceptor_Chemistry/6.04%3A_Lewis_Concept_and_Frontier_Orbitals,Inorganic,0.5733333333333334,0.5666666666666667,1536,9
6: Acid-Base and Donor-Acceptor Chemistry,6.5: Intermolecular Forces,https://chem.libretexts.org/Bookshelves/Inorganic_Chemistry/Inorganic_Chemistry_(LibreTexts)/06%3A_Acid-Base_and_Donor-Acceptor_Chemistry/6.05%3A_Intermolecular_Forces,Inorganic,0.5733333333333334,0.5666666666666667,204,1
6: Acid-Base and Donor-Acceptor Chemistry,6.6: Hard and Soft Acids and Bases,https://chem.libretexts.org/Bookshelves/Inorganic_Chemistry/Inorganic_Chemistry_(LibreTexts)/06%3A_Acid-Base_and_Donor-Acceptor_Chemistry/6.06%3A_Hard_and_Soft_Acids_and_Bases,Inorganic,0.5733333333333334,0.5666666666666667,615,2
7: The Crystalline Solid State,7.1: Molecular Orbitals and Band Structure,https://chem.libretexts.org/Bookshelves/Inorganic_Chemistry/Inorganic_Chemistry_(LibreTexts)/07%3A_The_Crystalline_Solid_State/7.01%3A_Molecular_Orbitals_and_Band_Structure,Inorganic,0.5733333333333334,0.5666666666666667,615,1
7: The Crystalline Solid State,7.2: Formulas and Structures of Solids,https://chem.libretexts.org/Bookshelves/Inorganic_Chemistry/Inorganic_Chemistry_(LibreTexts)/07%3A_The_Crystalline_Solid_State/7.02%3A_Formulas_and_Structures_of_Solids,Inorganic,0.5733333333333334,0.5666666666666667,204,3
7: The Crystalline Solid State,7.3: Superconductivity,https://chem.libretexts.org/Bookshelves/Inorganic_Chemistry/Inorganic_Chemistry_(LibreTexts)/07%3A_The_Crystalline_Solid_State/7.03%3A_Superconductivity,Inorganic,0.5733333333333334,0.5666666666666667,204,3
7: The Crystalline Solid State,7.4: Bonding in Ionic Crystals,https://chem.libretexts.org/Bookshelves/Inorganic_Chemistry/Inorganic_Chemistry_(LibreTexts)/07%3A_The_Crystalline_Solid_State/7.04%3A_Bonding_in_Ionic_Crystals,Inorganic,0.5733333333333334,0.5666666666666667,204,3
7: The Crystalline Solid State,7.5: Imperfections in Solids,https://chem.libretexts.org/Bookshelves/Inorganic_Chemistry/Inorganic_Chemistry_(LibreTexts)/07%3A_The_Crystalline_Solid_State/7.05%3A_Imperfections_in_Solids,Inorganic,0.5733333333333334,0.5666666666666667,204,3
7: The Crystalline Solid State,7.6: Silicates,https://chem.libretexts.org/Bookshelves/Inorganic_Chemistry/Inorganic_Chemistry_(LibreTexts)/07%3A_The_Crystalline_Solid_State/7.06%3A_Silicates,Inorganic,0.5733333333333334,0.5666666666666667,204,3
7: The Crystalline Solid State,7.7: Thermodynamics of Ionic Crystal Formation,https://chem.libretexts.org/Bookshelves/Inorganic_Chemistry/Inorganic_Chemistry_(LibreTexts)/07%3A_The_Crystalline_Solid_State/7.07%3A_Thermodynamics_of_Ionic_Crystal_Formation,Inorganic,0.5733333333333334,0.5666666666666667,408,1
8: Chemistry of the Main Group Elements,8.1: General Trends in Main Group Chemistry,https://chem.libretexts.org/Bookshelves/Inorganic_Chemistry/Inorganic_Chemistry_(LibreTexts)/08%3A_Chemistry_of_the_Main_Group_Elements/8.01%3A_General_Trends_in_Main_Group_Chemistry,Inorganic,0.5733333333333334,0.5666666666666667,197,1
8: Chemistry of the Main Group Elements,8.2: What are the main group elements and why should anyone care about them?,https://chem.libretexts.org/Bookshelves/Inorganic_Chemistry/Inorganic_Chemistry_(LibreTexts)/08%3A_Chemistry_of_the_Main_Group_Elements/8.02%3A_What_are_the_main_group_elements_and_why_should_anyone_care_about_them,Inorganic,0.5733333333333334,0.5666666666666667,497,4
8: Chemistry of the Main Group Elements,"8.3: Group 1, The Alkali Metals",https://chem.libretexts.org/Bookshelves/Inorganic_Chemistry/Inorganic_Chemistry_(LibreTexts)/08%3A_Chemistry_of_the_Main_Group_Elements/8.03%3A_Group_1_The_Alkali_Metals,Inorganic,0.5733333333333334,0.5666666666666667,812,4
8: Chemistry of the Main Group Elements,8.4: Hydrogen,https://chem.libretexts.org/Bookshelves/Inorganic_Chemistry/Inorganic_Chemistry_(LibreTexts)/08%3A_Chemistry_of_the_Main_Group_Elements/8.04%3A_Hydrogen,Inorganic,0.5733333333333334,0.5666666666666667,178,1
8: Chemistry of the Main Group Elements,"8.5: Group 2, The Alkaline Earth Metals",https://chem.libretexts.org/Bookshelves/Inorganic_Chemistry/Inorganic_Chemistry_(LibreTexts)/08%3A_Chemistry_of_the_Main_Group_Elements/8.05%3A_Group_2_The_Alkaline_Earth_Metals,Inorganic,0.5733333333333334,0.5666666666666667,169,2
8: Chemistry of the Main Group Elements,8.6: Group 13 (and a note on the post-transition metals),https://chem.libretexts.org/Bookshelves/Inorganic_Chemistry/Inorganic_Chemistry_(LibreTexts)/08%3A_Chemistry_of_the_Main_Group_Elements/8.06%3A_Group_13_(and_a_note_on_the_post-transition_metals),Inorganic,0.5733333333333334,0.5666666666666667,486,3
8: Chemistry of the Main Group Elements,8.7: Group 14,https://chem.libretexts.org/Bookshelves/Inorganic_Chemistry/Inorganic_Chemistry_(LibreTexts)/08%3A_Chemistry_of_the_Main_Group_Elements/8.07%3A_Group_14,Inorganic,0.5733333333333334,0.5666666666666667,167,2
8: Chemistry of the Main Group Elements,8.8: Group 15,https://chem.libretexts.org/Bookshelves/Inorganic_Chemistry/Inorganic_Chemistry_(LibreTexts)/08%3A_Chemistry_of_the_Main_Group_Elements/8.08%3A_Group_15,Inorganic,0.5733333333333334,0.5666666666666667,204,3
8: Chemistry of the Main Group Elements,8.9: The Nitrogen Family,https://chem.libretexts.org/Bookshelves/Inorganic_Chemistry/Inorganic_Chemistry_(LibreTexts)/08%3A_Chemistry_of_the_Main_Group_Elements/8.09%3A_The_Nitrogen_Family,Inorganic,0.5733333333333334,0.5666666666666667,677,1
8: Chemistry of the Main Group Elements,8.10: Group 16,https://chem.libretexts.org/Bookshelves/Inorganic_Chemistry/Inorganic_Chemistry_(LibreTexts)/08%3A_Chemistry_of_the_Main_Group_Elements/8.10%3A_Group_16,Inorganic,0.5733333333333334,0.5666666666666667,204,3
8: Chemistry of the Main Group Elements,8.11: The Oxygen Family (The Chalcogens),https://chem.libretexts.org/Bookshelves/Inorganic_Chemistry/Inorganic_Chemistry_(LibreTexts)/08%3A_Chemistry_of_the_Main_Group_Elements/8.11%3A_The_Oxygen_Family_(The_Chalcogens),Inorganic,0.5733333333333334,0.5666666666666667,700,1
8: Chemistry of the Main Group Elements,8.12: Group 17 (The Halogens),https://chem.libretexts.org/Bookshelves/Inorganic_Chemistry/Inorganic_Chemistry_(LibreTexts)/08%3A_Chemistry_of_the_Main_Group_Elements/8.12%3A_Group_17_(The_Halogens),Inorganic,0.5733333333333334,0.5666666666666667,204,3
8: Chemistry of the Main Group Elements,8.13: The Halogens,https://chem.libretexts.org/Bookshelves/Inorganic_Chemistry/Inorganic_Chemistry_(LibreTexts)/08%3A_Chemistry_of_the_Main_Group_Elements/8.13%3A_The_Halogens,Inorganic,0.5733333333333334,0.5666666666666667,794,1
8: Chemistry of the Main Group Elements,8.14: The Noble Gases,https://chem.libretexts.org/Bookshelves/Inorganic_Chemistry/Inorganic_Chemistry_(LibreTexts)/08%3A_Chemistry_of_the_Main_Group_Elements/8.14%3A_The_Noble_Gases,Inorganic,0.5733333333333334,0.5666666666666667,702,1
9: Coordination Chemistry I - Structure and Isomers,9.1: Prelude to Coordination Chemistry I - Structure and Isomers,https://chem.libretexts.org/Bookshelves/Inorganic_Chemistry/Inorganic_Chemistry_(LibreTexts)/09%3A_Coordination_Chemistry_I_-_Structure_and_Isomers/9.01%3A_Prelude_to_Coordination_Chemistry_I_-_Structure_and_Isomers,Inorganic,0.5733333333333334,0.5666666666666667,386,4
9: Coordination Chemistry I - Structure and Isomers,9.2: History,https://chem.libretexts.org/Bookshelves/Inorganic_Chemistry/Inorganic_Chemistry_(LibreTexts)/09%3A_Coordination_Chemistry_I_-_Structure_and_Isomers/9.02%3A_History,Inorganic,0.5733333333333334,0.5666666666666667,2052,13
9: Coordination Chemistry I - Structure and Isomers,9.3: Nomenclature and Ligands,https://chem.libretexts.org/Bookshelves/Inorganic_Chemistry/Inorganic_Chemistry_(LibreTexts)/09%3A_Coordination_Chemistry_I_-_Structure_and_Isomers/9.03%3A_Nomenclature_and_Ligands,Inorganic,0.5733333333333334,0.5666666666666667,4322,96
9: Coordination Chemistry I - Structure and Isomers,9.4: Isomerism,https://chem.libretexts.org/Bookshelves/Inorganic_Chemistry/Inorganic_Chemistry_(LibreTexts)/09%3A_Coordination_Chemistry_I_-_Structure_and_Isomers/9.04%3A_Isomerism,Inorganic,0.5733333333333334,0.5666666666666667,6132,69
9: Coordination Chemistry I - Structure and Isomers,9.5: Coordination Numbers and Structures,https://chem.libretexts.org/Bookshelves/Inorganic_Chemistry/Inorganic_Chemistry_(LibreTexts)/09%3A_Coordination_Chemistry_I_-_Structure_and_Isomers/9.05%3A_Coordination_Numbers_and_Structures,Inorganic,0.5733333333333334,0.5666666666666667,2549,35
9: Coordination Chemistry I - Structure and Isomers,9.6: Coordination Frameworks,https://chem.libretexts.org/Bookshelves/Inorganic_Chemistry/Inorganic_Chemistry_(LibreTexts)/09%3A_Coordination_Chemistry_I_-_Structure_and_Isomers/9.06%3A_Coordination_Frameworks,Inorganic,0.5733333333333334,0.5666666666666667,1355,13
10: Coordination Chemistry II - Bonding,10.1: Evidence for Electronic Structures,https://chem.libretexts.org/Bookshelves/Inorganic_Chemistry/Inorganic_Chemistry_(LibreTexts)/10%3A_Coordination_Chemistry_II_-_Bonding/10.01%3A_Evidence_for_Electronic_Structures,Inorganic,0.5733333333333334,0.5666666666666667,733,4
10: Coordination Chemistry II - Bonding,10.2: Bonding Theories,https://chem.libretexts.org/Bookshelves/Inorganic_Chemistry/Inorganic_Chemistry_(LibreTexts)/10%3A_Coordination_Chemistry_II_-_Bonding/10.02%3A_Bonding_Theories,Inorganic,0.5733333333333334,0.5666666666666667,530,1
10: Coordination Chemistry II - Bonding,10.3: Ligand Field Theory,https://chem.libretexts.org/Bookshelves/Inorganic_Chemistry/Inorganic_Chemistry_(LibreTexts)/10%3A_Coordination_Chemistry_II_-_Bonding/10.03%3A_Ligand_Field_Theory,Inorganic,0.5733333333333334,0.5666666666666667,282,1
10: Coordination Chemistry II - Bonding,10.4: Angular Overlap,https://chem.libretexts.org/Bookshelves/Inorganic_Chemistry/Inorganic_Chemistry_(LibreTexts)/10%3A_Coordination_Chemistry_II_-_Bonding/10.04%3A_Angular_Overlap,Inorganic,0.5733333333333334,0.5666666666666667,605,4
10: Coordination Chemistry II - Bonding,10.5: The Jahn-Teller Effect,https://chem.libretexts.org/Bookshelves/Inorganic_Chemistry/Inorganic_Chemistry_(LibreTexts)/10%3A_Coordination_Chemistry_II_-_Bonding/10.05%3A_The_Jahn-Teller_Effect,Inorganic,0.5733333333333334,0.5666666666666667,905,8
10: Coordination Chemistry II - Bonding,10.6: Four- and Six-Coordinate Preferences,https://chem.libretexts.org/Bookshelves/Inorganic_Chemistry/Inorganic_Chemistry_(LibreTexts)/10%3A_Coordination_Chemistry_II_-_Bonding/10.06%3A_Four-_and_Six-Coordinate_Preferences,Inorganic,0.5733333333333334,0.5666666666666667,921,4
10: Coordination Chemistry II - Bonding,10.7: Other Shapes,https://chem.libretexts.org/Bookshelves/Inorganic_Chemistry/Inorganic_Chemistry_(LibreTexts)/10%3A_Coordination_Chemistry_II_-_Bonding/10.07%3A_Other_Shapes,Inorganic,0.5733333333333334,0.5666666666666667,763,3
11: Coordination Chemistry III - Electronic Spectra,11.1: Absorption of Light,https://chem.libretexts.org/Bookshelves/Inorganic_Chemistry/Inorganic_Chemistry_(LibreTexts)/11%3A_Coordination_Chemistry_III_-_Electronic_Spectra/11.01%3A_Absorption_of_Light,Inorganic,0.5733333333333334,0.5666666666666667,650,3
11: Coordination Chemistry III - Electronic Spectra,11.2: Quantum Numbers of Multielectron Atoms,https://chem.libretexts.org/Bookshelves/Inorganic_Chemistry/Inorganic_Chemistry_(LibreTexts)/11%3A_Coordination_Chemistry_III_-_Electronic_Spectra/11.02%3A_Quantum_Numbers_of_Multielectron_Atoms,Inorganic,0.5733333333333334,0.5666666666666667,2483,4
11: Coordination Chemistry III - Electronic Spectra,11.3: Electronic Spectra of Coordination Compounds,https://chem.libretexts.org/Bookshelves/Inorganic_Chemistry/Inorganic_Chemistry_(LibreTexts)/11%3A_Coordination_Chemistry_III_-_Electronic_Spectra/11.03%3A_Electronic_Spectra_of_Coordination_Compounds,Inorganic,0.5733333333333334,0.5666666666666667,172,2
12: Coordination Chemistry IV - Reactions and Mechanisms,12.1: Introduction to Reactions of Metal Complexes,https://chem.libretexts.org/Bookshelves/Inorganic_Chemistry/Inorganic_Chemistry_(LibreTexts)/12%3A_Coordination_Chemistry_IV_-_Reactions_and_Mechanisms/12.01%3A_Introduction_to_Reactions_of_Metal_Complexes,Inorganic,0.5733333333333334,0.5666666666666667,1532,7
12: Coordination Chemistry IV - Reactions and Mechanisms,12.2: Substitutions Reactions,https://chem.libretexts.org/Bookshelves/Inorganic_Chemistry/Inorganic_Chemistry_(LibreTexts)/12%3A_Coordination_Chemistry_IV_-_Reactions_and_Mechanisms/12.02%3A_Substitutions_Reactions,Inorganic,0.5733333333333334,0.5666666666666667,202,1
12: Coordination Chemistry IV - Reactions and Mechanisms,12.3: Kinetics Hint at the Reaction Mechanism,https://chem.libretexts.org/Bookshelves/Inorganic_Chemistry/Inorganic_Chemistry_(LibreTexts)/12%3A_Coordination_Chemistry_IV_-_Reactions_and_Mechanisms/12.03%3A_Kinetics_Hint_at_the_Reaction_Mechanism,Inorganic,0.5733333333333334,0.5666666666666667,247,1
12: Coordination Chemistry IV - Reactions and Mechanisms,12.4: Experimental Evidence in Octahedral Substitutions,https://chem.libretexts.org/Bookshelves/Inorganic_Chemistry/Inorganic_Chemistry_(LibreTexts)/12%3A_Coordination_Chemistry_IV_-_Reactions_and_Mechanisms/12.04%3A_Experimental_Evidence_in_Octahedral_Substitutions,Inorganic,0.5733333333333334,0.5666666666666667,167,1
12: Coordination Chemistry IV - Reactions and Mechanisms,12.5: Stereochemistry of Octahedral Reactions,https://chem.libretexts.org/Bookshelves/Inorganic_Chemistry/Inorganic_Chemistry_(LibreTexts)/12%3A_Coordination_Chemistry_IV_-_Reactions_and_Mechanisms/12.05%3A_Stereochemistry_of_Octahedral_Reactions,Inorganic,0.5733333333333334,0.5666666666666667,569,2
12: Coordination Chemistry IV - Reactions and Mechanisms,12.6: Substitutions in Square Planar Complexes,https://chem.libretexts.org/Bookshelves/Inorganic_Chemistry/Inorganic_Chemistry_(LibreTexts)/12%3A_Coordination_Chemistry_IV_-_Reactions_and_Mechanisms/12.06%3A_Substitutions_in_Square_Planar_Complexes,Inorganic,0.5733333333333334,0.5666666666666667,265,2
12: Coordination Chemistry IV - Reactions and Mechanisms,12.7: The Trans Effect,https://chem.libretexts.org/Bookshelves/Inorganic_Chemistry/Inorganic_Chemistry_(LibreTexts)/12%3A_Coordination_Chemistry_IV_-_Reactions_and_Mechanisms/12.07%3A_The_Trans_Effect,Inorganic,0.5733333333333334,0.5666666666666667,1651,19
12: Coordination Chemistry IV - Reactions and Mechanisms,12.8: Redox Mechanisms,https://chem.libretexts.org/Bookshelves/Inorganic_Chemistry/Inorganic_Chemistry_(LibreTexts)/12%3A_Coordination_Chemistry_IV_-_Reactions_and_Mechanisms/12.08%3A_Redox_Mechanisms,Inorganic,0.5733333333333334,0.5666666666666667,344,1
12: Coordination Chemistry IV - Reactions and Mechanisms,12.9: Reactions of Coordinated Ligands,https://chem.libretexts.org/Bookshelves/Inorganic_Chemistry/Inorganic_Chemistry_(LibreTexts)/12%3A_Coordination_Chemistry_IV_-_Reactions_and_Mechanisms/12.09%3A_Reactions_of_Coordinated_Ligands,Inorganic,0.5733333333333334,0.5666666666666667,256,1
13: Organometallic Chemistry,13.1: Introduction to Organometallic Chemistry,https://chem.libretexts.org/Bookshelves/Inorganic_Chemistry/Inorganic_Chemistry_(LibreTexts)/13%3A_Organometallic_Chemistry/13.01%3A_Introduction_to_Organometallic_Chemistry,Inorganic,0.5733333333333334,0.5666666666666667,2915,11
13: Organometallic Chemistry,"13.2: Nomenclature, Ligands, and Classification",https://chem.libretexts.org/Bookshelves/Inorganic_Chemistry/Inorganic_Chemistry_(LibreTexts)/13%3A_Organometallic_Chemistry/13.02%3A_Nomenclature_Ligands_and_Classification,Inorganic,0.5733333333333334,0.5666666666666667,481,17
13: Organometallic Chemistry,13.3: Electron Counting in Organometallic Complexes,https://chem.libretexts.org/Bookshelves/Inorganic_Chemistry/Inorganic_Chemistry_(LibreTexts)/13%3A_Organometallic_Chemistry/13.03%3A_Electron_Counting_in_Organometallic_Complexes,Inorganic,0.5733333333333334,0.5666666666666667,235,1
13: Organometallic Chemistry,13.4: Survey of Organometallic Ligands,https://chem.libretexts.org/Bookshelves/Inorganic_Chemistry/Inorganic_Chemistry_(LibreTexts)/13%3A_Organometallic_Chemistry/13.04%3A_Survey_of_Organometallic_Ligands,Inorganic,0.5733333333333334,0.5666666666666667,327,1
13: Organometallic Chemistry,13.5: Bonding between Metal Atoms and Organic Pi Systems,https://chem.libretexts.org/Bookshelves/Inorganic_Chemistry/Inorganic_Chemistry_(LibreTexts)/13%3A_Organometallic_Chemistry/13.05%3A_Bonding_between_Metal_Atoms_and_Organic_Pi_Systems,Inorganic,0.5733333333333334,0.5666666666666667,299,2
13: Organometallic Chemistry,13.6: Metal-Carbon Bonds,https://chem.libretexts.org/Bookshelves/Inorganic_Chemistry/Inorganic_Chemistry_(LibreTexts)/13%3A_Organometallic_Chemistry/13.06%3A_Metal-Carbon_Bonds,Inorganic,0.5733333333333334,0.5666666666666667,276,1
13: Organometallic Chemistry,13.7: Characterization of Organometallic Complexes,https://chem.libretexts.org/Bookshelves/Inorganic_Chemistry/Inorganic_Chemistry_(LibreTexts)/13%3A_Organometallic_Chemistry/13.07%3A_Characterization_of_Organometallic_Complexes,Inorganic,0.5733333333333334,0.5666666666666667,1211,2
14: Organometallic Reactions and Catalysis,14.1: Reactions Involving Gain or Loss of Ligands,https://chem.libretexts.org/Bookshelves/Inorganic_Chemistry/Inorganic_Chemistry_(LibreTexts)/14%3A_Organometallic_Reactions_and_Catalysis/14.01%3A_Reactions_Involving_Gain_or_Loss_of_Ligands,Inorganic,0.5733333333333334,0.5666666666666667,312,1
14: Organometallic Reactions and Catalysis,14.2: Reactions Invloving Modification of Unsaturated Ligands,https://chem.libretexts.org/Bookshelves/Inorganic_Chemistry/Inorganic_Chemistry_(LibreTexts)/14%3A_Organometallic_Reactions_and_Catalysis/14.02%3A_Reactions_Invloving_Modification_of_Unsaturated_Ligands,Inorganic,0.5733333333333334,0.5666666666666667,329,1
14: Organometallic Reactions and Catalysis,14.3: Organometallic Catalysts,https://chem.libretexts.org/Bookshelves/Inorganic_Chemistry/Inorganic_Chemistry_(LibreTexts)/14%3A_Organometallic_Reactions_and_Catalysis/14.03%3A_Organometallic_Catalysts,Inorganic,0.5733333333333334,0.5666666666666667,198,1
14: Organometallic Reactions and Catalysis,14.4: Heterogeneous Catalysts,https://chem.libretexts.org/Bookshelves/Inorganic_Chemistry/Inorganic_Chemistry_(LibreTexts)/14%3A_Organometallic_Reactions_and_Catalysis/14.04%3A_Heterogeneous_Catalysts,Inorganic,0.5733333333333334,0.5666666666666667,493,2
15: Parallels between Main Group and Organometallic Chemistry,15.1: Parallels between Main Group and Binary Carbonyl Complexes,https://chem.libretexts.org/Bookshelves/Inorganic_Chemistry/Inorganic_Chemistry_(LibreTexts)/15%3A_Parallels_between_Main_Group_and_Organometallic_Chemistry/15.01%3A_Parallels_between_Main_Group_and_Binary_Carbonyl_Complexes,Inorganic,0.5733333333333334,0.5666666666666667,204,3
15: Parallels between Main Group and Organometallic Chemistry,15.2: The Isolobal Analogy,https://chem.libretexts.org/Bookshelves/Inorganic_Chemistry/Inorganic_Chemistry_(LibreTexts)/15%3A_Parallels_between_Main_Group_and_Organometallic_Chemistry/15.02%3A_The_Isolobal_Analogy,Inorganic,0.5733333333333334,0.5666666666666667,3310,15
15: Parallels between Main Group and Organometallic Chemistry,15.3: Metal-Metal Bonds,https://chem.libretexts.org/Bookshelves/Inorganic_Chemistry/Inorganic_Chemistry_(LibreTexts)/15%3A_Parallels_between_Main_Group_and_Organometallic_Chemistry/15.03%3A_Metal-Metal_Bonds,Inorganic,0.5733333333333334,0.5666666666666667,953,5
15: Parallels between Main Group and Organometallic Chemistry,15.4: Cluster Compounds,https://chem.libretexts.org/Bookshelves/Inorganic_Chemistry/Inorganic_Chemistry_(LibreTexts)/15%3A_Parallels_between_Main_Group_and_Organometallic_Chemistry/15.04%3A_Cluster_Compounds,Inorganic,0.5733333333333334,0.5666666666666667,136,3
